book_title,ban_date,avg_search_before,avg_search_after,max_search_before,max_search_after,min_search_before,min_search_after,percent_change,absolute_change,volatility,data_collected,collection_successful,state,error
Outlander (Outlander Series),2022-04-01,44.37,53.9,100.0,100.0,25.0,28.0,21.49,9.53,15.52,2026-02-05 21:47:04,True,Florida,
Gender Queer: A Memoir,2022-04-01,1.96,1.11,100.0,100.0,0.0,0.0,-43.18,-0.84,11.87,2026-02-05 21:47:09,True,Florida,
The Family Fletcher Takes Rock Island (Family Fletcher Series),2022-04-01,0.0,2.02,0.0,100.0,0.0,0.0,inf,2.02,13.48,2026-02-05 21:47:14,True,Florida,
Thirteen Reasons Why,2022-04-01,17.48,23.18,100.0,100.0,0.0,0.0,32.61,5.7,32.69,2026-02-05 21:47:19,True,Florida,
Looking for Alaska,2022-04-01,58.74,64.43,100.0,100.0,0.0,30.0,9.68,5.69,15.12,2026-02-05 21:47:28,True,Texas,
Out of Darkness,2022-04-01,52.04,61.17,100.0,100.0,0.0,0.0,17.53,9.12,18.36,2026-02-05 21:47:33,True,North Carolina,
I Am Not Your Perfect Mexican Daughter,2022-04-01,6.61,15.03,100.0,100.0,0.0,0.0,127.39,8.42,20.28,2026-02-05 21:47:38,True,Mississippi,
Milk and Honey,2022-04-01,66.6,48.67,100.0,100.0,43.0,35.0,-26.93,-17.93,14.86,2026-02-05 21:47:43,True,Texas,
Life is Funny,2022-04-01,19.27,37.09,100.0,100.0,0.0,0.0,92.5,17.82,31.6,2026-02-05 21:47:48,True,North Carolina,
The Bluest Eye,2022-04-01,40.28,40.0,100.0,100.0,0.0,0.0,-0.69,-0.28,26.86,2026-02-05 21:47:57,True,Florida,
All Boys Aren't Blue,2022-04-01,11.34,3.6,100.0,100.0,0.0,0.0,-68.27,-7.74,21.31,2026-02-05 21:48:02,True,Florida,
The Absolutely True Diary of a Part-Time Indian,2022-04-01,11.03,24.08,100.0,100.0,0.0,0.0,118.23,13.04,30.23,2026-02-05 21:48:07,True,Florida,
Home at Last,2022-04-01,51.29,76.51,100.0,100.0,33.0,53.0,49.18,25.22,17.06,2026-02-05 21:48:12,True,Florida,
The Kite Runner,2022-04-01,44.54,45.73,100.0,100.0,0.0,0.0,2.67,1.19,22.45,2026-02-05 21:48:17,True,Mississippi,
Piecing Me Together,2022-04-01,0.0,3.23,0.0,100.0,0.0,0.0,inf,3.23,17.42,2026-02-05 21:48:28,True,Mississippi,
Forbidden,2022-04-01,27.38,30.08,100.0,100.0,8.0,21.0,9.86,2.7,16.35,2026-02-05 21:48:37,True,Texas,
This Day in June,2022-04-01,1.92,26.02,100.0,100.0,0.0,0.0,1253.76,24.1,25.82,2026-02-05 21:48:47,True,Florida,
Forever...,2022-04-01,1.11,1.11,100.0,100.0,0.0,0.0,0.0,0.0,10.48,2026-02-05 21:48:52,True,Florida,
Everywhere Babies,2022-04-01,0.0,2.26,0.0,100.0,0.0,0.0,inf,2.26,11.65,2026-02-05 21:48:57,True,Florida,
The Hate U Give,2022-04-01,20.86,46.13,100.0,100.0,11.0,15.0,121.2,25.28,20.37,2026-02-05 21:49:01,True,Florida,
Full Disclosure,2022-04-01,43.49,33.53,100.0,100.0,0.0,0.0,-22.89,-9.96,34.12,2026-02-05 21:49:11,True,Texas,
Beloved,2022-04-01,68.8,78.64,100.0,100.0,50.0,60.0,14.31,9.84,11.86,2026-02-05 21:49:36,True,Mississippi,
Blue Is the Warmest Color,2022-04-01,34.59,47.06,100.0,100.0,0.0,0.0,36.04,12.47,18.32,2026-02-05 21:49:46,True,Texas,
The Benefits of Being an Octopus,2022-04-01,1.88,0.0,100.0,0.0,0.0,0.0,-100.0,-1.88,12.67,2026-02-05 21:49:56,True,Mississippi,
No One Knows About You,2022-04-01,5.8,12.43,100.0,100.0,0.0,0.0,114.37,6.63,24.49,2026-02-05 21:50:00,True,Texas,
Nineteen Minutes,2022-04-01,1.11,1.11,100.0,100.0,0.0,0.0,0.0,0.0,10.48,2026-02-05 21:50:05,True,Florida,
Me and Earl and the Dying Girl,2022-04-01,12.32,10.76,100.0,100.0,0.0,0.0,-12.71,-1.57,25.77,2026-02-05 21:50:10,True,Florida,
Dreaming in Cuban,2022-04-01,1.11,2.13,100.0,100.0,0.0,0.0,92.0,1.02,12.47,2026-02-05 21:50:20,True,Florida,
Tricks (Tricks Series),2022-04-01,4.54,1.11,100.0,100.0,0.0,0.0,-75.55,-3.43,15.41,2026-02-05 21:50:35,True,Florida,
"Trans+: Love, Sex, Romance, and Being You",2022-04-01,55.44,82.27,100.0,100.0,43.0,71.0,48.38,26.82,15.37,2026-02-05 21:50:40,True,Florida,
The Family Book,2022-04-01,72.34,64.81,100.0,100.0,48.0,35.0,-10.41,-7.53,14.66,2026-02-05 21:50:45,True,Florida,
I am Jazz,2022-04-01,21.34,61.38,100.0,100.0,0.0,0.0,187.56,40.03,27.98,2026-02-05 21:50:49,True,Florida,
Fun Home: A Family Tragicomic,2022-04-01,0.0,1.11,0.0,100.0,0.0,0.0,inf,1.11,10.48,2026-02-05 21:51:04,True,Michigan,
Extremely Loud & Incredibly Close,2022-04-01,1.11,0.0,100.0,0.0,0.0,0.0,-100.0,-1.11,10.48,2026-02-05 21:51:09,True,Florida,
This Book Is Gay,2022-04-01,1.11,1.11,100.0,100.0,0.0,0.0,0.0,0.0,10.48,2026-02-05 21:51:33,True,Texas,
The Haters,2022-04-01,46.61,37.18,100.0,100.0,0.0,0.0,-20.24,-9.43,20.82,2026-02-05 21:51:38,True,Michigan,
Flamer,2022-04-01,22.38,26.46,100.0,100.0,0.0,0.0,18.22,4.08,32.43,2026-02-05 21:51:52,True,Florida,
A Peacock Among Pigeons,2022-04-01,1.11,0.0,100.0,0.0,0.0,0.0,-100.0,-1.11,10.48,2026-02-05 21:51:57,True,Florida,
Fifty Shades of Grey (Fifty Shades Series),2022-04-01,3.51,2.11,100.0,100.0,0.0,0.0,-39.87,-1.4,15.33,2026-02-05 21:52:02,True,Florida,
A Day in the Life of Marlon Bundo,2022-04-01,1.11,0.0,100.0,0.0,0.0,0.0,-100.0,-1.11,10.48,2026-02-05 21:52:07,True,Florida,
The Purim Superhero,2022-04-01,0.0,1.11,0.0,100.0,0.0,0.0,inf,1.11,10.48,2026-02-05 21:52:12,True,Florida,
Beautiful Bastard (Beautiful Bastard Series),2022-04-01,1.11,0.0,100.0,0.0,0.0,0.0,-100.0,-1.11,10.48,2026-02-05 21:52:17,True,Florida,
All American Boys,2022-04-01,28.81,43.32,100.0,100.0,0.0,0.0,50.37,14.51,29.27,2026-02-05 21:52:22,True,Mississippi,
Fates and Furies,2022-04-01,1.94,2.22,100.0,100.0,0.0,0.0,14.29,0.28,13.91,2026-02-05 21:52:27,True,Florida,
Drama: A Graphic Novel,2022-04-01,1.7,0.0,100.0,0.0,0.0,0.0,-100.0,-1.7,11.81,2026-02-05 21:52:37,True,Florida,
The God of Small Things,2022-04-01,4.9,9.01,100.0,100.0,0.0,0.0,83.9,4.11,21.58,2026-02-05 21:52:42,True,Florida,
The Handmaid's Tale,2022-04-01,62.74,21.66,100.0,100.0,42.0,12.0,-65.49,-41.09,23.52,2026-02-05 21:52:47,True,Michigan,
The Parker Inheritance,2022-04-01,0.0,1.11,0.0,100.0,0.0,0.0,inf,1.11,10.48,2026-02-05 21:52:52,True,North Carolina,
Caraval (Caraval Series),2022-04-01,2.9,0.0,100.0,0.0,0.0,0.0,-100.0,-2.9,15.72,2026-02-05 21:53:11,True,Texas,
A Court of Mist and Fury (A Court of Thorns and Roses Series),2022-04-01,1.11,1.11,100.0,100.0,0.0,0.0,0.0,0.0,10.48,2026-02-05 21:53:21,True,Florida,
Eleanor & Park,2022-04-01,0.0,1.11,0.0,100.0,0.0,0.0,inf,1.11,10.48,2026-02-05 21:53:26,True,Mississippi,
The Handmaid's Tale: The Graphic Novel,2022-04-01,1.11,0.0,100.0,0.0,0.0,0.0,-100.0,-1.11,10.48,2026-02-05 21:53:40,True,Oregon,
"Mommy, Mama, and Me",2022-04-01,1.11,0.0,100.0,0.0,0.0,0.0,-100.0,-1.11,10.48,2026-02-05 21:53:50,True,Florida,
"It's Perfectly Normal: Changing Bodies, Growing Up, Sex, and Sexual Health",2022-04-01,1.11,0.0,100.0,0.0,0.0,0.0,-100.0,-1.11,10.48,2026-02-05 21:53:59,True,Florida,
How Beautiful We Were,2022-04-01,2.63,11.64,100.0,100.0,0.0,0.0,342.19,9.01,22.41,2026-02-05 21:54:07,True,South Dakota,
And Tango Makes Three,2022-04-01,1.11,0.0,100.0,0.0,0.0,0.0,-100.0,-1.11,10.48,2026-02-05 21:54:11,True,Florida,
"Sex Plus: Learning, Loving, and Enjoying Your Body",2022-04-01,0.0,1.11,0.0,100.0,0.0,0.0,inf,1.11,10.48,2026-02-05 21:54:35,True,Florida,
Two Boys Kissing,2022-04-01,0.0,1.11,0.0,100.0,0.0,0.0,inf,1.11,10.48,2026-02-05 21:54:44,True,Florida,
Speak,2022-04-01,66.64,82.69,100.0,100.0,53.0,71.0,24.07,16.04,10.46,2026-02-05 21:54:50,True,Mississippi,
The Perks of Being a Wallflower,2022-04-01,61.51,45.2,100.0,100.0,33.0,27.0,-26.52,-16.31,15.01,2026-02-05 21:55:10,True,South Dakota,
Dead Until Dark (Sookie Stackhouse Series),2022-04-01,0.0,2.08,0.0,100.0,0.0,0.0,inf,2.08,13.82,2026-02-05 21:55:14,True,Florida,
The Circle (The Circle Series),2022-04-01,3.87,14.88,100.0,100.0,0.0,0.0,284.77,11.01,25.13,2026-02-05 21:55:24,True,South Dakota,
More Happy Than Not,2022-04-01,16.12,24.67,100.0,100.0,0.0,0.0,53.0,8.54,30.96,2026-02-05 21:55:39,True,Florida,
Blended,2022-04-01,56.41,60.5,100.0,100.0,40.0,50.0,7.25,4.09,9.04,2026-02-05 21:55:44,True,Texas,
Let Me Hear a Rhyme,2022-04-01,0.0,1.11,0.0,100.0,0.0,0.0,inf,1.11,10.48,2026-02-05 21:55:54,True,Mississippi,
The Vincent Boys (The Vincent Boys Series),2022-04-01,1.88,0.0,100.0,0.0,0.0,0.0,-100.0,-1.88,12.67,2026-02-05 21:56:47,True,Florida,
Daddy's Roommate,2022-04-01,0.0,2.12,0.0,100.0,0.0,0.0,inf,2.12,14.09,2026-02-05 21:56:52,True,Florida,
The Scottsboro Boys,2022-04-01,9.91,9.52,100.0,100.0,0.0,0.0,-3.92,-0.39,25.16,2026-02-05 21:57:04,True,Iowa,
This One Summer,2022-04-01,33.52,50.53,100.0,100.0,0.0,0.0,50.75,17.01,26.87,2026-02-05 21:57:20,True,Florida,
"Girl, Woman, Other",2022-04-01,0.0,1.11,0.0,100.0,0.0,0.0,inf,1.11,10.48,2026-02-05 21:57:30,True,South Dakota,
Normal People,2022-04-01,68.64,62.73,100.0,100.0,49.0,44.0,-8.61,-5.91,9.58,2026-02-05 21:57:36,True,Florida,
Uglies (Uglies Series),2022-04-01,2.13,1.11,100.0,100.0,0.0,0.0,-47.92,-1.02,12.47,2026-02-05 21:57:41,True,Mississippi,
American Born Chinese,2022-04-01,11.62,34.32,100.0,100.0,0.0,0.0,195.32,22.7,26.99,2026-02-05 21:57:46,True,Mississippi,
Triangles,2022-04-01,57.49,55.91,100.0,100.0,22.0,23.0,-2.74,-1.58,21.64,2026-02-05 21:57:51,True,Texas,
Discovering Wes Moore,2022-04-01,0.0,1.11,0.0,100.0,0.0,0.0,inf,1.11,10.48,2026-02-05 21:58:06,True,Mississippi,
Dear Martin,2022-04-01,21.37,32.88,100.0,100.0,0.0,0.0,53.87,11.51,24.88,2026-02-05 21:58:11,True,Mississippi,
What Girls Are Made Of,2022-04-01,7.4,15.0,100.0,100.0,0.0,0.0,102.7,7.6,22.05,2026-02-05 21:58:17,True,Texas,
Monday's Not Coming,2022-04-01,2.01,4.56,100.0,100.0,0.0,0.0,126.52,2.54,16.45,2026-02-05 21:58:22,True,Mississippi,
Almost Perfect,2022-04-01,25.24,32.3,100.0,100.0,0.0,0.0,27.95,7.06,28.45,2026-02-05 21:58:27,True,Florida,
Melissa (George),2022-04-01,13.34,25.53,100.0,100.0,0.0,0.0,91.34,12.19,21.96,2026-02-05 21:58:32,True,Florida,
Worm Loves Worm,2022-04-01,1.11,1.11,100.0,100.0,0.0,0.0,0.0,0.0,10.48,2026-02-05 21:58:42,True,Florida,
The Gender Quest Workbook: A Guide for Teens and Young Adults Exploring Gender Identity,2022-04-01,1.11,0.0,100.0,0.0,0.0,0.0,-100.0,-1.11,10.48,2026-02-05 21:58:48,True,Florida,
We March,2021-08-01,27.6,25.74,100.0,100.0,0.0,0.0,-6.72,-1.86,36.07,2026-02-05 21:58:58,True,Pennsylvania,
Morris Micklewhite and the Tangerine Dress,2021-08-01,1.11,0.0,100.0,0.0,0.0,0.0,-100.0,-1.11,10.48,2026-02-05 21:59:03,True,Pennsylvania,
Lola Levine Is Not Mean! (Lola Levine Series),2021-08-01,0.0,1.11,0.0,100.0,0.0,0.0,inf,1.11,10.48,2026-02-05 21:59:28,True,Pennsylvania,
Who Was Lucille Ball? (Who was...? Series),2021-08-01,1.11,1.11,100.0,100.0,0.0,0.0,0.0,0.0,10.48,2026-02-05 21:59:33,True,Pennsylvania,
Each Kindness,2021-08-01,1.11,0.0,100.0,0.0,0.0,0.0,-100.0,-1.11,10.48,2026-02-05 21:59:44,True,Pennsylvania,
This Is My America,2021-08-01,12.11,4.09,100.0,100.0,0.0,0.0,-66.24,-8.02,23.98,2026-02-05 21:59:54,True,Pennsylvania,
How to Be an Antiracist,2021-08-01,5.03,3.21,100.0,100.0,0.0,0.0,-36.2,-1.82,17.63,2026-02-05 22:00:04,True,Pennsylvania,
Always my Dad,2021-08-01,3.23,1.11,100.0,100.0,0.0,0.0,-65.64,-2.12,12.6,2026-02-05 22:00:10,True,Pennsylvania,
"47,000 Beads",2021-08-01,1.11,0.0,100.0,0.0,0.0,0.0,-100.0,-1.11,10.48,2026-02-05 22:00:14,True,Pennsylvania,
25 Women Who Ruled,2021-08-01,0.0,1.11,0.0,100.0,0.0,0.0,inf,1.11,10.48,2026-02-05 22:00:19,True,Pennsylvania,
One Green Apple,2021-08-01,3.14,2.22,100.0,100.0,0.0,0.0,-29.33,-0.92,15.91,2026-02-05 22:00:35,True,Pennsylvania,
"Mission Star-Power (Jaden Toussaint, the Greatest Series)",2021-08-01,1.11,0.0,100.0,0.0,0.0,0.0,-100.0,-1.11,10.48,2026-02-05 22:00:40,True,Pennsylvania,
All the World,2021-08-01,74.41,79.96,100.0,100.0,59.0,61.0,7.45,5.54,10.5,2026-02-05 22:00:46,True,Pennsylvania,
Hey Black Child,2021-08-01,2.01,0.0,100.0,0.0,0.0,0.0,-100.0,-2.01,13.42,2026-02-05 22:00:51,True,Pennsylvania,
Because,2021-08-01,58.96,71.56,100.0,100.0,44.0,46.0,21.37,12.6,16.97,2026-02-05 22:01:07,True,Pennsylvania,
"Jasmine Toguchi, Drummer Girl (Jasmine Toguchi Series)",2021-08-01,1.11,0.0,100.0,0.0,0.0,0.0,-100.0,-1.11,10.48,2026-02-05 22:01:12,True,Pennsylvania,
Team BFF: Race to the Finish! (Girls Who Code Series),2021-08-01,1.11,0.0,100.0,0.0,0.0,0.0,-100.0,-1.11,10.48,2026-02-05 22:01:17,True,Pennsylvania,
Hands Up!,2021-08-01,75.17,84.04,100.0,100.0,58.0,66.0,11.81,8.88,8.76,2026-02-05 22:01:23,True,Pennsylvania,
The Power of One: Every Act of Kindness Counts,2021-08-01,0.0,1.11,0.0,100.0,0.0,0.0,inf,1.11,10.48,2026-02-05 22:01:28,True,Pennsylvania,
Yasmin the Friend (Yasmin Series),2021-08-01,1.91,0.0,100.0,0.0,0.0,0.0,-100.0,-1.91,12.85,2026-02-05 22:01:33,True,Pennsylvania,
Pride: The Story of Harvey Milk and the Rainbow Flag,2021-08-01,0.0,1.99,0.0,100.0,0.0,0.0,inf,1.99,13.29,2026-02-05 22:01:43,True,Pennsylvania,
Ghost Boys,2021-08-01,19.84,18.97,100.0,100.0,0.0,0.0,-4.42,-0.88,28.88,2026-02-05 22:01:58,True,Pennsylvania,
As Fast as Words Could Fly,2021-08-01,1.11,0.0,100.0,0.0,0.0,0.0,-100.0,-1.11,10.48,2026-02-05 22:02:04,True,Pennsylvania,
Michelle,2021-08-01,56.41,55.11,100.0,100.0,47.0,47.0,-2.3,-1.3,7.81,2026-02-05 22:02:25,True,Pennsylvania,
Planet Omar: Unexpected Super Spy (Planet Omar Series),2021-08-01,1.11,0.0,100.0,0.0,0.0,0.0,-100.0,-1.11,10.48,2026-02-05 22:02:35,True,Pennsylvania,
Saturday,2021-08-01,24.2,36.7,100.0,100.0,11.0,16.0,51.65,12.5,20.74,2026-02-05 22:02:51,True,Pennsylvania,
Culturally Sustaining Pedagogies: Teaching and Learning for Justice in a Changing World,2021-08-01,0.0,1.11,0.0,100.0,0.0,0.0,inf,1.11,10.48,2026-02-05 22:02:56,True,Pennsylvania,
Rainbow Revolutionaries: Fifty LGBTQ+ People Who Made History,2021-08-01,2.97,3.72,100.0,100.0,0.0,0.0,25.47,0.76,16.73,2026-02-05 22:03:09,True,Pennsylvania,
Another,2021-08-01,79.97,81.27,100.0,100.0,64.0,63.0,1.63,1.3,9.52,2026-02-05 22:03:19,True,Pennsylvania,
"Ghosts Don't Ride Bikes, Do They? (Desmond Cole Ghost Patrol Series)",2021-08-01,0.0,1.11,0.0,100.0,0.0,0.0,inf,1.11,10.48,2026-02-05 22:03:24,True,Pennsylvania,
The Sleepwalking Snowman (Desmond Cole Ghost Patrol Series),2021-08-01,0.0,1.11,0.0,100.0,0.0,0.0,inf,1.11,10.48,2026-02-05 22:03:40,True,Pennsylvania,
Peanut Goes for the Gold,2021-08-01,0.0,1.11,0.0,100.0,0.0,0.0,inf,1.11,10.48,2026-02-05 22:03:55,True,Pennsylvania,
A is for Activist,2021-08-01,6.28,3.01,100.0,100.0,0.0,0.0,-52.04,-3.27,19.29,2026-02-05 22:04:05,True,Pennsylvania,
"Jasmine Toguchi, Mochi Queen (Jasmine Toguchi Series)",2021-08-01,0.0,1.11,0.0,100.0,0.0,0.0,inf,1.11,10.48,2026-02-05 22:04:11,True,Pennsylvania,
Max and the Tag-Along Moon,2021-08-01,0.0,1.11,0.0,100.0,0.0,0.0,inf,1.11,10.48,2026-02-05 22:04:21,True,Pennsylvania,
Ramadan Around The World,2021-08-01,0.0,1.11,0.0,100.0,0.0,0.0,inf,1.11,10.48,2026-02-05 22:04:36,True,Pennsylvania,
Ghouls Just Want to Have Fun (Desmond Cole Ghost Patrol Series),2021-08-01,1.11,0.0,100.0,0.0,0.0,0.0,-100.0,-1.11,10.48,2026-02-05 22:04:46,True,Pennsylvania,
"Trivia Queen, 3rd Grade Supreme (Ruby and the Booker Boys Series)",2021-08-01,2.16,2.2,100.0,100.0,0.0,0.0,2.06,0.04,14.45,2026-02-05 22:05:06,True,Pennsylvania,
Trombone Shorty,2021-08-01,7.33,11.23,100.0,100.0,0.0,0.0,53.18,3.9,20.77,2026-02-05 22:05:24,True,Pennsylvania,
Chasing Space Young Readers' Edition,2021-08-01,0.0,1.11,0.0,100.0,0.0,0.0,inf,1.11,10.48,2026-02-05 22:05:30,True,Pennsylvania,
African American Cowboys: True Heroes Of The Old West,2021-08-01,0.0,1.11,0.0,100.0,0.0,0.0,inf,1.11,10.48,2026-02-05 22:05:45,True,Pennsylvania,
The Story of Rap,2021-08-01,2.12,0.0,100.0,0.0,0.0,0.0,-100.0,-2.12,14.09,2026-02-05 22:06:05,True,Pennsylvania,
Yasmin the Librarian (Yasmin Series),2021-08-01,1.11,0.0,100.0,0.0,0.0,0.0,-100.0,-1.11,10.48,2026-02-05 22:06:11,True,Pennsylvania,
The Name Jar,2021-08-01,2.16,4.24,100.0,100.0,0.0,0.0,96.91,2.09,16.23,2026-02-05 22:06:22,True,Pennsylvania,
King & Kayla and the Case of the Mysterious Mouse (King & Kayla Series),2021-08-01,0.0,1.11,0.0,100.0,0.0,0.0,inf,1.11,10.48,2026-02-05 22:06:32,True,Pennsylvania,
Subtractive Schooling: U.S.-Mexican Youth and the Politics of Caring,2021-08-01,0.0,1.11,0.0,100.0,0.0,0.0,inf,1.11,10.48,2026-02-05 22:06:42,True,Pennsylvania,
¿De Dónde Eres?/Where Are You From?,2021-08-01,1.69,0.0,100.0,0.0,0.0,0.0,-100.0,-1.69,11.76,2026-02-05 22:06:47,True,Pennsylvania,
"The Quest for Screen Time (Jaden Toussaint, the Greatest Series)",2021-08-01,1.11,0.0,100.0,0.0,0.0,0.0,-100.0,-1.11,10.48,2026-02-05 22:06:52,True,Pennsylvania,
"Grandpa Cacao: A Tale of Chocolate, from Farm to Family",2021-08-01,0.0,1.11,0.0,100.0,0.0,0.0,inf,1.11,10.48,2026-02-05 22:07:08,True,Pennsylvania,
Encounter,2021-08-01,76.28,65.97,100.0,100.0,60.0,49.0,-13.52,-10.31,8.82,2026-02-05 22:07:13,True,Pennsylvania,
Esta bien ser diferente/It's Okay to Be Different (Spanish Version),2021-08-01,1.11,1.11,100.0,100.0,0.0,0.0,0.0,0.0,10.48,2026-02-05 22:07:18,True,Pennsylvania,
"Muffin Wars (Jaden Toussaint, the Greatest Series)",2021-08-01,0.0,2.09,0.0,100.0,0.0,0.0,inf,2.09,13.88,2026-02-05 22:07:23,True,Pennsylvania,
Come with Me,2021-08-01,85.21,73.81,100.0,100.0,65.0,59.0,-13.38,-11.4,9.65,2026-02-05 22:07:34,True,Pennsylvania,
The Sunday Outing,2021-08-01,0.0,1.11,0.0,100.0,0.0,0.0,inf,1.11,10.48,2026-02-05 22:07:44,True,Pennsylvania,
An Indigenous Peoples' History of the United States,2021-08-01,1.11,0.0,100.0,0.0,0.0,0.0,-100.0,-1.11,10.48,2026-02-05 22:07:54,True,Pennsylvania,
Who Was Cesar Chavez? (Who was...? Series),2021-08-01,0.0,1.11,0.0,100.0,0.0,0.0,inf,1.11,10.48,2026-02-05 22:07:59,True,Pennsylvania,
Lovely,2021-08-01,49.98,59.52,100.0,100.0,38.0,46.0,19.1,9.54,11.81,2026-02-05 22:08:15,True,Pennsylvania,
Catching the Moon: The Story of a Young Girl's Baseball Dream,2021-08-01,0.0,1.11,0.0,100.0,0.0,0.0,inf,1.11,10.48,2026-02-05 22:08:20,True,Pennsylvania,
"Transformative Ethnic Studies in Schools: Curriculum, Pedagogy, and Research",2021-08-01,1.11,0.0,100.0,0.0,0.0,0.0,-100.0,-1.11,10.48,2026-02-05 22:08:35,True,Pennsylvania,
"Sofia Valdez, Future Prez (Questioneers Picture Books Series)",2021-08-01,1.11,0.0,100.0,0.0,0.0,0.0,-100.0,-1.11,10.48,2026-02-05 22:08:46,True,Pennsylvania,
"Pele, King of Soccer/Pele, El rey del futbol: Bilingual Spanish-English",2021-08-01,1.11,0.0,100.0,0.0,0.0,0.0,-100.0,-1.11,10.48,2026-02-05 22:08:51,True,Pennsylvania,
Fry Bread: A Native American Family Story,2021-08-01,0.0,1.11,0.0,100.0,0.0,0.0,inf,1.11,10.48,2026-02-05 22:08:56,True,Pennsylvania,
IntersectionAllies: We Make Room for All,2021-08-01,0.0,1.11,0.0,100.0,0.0,0.0,inf,1.11,10.48,2026-02-05 22:09:01,True,Pennsylvania,
You Matter,2021-08-01,70.0,75.19,100.0,100.0,55.0,54.0,7.41,5.19,10.75,2026-02-05 22:09:06,True,Pennsylvania,
Say Something,2021-08-01,75.23,68.5,100.0,100.0,61.0,56.0,-8.95,-6.73,8.03,2026-02-05 22:09:12,True,Pennsylvania,
Stamped from the Beginning: The Definitive History of Racist Ideas in America,2021-08-01,0.0,1.11,0.0,100.0,0.0,0.0,inf,1.11,10.48,2026-02-05 22:09:17,True,Pennsylvania,
Who Are Venus and Serena Williams? (What was...? Series),2021-08-01,0.0,1.11,0.0,100.0,0.0,0.0,inf,1.11,10.48,2026-02-05 22:09:22,True,Pennsylvania,
Can We Talk about Race?: And Other Conversations in an Era of School Resegregation,2021-08-01,2.12,0.0,100.0,0.0,0.0,0.0,-100.0,-2.12,14.09,2026-02-05 22:09:27,True,Pennsylvania,
Niño Wrestles the World (Niño Series),2021-08-01,0.0,1.11,0.0,100.0,0.0,0.0,inf,1.11,10.48,2026-02-05 22:09:39,True,Pennsylvania,
Clap When You Land,2021-08-01,2.17,1.73,100.0,100.0,0.0,0.0,-20.0,-0.43,13.22,2026-02-05 22:09:44,True,Pennsylvania,
The Other Side,2021-08-01,76.81,78.99,100.0,100.0,60.0,59.0,2.84,2.18,8.17,2026-02-05 22:09:49,True,Pennsylvania,
Yasmin the Scientist (Yasmin Series),2021-08-01,1.11,0.0,100.0,0.0,0.0,0.0,-100.0,-1.11,10.48,2026-02-05 22:09:54,True,Pennsylvania,
Hair Love,2021-08-01,71.97,46.86,100.0,100.0,56.0,35.0,-34.89,-25.11,14.95,2026-02-05 22:10:10,True,Pennsylvania,
Planet Omar: Epic Hero Flop (Planet Omar Series),2021-08-01,0.0,1.11,0.0,100.0,0.0,0.0,inf,1.11,10.48,2026-02-05 22:10:15,True,Pennsylvania,
WeirDo Series: Even Weirder!,2021-08-01,0.0,2.01,0.0,100.0,0.0,0.0,inf,2.01,13.42,2026-02-05 22:10:20,True,Pennsylvania,
Condoleezza Rice: Being the Best (Gateway Biographies),2021-08-01,0.0,1.11,0.0,100.0,0.0,0.0,inf,1.11,10.48,2026-02-05 22:10:25,True,Pennsylvania,
Singing Superstar (Sofía Martínez Series),2021-08-01,1.11,0.0,100.0,0.0,0.0,0.0,-100.0,-1.11,10.48,2026-02-05 22:10:35,True,Pennsylvania,
Smoky Night,2021-08-01,0.0,1.11,0.0,100.0,0.0,0.0,inf,1.11,10.48,2026-02-05 22:10:40,True,Pennsylvania,
Fishing Day,2021-08-01,26.63,30.71,100.0,100.0,13.0,11.0,15.31,4.08,13.66,2026-02-05 22:10:45,True,Pennsylvania,
Who Was Frida Kahlo? (Who was...? Series),2021-08-01,0.0,2.0,0.0,100.0,0.0,0.0,inf,2.0,13.35,2026-02-05 22:10:49,True,Pennsylvania,
Julián Is a Mermaid (Julián Series),2021-08-01,1.11,0.0,100.0,0.0,0.0,0.0,-100.0,-1.11,10.48,2026-02-05 22:10:59,True,Pennsylvania,
"Can I Touch Your Hair? Poems of Race, Mistakes, and Friendship",2021-08-01,0.0,2.61,0.0,100.0,0.0,0.0,inf,2.61,14.34,2026-02-05 22:11:15,True,Pennsylvania,
I Am Rosa Parks,2021-08-01,0.0,2.91,0.0,100.0,0.0,0.0,inf,2.91,15.94,2026-02-05 22:11:38,True,Pennsylvania,
Your Name Is a Song,2021-08-01,1.11,1.82,100.0,100.0,0.0,0.0,64.0,0.71,11.48,2026-02-05 22:11:44,True,Pennsylvania,
All American Boys,2021-08-01,21.2,20.59,100.0,100.0,0.0,0.0,-2.88,-0.61,29.01,2026-02-05 22:11:49,True,Pennsylvania,
Patina (Track Series),2021-08-01,2.11,0.0,100.0,0.0,0.0,0.0,-100.0,-2.11,14.02,2026-02-05 22:11:54,True,Pennsylvania,
All Are Welcome,2021-08-01,15.6,27.14,100.0,100.0,0.0,0.0,74.0,11.54,31.18,2026-02-05 22:12:14,True,Pennsylvania,
Mixed Me!,2021-08-01,65.67,62.29,100.0,100.0,32.0,32.0,-5.14,-3.38,13.35,2026-02-05 22:12:29,True,Pennsylvania,
Escape from the Roller Ghoster (Desmond Cole Ghost Patrol Series),2021-08-01,0.0,1.11,0.0,100.0,0.0,0.0,inf,1.11,10.48,2026-02-05 22:12:49,True,Pennsylvania,
Refugee,2021-08-01,28.18,52.63,100.0,100.0,13.0,26.0,86.79,24.46,20.14,2026-02-05 22:12:55,True,Pennsylvania,
I Am Not Your Perfect Mexican Daughter,2021-08-01,1.92,2.32,100.0,100.0,0.0,0.0,20.81,0.4,13.01,2026-02-05 22:13:00,True,Pennsylvania,
I Am Human: A Book of Empathy (I Am... Series),2021-08-01,0.0,2.07,0.0,100.0,0.0,0.0,inf,2.07,13.75,2026-02-05 22:13:05,True,Pennsylvania,
Mae Among the Stars,2021-08-01,1.11,0.0,100.0,0.0,0.0,0.0,-100.0,-1.11,10.48,2026-02-05 22:13:15,True,Pennsylvania,
"¡Solo pregunta!: Sé Diferente, Sé Valiente, Sé Tú",2021-08-01,1.11,0.0,100.0,0.0,0.0,0.0,-100.0,-1.11,10.48,2026-02-05 22:13:20,True,Pennsylvania,
The Hate U Give,2021-08-01,35.26,49.14,100.0,100.0,17.0,21.0,39.39,13.89,15.3,2026-02-05 22:13:25,True,Pennsylvania,
Bilal Cooks Daal,2021-08-01,1.11,0.0,100.0,0.0,0.0,0.0,-100.0,-1.11,10.48,2026-02-05 22:13:30,True,Pennsylvania,
I Am Who I Am,2021-08-01,79.16,85.36,100.0,100.0,62.0,65.0,7.83,6.2,7.26,2026-02-05 22:13:35,True,Pennsylvania,
The Proudest Blue: A Story of Hijab and Family,2021-08-01,0.0,1.11,0.0,100.0,0.0,0.0,inf,1.11,10.48,2026-02-05 22:13:46,True,Pennsylvania,
Changing the Equation: 50+ US Black Women in STEM,2021-08-01,0.0,1.11,0.0,100.0,0.0,0.0,inf,1.11,10.48,2026-02-05 22:13:56,True,Pennsylvania,
Nikki & Deja (Nikki & Deja Series),2021-08-01,1.11,0.0,100.0,0.0,0.0,0.0,-100.0,-1.11,10.48,2026-02-05 22:14:36,True,Pennsylvania,
Indian No More,2021-08-01,0.0,1.98,0.0,100.0,0.0,0.0,inf,1.98,13.22,2026-02-05 22:14:41,True,Pennsylvania,
My Papi Has a Motorcycle,2021-08-01,1.11,0.0,100.0,0.0,0.0,0.0,-100.0,-1.11,10.48,2026-02-05 22:14:46,True,Pennsylvania,
The People Shall Continue,2021-08-01,0.0,1.11,0.0,100.0,0.0,0.0,inf,1.11,10.48,2026-02-05 22:14:51,True,Pennsylvania,
"Hey, Charleston!: The True Story of the Jenkins Orphanage Band",2021-08-01,0.0,2.14,0.0,100.0,0.0,0.0,inf,2.14,14.23,2026-02-05 22:15:02,True,Pennsylvania,
25 Women Who Fought Back,2021-08-01,0.0,1.11,0.0,100.0,0.0,0.0,inf,1.11,10.48,2026-02-05 22:15:07,True,Pennsylvania,
Yasmin the Teacher (Yasmin Series),2021-08-01,1.11,0.0,100.0,0.0,0.0,0.0,-100.0,-1.11,10.48,2026-02-05 22:15:22,True,Pennsylvania,
The Boy Who Didn't Believe in Spring,2021-08-01,0.0,1.11,0.0,100.0,0.0,0.0,inf,1.11,10.48,2026-02-05 22:15:27,True,Pennsylvania,
The Missing Mouse (Sofía Martínez Series),2021-08-01,1.94,0.0,100.0,0.0,0.0,0.0,-100.0,-1.94,13.03,2026-02-05 22:15:32,True,Pennsylvania,
Not Quite Snow White,2021-08-01,0.0,1.11,0.0,100.0,0.0,0.0,inf,1.11,10.48,2026-02-05 22:15:47,True,Pennsylvania,
Little Melba and Her Big Trombone,2021-08-01,1.11,0.0,100.0,0.0,0.0,0.0,-100.0,-1.11,10.48,2026-02-05 22:16:02,True,Pennsylvania,
"Squeak, Rumble, Whomp! Whomp! Whomp!: A Sonic Adventure",2021-08-01,0.0,1.11,0.0,100.0,0.0,0.0,inf,1.11,10.48,2026-02-05 22:16:08,True,Pennsylvania,
I Promise,2021-08-01,79.19,75.46,100.0,100.0,55.0,56.0,-4.71,-3.73,8.74,2026-02-05 22:16:13,True,Pennsylvania,
King & Kayla and the Case of the Secret Code (King & Kayla Series),2021-08-01,1.11,0.0,100.0,0.0,0.0,0.0,-100.0,-1.11,10.48,2026-02-05 22:16:18,True,Pennsylvania,
Cilla Lee-Jenkins: This Book Is a Classic (Cilla Lee-Jenkins Series),2021-08-01,1.11,0.0,100.0,0.0,0.0,0.0,-100.0,-1.11,10.48,2026-02-05 22:16:28,True,Pennsylvania,
Yasmin the Chef (Yasmin Series),2021-08-01,0.0,1.11,0.0,100.0,0.0,0.0,inf,1.11,10.48,2026-02-05 22:16:33,True,Pennsylvania,
Sulwe,2021-08-01,2.06,1.78,100.0,100.0,0.0,0.0,-13.51,-0.28,12.95,2026-02-05 22:16:53,True,Pennsylvania,
WeirDo Series: Messy Weird!,2021-08-01,0.0,1.11,0.0,100.0,0.0,0.0,inf,1.11,10.48,2026-02-05 22:16:58,True,Pennsylvania,
They Called Us Enemy,2021-08-01,1.11,0.0,100.0,0.0,0.0,0.0,-100.0,-1.11,10.48,2026-02-05 22:17:03,True,Pennsylvania,
WeirDo Series: Planet Weird,2021-08-01,0.0,1.98,0.0,100.0,0.0,0.0,inf,1.98,13.22,2026-02-05 22:17:13,True,Pennsylvania,
Teaching to Transgress: Education as the Practice of Freedom,2021-08-01,2.11,1.11,100.0,100.0,0.0,0.0,-47.37,-1.0,12.39,2026-02-05 22:17:18,True,Pennsylvania,
Melissa (George),2021-08-01,43.27,27.49,100.0,100.0,0.0,0.0,-36.47,-15.78,27.18,2026-02-05 22:17:33,True,Pennsylvania,
Before the Ever After,2021-08-01,2.83,1.11,100.0,100.0,0.0,0.0,-60.78,-1.72,13.23,2026-02-05 22:17:40,True,Pennsylvania,
Who Was Eleanor Roosevelt? (Who was...? Series),2021-08-01,0.0,1.11,0.0,100.0,0.0,0.0,inf,1.11,10.48,2026-02-05 22:17:48,True,Pennsylvania,
Separate Is Never Equal: Sylvia Mendez and Her Family’s Fight for Desegregation,2021-08-01,1.11,0.0,100.0,0.0,0.0,0.0,-100.0,-1.11,10.48,2026-02-05 22:17:52,True,Pennsylvania,
"""Multiplication Is for White People"": Raising Expectations for Other People's Children",2021-08-01,0.0,2.16,0.0,100.0,0.0,0.0,inf,2.16,14.31,2026-02-05 22:18:42,True,Pennsylvania,
Hot Day on Abbott Avenue,2021-08-01,1.11,0.0,100.0,0.0,0.0,0.0,-100.0,-1.11,10.48,2026-02-05 22:18:47,True,Pennsylvania,
Duke Ellington: The Piano Prince and His Orchestra,2021-08-01,0.0,1.11,0.0,100.0,0.0,0.0,inf,1.11,10.48,2026-02-05 22:18:52,True,Pennsylvania,
Shades of People,2021-08-01,2.14,1.11,100.0,100.0,0.0,0.0,-48.19,-1.03,12.51,2026-02-05 22:19:12,True,Pennsylvania,
WeirDo Series: Extra Weird!,2021-08-01,1.11,0.0,100.0,0.0,0.0,0.0,-100.0,-1.11,10.48,2026-02-05 22:19:22,True,Pennsylvania,
Parachutes,2021-08-01,48.86,50.6,100.0,100.0,0.0,0.0,3.57,1.74,27.53,2026-02-05 22:19:27,True,Pennsylvania,
Yasmin the Painter (Yasmin Series),2021-08-01,0.0,1.11,0.0,100.0,0.0,0.0,inf,1.11,10.48,2026-02-05 22:19:42,True,Pennsylvania,
Who Was Marie Curie? (Who was...? Series),2021-08-01,0.0,1.11,0.0,100.0,0.0,0.0,inf,1.11,10.48,2026-02-05 22:19:47,True,Pennsylvania,
Amal Unbound,2021-08-01,2.21,3.22,100.0,100.0,0.0,0.0,45.73,1.01,16.08,2026-02-05 22:20:02,True,Pennsylvania,
Our Favorite African Adrinkra Symbols: A Coloring Book,2021-08-01,2.14,0.0,100.0,0.0,0.0,0.0,-100.0,-2.14,14.23,2026-02-05 22:20:07,True,Pennsylvania,
So You Want to Talk About Race,2021-08-01,2.2,1.67,100.0,100.0,0.0,0.0,-24.24,-0.53,13.21,2026-02-05 22:20:12,True,Pennsylvania,
Beyond Theory: A Blueprint to Implement African-Centered Education,2021-08-01,1.11,0.0,100.0,0.0,0.0,0.0,-100.0,-1.11,10.48,2026-02-05 22:20:17,True,Pennsylvania,
Pedagogy of the Oppressed,2021-08-01,1.11,5.53,100.0,100.0,0.0,0.0,398.0,4.42,16.63,2026-02-05 22:20:27,True,Pennsylvania,
My Hair is a Garden,2021-08-01,1.11,0.0,100.0,0.0,0.0,0.0,-100.0,-1.11,10.48,2026-02-05 22:20:33,True,Pennsylvania,
I Am Enough,2021-08-01,32.91,68.44,100.0,100.0,18.0,38.0,107.97,35.53,20.66,2026-02-05 22:20:38,True,Pennsylvania,
Who Is Michelle Obama? (Who was...? Series),2021-08-01,0.0,1.11,0.0,100.0,0.0,0.0,inf,1.11,10.48,2026-02-05 22:20:48,True,Pennsylvania,
"Not Light, but Fire: How to Lead Meaningful Race Conversations in the Classroom",2021-08-01,1.11,0.0,100.0,0.0,0.0,0.0,-100.0,-1.11,10.48,2026-02-05 22:20:58,True,Pennsylvania,
On the Come Up,2021-08-01,60.96,68.3,100.0,100.0,39.0,37.0,12.05,7.34,15.74,2026-02-05 22:21:08,True,Pennsylvania,
For Black Girls Like Me,2021-08-01,0.0,2.14,0.0,100.0,0.0,0.0,inf,2.14,14.23,2026-02-05 22:21:21,True,Pennsylvania,
Lola at the Library (Lola Series),2021-08-01,0.0,1.11,0.0,100.0,0.0,0.0,inf,1.11,10.48,2026-02-05 22:21:31,True,Pennsylvania,
Front Desk (Front Desk Series),2021-08-01,1.11,0.0,100.0,0.0,0.0,0.0,-100.0,-1.11,10.48,2026-02-05 22:21:41,True,Pennsylvania,
I Love My Hair,2021-08-01,11.62,7.34,100.0,100.0,0.0,0.0,-36.81,-4.28,27.07,2026-02-05 22:21:46,True,Pennsylvania,
¡Vámonos! Let's Go!,2021-08-01,1.89,1.11,100.0,100.0,0.0,0.0,-41.18,-0.78,11.67,2026-02-05 22:21:51,True,Pennsylvania,
El color de la piel,2021-08-01,1.11,0.0,100.0,0.0,0.0,0.0,-100.0,-1.11,10.48,2026-02-05 22:21:56,True,Pennsylvania,
Early Sunday Morning,2021-08-01,1.11,1.11,100.0,100.0,0.0,0.0,0.0,0.0,10.48,2026-02-05 22:22:01,True,Pennsylvania,
Brown Girl Dreaming,2021-08-01,4.92,11.11,100.0,100.0,0.0,0.0,125.73,6.19,24.99,2026-02-05 22:22:06,True,Pennsylvania,
Last Stop on Market Street,2021-08-01,1.11,0.0,100.0,0.0,0.0,0.0,-100.0,-1.11,10.48,2026-02-05 22:22:11,True,Pennsylvania,
Imani's Moon,2021-08-01,1.11,0.0,100.0,0.0,0.0,0.0,-100.0,-1.11,10.48,2026-02-05 22:22:16,True,Pennsylvania,
Dreamers,2021-08-01,51.72,66.36,100.0,100.0,38.0,38.0,28.29,14.63,11.94,2026-02-05 22:22:21,True,Pennsylvania,
New Kid,2021-08-01,70.02,71.96,100.0,100.0,52.0,53.0,2.76,1.93,10.29,2026-02-05 22:22:32,True,Pennsylvania,
Ruby Flips For Attention (Ruby and the Booker Boys Series),2021-08-01,1.11,0.0,100.0,0.0,0.0,0.0,-100.0,-1.11,10.48,2026-02-05 22:22:44,True,Pennsylvania,
Why Are All the Black Kids Sitting Together in the Cafeteria?: And Other Conversations About Race,2021-08-01,1.11,1.11,100.0,100.0,0.0,0.0,0.0,0.0,10.48,2026-02-05 22:23:00,True,Pennsylvania,
Don't Touch My Hair!,2021-08-01,0.0,1.11,0.0,100.0,0.0,0.0,inf,1.11,10.48,2026-02-05 22:23:25,True,Pennsylvania,
Escuchando con mi Corazón: Un cuento de bondad y autocompasión (Listening to My Heart),2021-08-01,1.11,1.11,100.0,100.0,0.0,0.0,0.0,0.0,10.48,2026-02-05 22:23:31,True,Pennsylvania,
Enough! 20 Protesters Who Changed America,2021-08-01,1.98,0.0,100.0,0.0,0.0,0.0,-100.0,-1.98,13.22,2026-02-05 22:23:40,True,Pennsylvania,
"Culturally Responsive Teaching: Theory, Research, and Practice",2021-08-01,0.0,1.11,0.0,100.0,0.0,0.0,inf,1.11,10.48,2026-02-05 22:23:45,True,Pennsylvania,
Nelson Mandela,2021-08-01,32.67,67.79,100.0,100.0,16.0,31.0,107.52,35.12,21.97,2026-02-05 22:24:26,True,Pennsylvania,
Malala: My Story of Standing Up for Girls' Rights,2021-08-01,3.38,0.0,100.0,0.0,0.0,0.0,-100.0,-3.38,15.94,2026-02-05 22:24:31,True,Pennsylvania,
American Street,2021-08-01,75.11,81.23,100.0,100.0,50.0,58.0,8.15,6.12,10.86,2026-02-05 22:24:52,True,Pennsylvania,
Black Youth Rising: Activism and Radical Healing in Urban America,2021-08-01,0.0,1.11,0.0,100.0,0.0,0.0,inf,1.11,10.48,2026-02-05 22:24:57,True,Pennsylvania,
White Rage: The Unspoken Truth of Our Racial Divide,2021-08-01,0.0,1.11,0.0,100.0,0.0,0.0,inf,1.11,10.48,2026-02-05 22:25:12,True,Pennsylvania,
"Get Up, Stand Up",2021-08-01,1.11,0.0,100.0,0.0,0.0,0.0,-100.0,-1.11,10.48,2026-02-05 22:25:22,True,Pennsylvania,
WeirDo Series: Super Weird!,2021-08-01,0.0,1.11,0.0,100.0,0.0,0.0,inf,1.11,10.48,2026-02-05 22:25:27,True,Pennsylvania,
The Skin You Live In,2021-08-01,1.11,0.0,100.0,0.0,0.0,0.0,-100.0,-1.11,10.48,2026-02-05 22:25:32,True,Pennsylvania,
The Deaf Musicians,2021-08-01,1.11,0.0,100.0,0.0,0.0,0.0,-100.0,-1.11,10.48,2026-02-05 22:25:37,True,Pennsylvania,
Lola Goes to School (Lola Series),2021-08-01,1.11,0.0,100.0,0.0,0.0,0.0,-100.0,-1.11,10.48,2026-02-05 22:25:52,True,Pennsylvania,
We Are Grateful: Otsaliheliga,2021-08-01,0.0,1.11,0.0,100.0,0.0,0.0,inf,1.11,10.48,2026-02-05 22:25:57,True,Pennsylvania,
Faith Ringgold (Getting to Know the World's Greatest Artists),2021-08-01,1.11,0.0,100.0,0.0,0.0,0.0,-100.0,-1.11,10.48,2026-02-05 22:26:18,True,Pennsylvania,
My Friend Maya Loves to Dance,2021-08-01,1.11,0.0,100.0,0.0,0.0,0.0,-100.0,-1.11,10.48,2026-02-05 22:26:22,True,Pennsylvania,
Yasmin the Singer (Yasmin Series),2021-08-01,1.11,2.11,100.0,100.0,0.0,0.0,90.0,1.0,12.39,2026-02-05 22:26:28,True,Pennsylvania,
The Secret Recipe (Sofía Martínez Series),2021-08-01,1.11,0.0,100.0,0.0,0.0,0.0,-100.0,-1.11,10.48,2026-02-05 22:26:59,True,Pennsylvania,
Freedom in Congo Square,2021-08-01,0.0,1.11,0.0,100.0,0.0,0.0,inf,1.11,10.48,2026-02-05 22:27:04,True,Pennsylvania,
The Year of the Book (Anna Wang Series),2021-08-01,1.11,0.0,100.0,0.0,0.0,0.0,-100.0,-1.11,10.48,2026-02-05 22:27:44,True,Pennsylvania,
25 Women Who Thought of It First,2021-08-01,1.11,2.06,100.0,100.0,0.0,0.0,85.0,0.94,12.2,2026-02-05 22:27:54,True,Pennsylvania,
The Magical Yet,2021-08-01,2.1,0.0,100.0,0.0,0.0,0.0,-100.0,-2.1,13.95,2026-02-05 22:28:04,True,Pennsylvania,
"Jasmine Toguchi, Super Sleuth (Jasmine Toguchi Series)",2021-08-01,0.0,1.11,0.0,100.0,0.0,0.0,inf,1.11,10.48,2026-02-05 22:28:09,True,Pennsylvania,
"Thank You, Omu!",2021-08-01,0.0,2.17,0.0,100.0,0.0,0.0,inf,2.17,14.38,2026-02-05 22:28:19,True,Pennsylvania,
Our Class is a Family,2021-08-01,0.0,9.5,0.0,100.0,0.0,0.0,inf,9.5,24.53,2026-02-05 22:28:24,True,Pennsylvania,
WeirDo Series: Mega Weird!,2021-08-01,0.0,1.11,0.0,100.0,0.0,0.0,inf,1.11,10.48,2026-02-05 22:28:29,True,Pennsylvania,
The Case for Loving: The Fight for Interracial Marriage,2021-08-01,2.17,1.11,100.0,100.0,0.0,0.0,-48.72,-1.06,12.59,2026-02-05 22:28:34,True,Pennsylvania,
The Butterfly,2021-08-01,66.74,72.01,100.0,100.0,52.0,58.0,7.89,5.27,7.91,2026-02-05 22:28:40,True,Pennsylvania,
Bat and the End of Everything (A Boy Called Bat Series),2021-08-01,0.0,1.11,0.0,100.0,0.0,0.0,inf,1.11,10.48,2026-02-05 22:28:50,True,Pennsylvania,
We Want to Do More Than Survive: Abolitionist Teaching and the Pursuit of Educational Freedom,2021-08-01,1.11,0.0,100.0,0.0,0.0,0.0,-100.0,-1.11,10.48,2026-02-05 22:29:00,True,Pennsylvania,
Drawn Together,2021-08-01,45.97,21.08,100.0,100.0,0.0,0.0,-54.15,-24.89,22.54,2026-02-05 22:29:06,True,Pennsylvania,
Too Many Tamales,2021-08-01,0.0,1.11,0.0,100.0,0.0,0.0,inf,1.11,10.48,2026-02-05 22:29:11,True,Pennsylvania,
Marisol McDonald Doesn't Match (Marisol McDonald Series),2021-08-01,1.11,2.01,100.0,100.0,0.0,0.0,81.0,0.9,12.05,2026-02-05 22:29:21,True,Pennsylvania,
Wings,2021-08-01,76.06,66.97,100.0,100.0,61.0,51.0,-11.95,-9.09,13.2,2026-02-05 22:29:28,True,Pennsylvania,
Islandborn,2021-08-01,1.11,0.0,100.0,0.0,0.0,0.0,-100.0,-1.11,10.48,2026-02-05 22:29:38,True,Pennsylvania,
Beware the Werewolf (Desmond Cole Ghost Patrol Series),2021-08-01,1.11,0.0,100.0,0.0,0.0,0.0,-100.0,-1.11,10.48,2026-02-05 22:29:43,True,Pennsylvania,
What Is the Women's Rights Movement? (What was...? Series),2021-08-01,0.0,1.11,0.0,100.0,0.0,0.0,inf,1.11,10.48,2026-02-05 22:29:48,True,Pennsylvania,
The Day You Begin,2021-08-01,2.16,11.01,100.0,100.0,0.0,0.0,410.82,8.86,22.83,2026-02-05 22:29:53,True,Pennsylvania,
Harlem's Little Blackbird: The Story of Florence Mills,2021-08-01,1.11,0.0,100.0,0.0,0.0,0.0,-100.0,-1.11,10.48,2026-02-05 22:30:03,True,Pennsylvania,
I Am Every Good Thing,2021-08-01,1.11,0.0,100.0,0.0,0.0,0.0,-100.0,-1.11,10.48,2026-02-05 22:30:09,True,Pennsylvania,
Ven a Mi Casa,2021-08-01,1.11,0.0,100.0,0.0,0.0,0.0,-100.0,-1.11,10.48,2026-02-05 22:30:14,True,Pennsylvania,
Noah Chases the Wind,2021-08-01,0.0,1.96,0.0,100.0,0.0,0.0,inf,1.96,13.09,2026-02-05 22:30:59,True,Pennsylvania,
En Comunidad: Lessons for Centering the Voices and Experiences of Bilingual Latinx Students,2021-08-01,0.0,1.11,0.0,100.0,0.0,0.0,inf,1.11,10.48,2026-02-05 22:31:09,True,Pennsylvania,
The Colors of Us/Los colores de nuestra piel,2021-08-01,0.0,1.11,0.0,100.0,0.0,0.0,inf,1.11,10.48,2026-02-05 22:31:25,True,Pennsylvania,
Between the World and Me,2021-08-01,31.82,34.64,100.0,100.0,0.0,0.0,8.87,2.82,31.03,2026-02-05 22:31:39,True,Pennsylvania,
Hidden Figures: The True Story of Four Black Women and the Space Race,2021-08-01,1.11,0.0,100.0,0.0,0.0,0.0,-100.0,-1.11,10.48,2026-02-05 22:31:45,True,Pennsylvania,
Sonia Sotomayor: A Judge Grows in the Bronx/La juez que creció en el Bronx,2021-08-01,1.11,0.0,100.0,0.0,0.0,0.0,-100.0,-1.11,10.48,2026-02-05 22:31:50,True,Pennsylvania,
Starstruck: The Cosmic Journey of Neil Degrasse Tyson,2021-08-01,0.0,2.08,0.0,100.0,0.0,0.0,inf,2.08,13.82,2026-02-05 22:31:55,True,Pennsylvania,
Mindy Kim and the Yummy Seaweed Business (Mindy Kim Series),2021-08-01,2.01,0.0,100.0,0.0,0.0,0.0,-100.0,-2.01,13.42,2026-02-05 22:32:06,True,Pennsylvania,
The Vampire Ate My Homework (Desmond Cole Ghost Patrol Series),2021-08-01,1.11,0.0,100.0,0.0,0.0,0.0,-100.0,-1.11,10.48,2026-02-05 22:32:16,True,Pennsylvania,
As Brave As You,2021-08-01,1.11,1.11,100.0,100.0,0.0,0.0,0.0,0.0,10.48,2026-02-05 22:32:21,True,Pennsylvania,
Read the World: Rethinking Literacy for Empathy and Action in a Digital Age,2021-08-01,1.11,0.0,100.0,0.0,0.0,0.0,-100.0,-1.11,10.48,2026-02-05 22:32:26,True,Pennsylvania,
Crown: An Ode to the Fresh Cut,2021-08-01,1.11,0.0,100.0,0.0,0.0,0.0,-100.0,-1.11,10.48,2026-02-05 22:32:47,True,Pennsylvania,
What Was the March on Washington? (What was...? Series),2021-08-01,0.0,1.11,0.0,100.0,0.0,0.0,inf,1.11,10.48,2026-02-05 22:32:52,True,Pennsylvania,
"They, She, He Easy as ABC",2021-08-01,0.0,1.11,0.0,100.0,0.0,0.0,inf,1.11,10.48,2026-02-05 22:32:57,True,Pennsylvania,
Let the Children March,2021-08-01,0.0,1.11,0.0,100.0,0.0,0.0,inf,1.11,10.48,2026-02-05 22:33:07,True,Pennsylvania,
King & Kayla and the Case of the Unhappy Neighbor (King & Kayla Series),2021-08-01,0.0,1.11,0.0,100.0,0.0,0.0,inf,1.11,10.48,2026-02-05 22:33:12,True,Pennsylvania,
Little Legends: Exceptional Men in Black History,2021-08-01,1.11,0.0,100.0,0.0,0.0,0.0,-100.0,-1.11,10.48,2026-02-05 22:33:22,True,Pennsylvania,
Knock Knock: My Dad's Dream for Me,2021-08-01,1.11,0.0,100.0,0.0,0.0,0.0,-100.0,-1.11,10.48,2026-02-05 22:33:27,True,Pennsylvania,
Those Shoes,2021-08-01,17.74,21.09,100.0,100.0,0.0,0.0,18.85,3.34,27.76,2026-02-05 22:33:32,True,Pennsylvania,
"Mindy Kim, Class President (Mindy Kim Series)",2021-08-01,1.11,0.0,100.0,0.0,0.0,0.0,-100.0,-1.11,10.48,2026-02-05 22:33:42,True,Pennsylvania,
Bayou Magic (The Louisiana Girls Trilogy Series),2021-08-01,2.13,0.0,100.0,0.0,0.0,0.0,-100.0,-2.13,14.16,2026-02-05 22:33:47,True,Pennsylvania,
My Vida Loca (Sofía Martínez Series),2021-08-01,1.11,0.0,100.0,0.0,0.0,0.0,-100.0,-1.11,10.48,2026-02-05 22:34:13,True,Pennsylvania,
Lights Out (Sofía Martínez Series),2021-08-01,0.0,1.11,0.0,100.0,0.0,0.0,inf,1.11,10.48,2026-02-05 22:34:18,True,Pennsylvania,
Mindy Kim and the Big Pizza Challenge (Mindy Kim Series),2021-08-01,1.11,0.0,100.0,0.0,0.0,0.0,-100.0,-1.11,10.48,2026-02-05 22:34:23,True,Pennsylvania,
The Beach Trip (Sofía Martínez Series),2021-08-01,1.11,0.0,100.0,0.0,0.0,0.0,-100.0,-1.11,10.48,2026-02-05 22:34:33,True,Pennsylvania,
Milo's Museum,2021-08-01,1.11,0.0,100.0,0.0,0.0,0.0,-100.0,-1.11,10.48,2026-02-05 22:34:44,True,Pennsylvania,
"Iguales, pero diferentes (Same, Same But Different)",2021-08-01,1.11,0.0,100.0,0.0,0.0,0.0,-100.0,-1.11,10.48,2026-02-05 22:34:49,True,Pennsylvania,
Blindspot: Hidden Biases of Good People,2021-08-01,0.0,1.11,0.0,100.0,0.0,0.0,inf,1.11,10.48,2026-02-05 22:34:54,True,Pennsylvania,
We Are All Born Free: The Universal Declaration of Human Rights in Pictures,2021-08-01,0.0,1.11,0.0,100.0,0.0,0.0,inf,1.11,10.48,2026-02-05 22:34:59,True,Pennsylvania,
A Good Kind of Trouble,2021-08-01,0.0,2.07,0.0,100.0,0.0,0.0,inf,2.07,13.75,2026-02-05 22:35:04,True,Pennsylvania,
Mommy Sayang: Pixar Animation Studios Artist Showcase,2021-08-01,0.0,1.11,0.0,100.0,0.0,0.0,inf,1.11,10.48,2026-02-05 22:35:09,True,Pennsylvania,
Lola Levine and the Halloween Scream (Lola Levine Series),2021-08-01,0.0,1.11,0.0,100.0,0.0,0.0,inf,1.11,10.48,2026-02-05 22:35:14,True,Pennsylvania,
The Undefeated,2021-08-01,12.53,23.66,100.0,100.0,0.0,0.0,88.74,11.12,17.11,2026-02-05 22:35:29,True,Pennsylvania,
"Up, Up, Down!",2021-08-01,7.83,16.96,100.0,100.0,0.0,0.0,116.45,9.12,27.84,2026-02-05 22:35:44,True,Pennsylvania,
"It's Not the Stork!: A Book About Girls, Boys, Babies, Bodies, Families and Friends",2021-12-01,1.11,0.0,100.0,0.0,0.0,0.0,-100.0,-1.11,10.48,2026-02-05 22:36:09,True,Texas,
Promposal,2021-12-01,3.99,20.77,100.0,100.0,0.0,0.0,420.61,16.78,24.16,2026-02-05 22:36:14,True,Texas,
Far from Xanadu,2021-12-01,0.0,1.11,0.0,100.0,0.0,0.0,inf,1.11,10.48,2026-02-05 22:36:19,True,Texas,
Identity and Gender,2021-12-01,48.2,33.81,100.0,100.0,0.0,0.0,-29.85,-14.39,29.73,2026-02-05 22:36:25,True,Texas,
Big Guy,2021-12-01,75.86,81.11,100.0,100.0,65.0,67.0,6.93,5.26,8.13,2026-02-05 22:36:30,True,Texas,
Boy Girl Boy,2021-12-01,85.09,85.26,100.0,100.0,76.0,70.0,0.2,0.17,6.65,2026-02-05 22:36:36,True,Texas,
Freakboy,2021-12-01,0.0,1.11,0.0,100.0,0.0,0.0,inf,1.11,10.48,2026-02-05 22:36:41,True,Texas,
All American Boys,2021-12-01,22.73,35.62,100.0,100.0,0.0,0.0,56.7,12.89,31.61,2026-02-05 22:37:04,True,Indiana,
Crossing Lines,2021-12-01,19.84,34.06,100.0,100.0,0.0,0.0,71.61,14.21,28.13,2026-02-05 22:37:09,True,Texas,
Out of Darkness,2021-12-01,13.63,47.33,100.0,100.0,0.0,0.0,247.19,33.7,24.84,2026-02-05 22:37:14,True,Indiana,
Staying Fat for Sarah Byrnes,2021-12-01,1.11,0.0,100.0,0.0,0.0,0.0,-100.0,-1.11,10.48,2026-02-05 22:37:19,True,Texas,
Separate Is Never Equal: Sylvia Mendez and Her Family’s Fight for Desegregation,2021-12-01,1.11,0.0,100.0,0.0,0.0,0.0,-100.0,-1.11,10.48,2026-02-05 22:37:24,True,Texas,
The Stars and the Blackness Between Them,2021-12-01,0.0,2.17,0.0,100.0,0.0,0.0,inf,2.17,14.38,2026-02-05 22:37:30,True,Texas,
Shout,2021-12-01,72.81,63.9,100.0,100.0,58.0,41.0,-12.24,-8.91,10.34,2026-02-05 22:37:35,True,Texas,
The Gravity of Us,2021-12-01,2.18,8.38,100.0,100.0,0.0,0.0,284.69,6.2,20.17,2026-02-05 22:37:40,True,Texas,
How to Be an Antiracist,2021-12-01,1.11,3.64,100.0,100.0,0.0,0.0,228.0,2.53,14.2,2026-02-05 22:37:45,True,Texas,
Sparkle Boy,2021-12-01,0.0,1.11,0.0,100.0,0.0,0.0,inf,1.11,10.48,2026-02-05 22:38:00,True,Texas,
Infinity Son (Infinity Cycle Series),2021-12-01,1.11,0.0,100.0,0.0,0.0,0.0,-100.0,-1.11,10.48,2026-02-05 22:38:05,True,Texas,
The 57 Bus: A True Story of Two Teenagers and the Crime That Changed Their Lives,2021-12-01,1.11,0.0,100.0,0.0,0.0,0.0,-100.0,-1.11,10.48,2026-02-05 22:38:10,True,Texas,
Lawn Boy,2021-12-01,23.47,25.87,100.0,100.0,0.0,0.0,10.23,2.4,18.38,2026-02-05 22:38:15,True,Texas,
The Love Interest,2021-12-01,58.26,65.99,100.0,100.0,0.0,32.0,13.27,7.73,20.17,2026-02-05 22:38:20,True,Texas,
Girl Made of Stars,2021-12-01,0.0,1.11,0.0,100.0,0.0,0.0,inf,1.11,10.48,2026-02-05 22:38:31,True,Texas,
The Bridge,2021-12-01,73.59,60.99,100.0,100.0,57.0,44.0,-17.12,-12.6,11.17,2026-02-05 22:38:36,True,Texas,
"Sex, Puberty, and All That Stuff: A Guide to Growing Up",2021-12-01,1.11,0.0,100.0,0.0,0.0,0.0,-100.0,-1.11,10.48,2026-02-05 22:38:41,True,Texas,
The Abortion Debate (Essential Viewpoints),2021-12-01,1.11,0.0,100.0,0.0,0.0,0.0,-100.0,-1.11,10.48,2026-02-05 22:38:46,True,Texas,
"Hear Us Out!: Lesbian and Gay Stories of Struggle, Progress, and Hope, 1950 to the Present",2021-12-01,2.21,0.0,100.0,0.0,0.0,0.0,-100.0,-2.21,14.67,2026-02-05 22:38:51,True,Texas,
Reverie,2021-12-01,76.79,62.41,100.0,100.0,49.0,39.0,-18.72,-14.38,12.84,2026-02-05 22:39:01,True,Texas,
The Five Stages of Andrew Brawley,2021-12-01,0.0,2.63,0.0,100.0,0.0,0.0,inf,2.63,14.44,2026-02-05 22:39:17,True,Texas,
Gender Queer: A Memoir,2021-12-01,1.11,1.11,100.0,100.0,0.0,0.0,0.0,0.0,10.48,2026-02-05 22:39:26,True,Illinois,
The Truth Is,2021-12-01,76.66,41.03,100.0,100.0,48.0,19.0,-46.47,-35.62,21.5,2026-02-05 22:39:32,True,Texas,
Fancy White Trash,2021-12-01,0.0,1.11,0.0,100.0,0.0,0.0,inf,1.11,10.48,2026-02-05 22:39:37,True,Texas,
My Girlfriend's Pregnant!: A Teen’s Guide to Becoming a Dad,2021-12-01,1.11,0.0,100.0,0.0,0.0,0.0,-100.0,-1.11,10.48,2026-02-05 22:39:42,True,Texas,
Archenemy,2021-12-01,5.6,4.29,100.0,100.0,0.0,0.0,-23.41,-1.31,15.45,2026-02-05 22:39:47,True,Texas,
A Love Story Starring My Dead Best Friend,2021-12-01,0.0,1.11,0.0,100.0,0.0,0.0,inf,1.11,10.48,2026-02-05 22:39:52,True,Texas,
Remake (Remake Series),2021-12-01,4.88,5.93,100.0,100.0,0.0,0.0,21.64,1.06,20.48,2026-02-05 22:39:57,True,Texas,
Gracefully Grayson,2021-12-01,1.11,0.0,100.0,0.0,0.0,0.0,-100.0,-1.11,10.48,2026-02-05 22:40:02,True,Texas,
If You Could Be Mine,2021-12-01,0.0,1.11,0.0,100.0,0.0,0.0,inf,1.11,10.48,2026-02-05 22:40:07,True,Texas,
After,2021-12-01,93.61,79.49,100.0,100.0,79.0,65.0,-15.09,-14.12,9.1,2026-02-05 22:40:12,True,Texas,
Equal Rights,2021-12-01,61.74,31.54,100.0,100.0,20.0,0.0,-48.91,-30.2,24.23,2026-02-05 22:40:17,True,Texas,
Cemetery Boys,2021-12-01,0.0,3.96,0.0,100.0,0.0,0.0,inf,3.96,18.64,2026-02-05 22:40:28,True,Texas,
Simon vs. the Homo Sapiens Agenda (Simonverse Series),2021-12-01,1.11,1.11,100.0,100.0,0.0,0.0,0.0,0.0,10.48,2026-02-05 22:40:33,True,Texas,
A Line in the Dark,2021-12-01,6.14,7.86,100.0,100.0,0.0,0.0,27.85,1.71,22.88,2026-02-05 22:40:38,True,Texas,
Freaks and Revelations,2021-12-01,1.11,1.11,100.0,100.0,0.0,0.0,0.0,0.0,10.48,2026-02-05 22:40:53,True,Texas,
Teen Pregnancy,2021-12-01,62.97,53.7,100.0,100.0,0.0,0.0,-14.72,-9.27,20.62,2026-02-05 22:40:58,True,Texas,
One Half from the East,2021-12-01,1.11,0.0,100.0,0.0,0.0,0.0,-100.0,-1.11,10.48,2026-02-05 22:41:03,True,Texas,
Empress of the World (Battle Hall Davies Series),2021-12-01,1.11,0.0,100.0,0.0,0.0,0.0,-100.0,-1.11,10.48,2026-02-05 22:41:13,True,Texas,
The Music of What Happens,2021-12-01,1.11,3.98,100.0,100.0,0.0,0.0,258.0,2.87,15.13,2026-02-05 22:41:18,True,Texas,
Jacob's New Dress,2021-12-01,0.0,1.11,0.0,100.0,0.0,0.0,inf,1.11,10.48,2026-02-05 22:41:29,True,Texas,
Pet,2021-12-01,81.81,81.22,100.0,100.0,72.0,63.0,-0.72,-0.59,7.17,2026-02-05 22:41:35,True,Texas,
"Gay Issues and Politics: Marriage, the Military, & Work Place Discrimination",2021-12-01,0.0,1.11,0.0,100.0,0.0,0.0,inf,1.11,10.48,2026-02-05 22:41:40,True,Texas,
We March,2021-12-01,35.52,16.69,100.0,100.0,0.0,0.0,-53.02,-18.83,30.55,2026-02-05 22:42:01,True,Texas,
Wide Awake,2021-12-01,60.5,51.37,100.0,100.0,0.0,26.0,-15.1,-9.13,14.72,2026-02-05 22:42:06,True,Texas,
They Both Die at the End,2021-12-01,57.17,58.2,100.0,100.0,32.0,25.0,1.81,1.03,14.83,2026-02-05 22:42:11,True,Texas,
Odd One Out,2021-12-01,4.97,12.16,100.0,100.0,0.0,0.0,144.74,7.19,24.15,2026-02-05 22:42:16,True,Texas,
Being Jazz: My Life as a (Transgender) Teen,2021-12-01,1.11,0.0,100.0,0.0,0.0,0.0,-100.0,-1.11,10.48,2026-02-05 22:42:21,True,Texas,
The Great American Whatever,2021-12-01,0.0,1.93,0.0,100.0,0.0,0.0,inf,1.93,12.97,2026-02-05 22:42:26,True,Texas,
Juliet Takes a Breath,2021-12-01,1.11,2.39,100.0,100.0,0.0,0.0,115.0,1.28,12.05,2026-02-05 22:42:31,True,Texas,
Forget This Ever Happened,2021-12-01,0.0,1.11,0.0,100.0,0.0,0.0,inf,1.11,10.48,2026-02-05 22:42:36,True,Texas,
The Handmaid's Tale: The Graphic Novel,2021-12-01,0.0,1.11,0.0,100.0,0.0,0.0,inf,1.11,10.48,2026-02-05 22:42:41,True,Texas,
With Or Without You,2021-12-01,74.28,51.9,100.0,100.0,41.0,12.0,-30.13,-22.38,18.96,2026-02-05 22:43:11,True,Texas,
Notes from the Blender,2021-12-01,1.11,2.06,100.0,100.0,0.0,0.0,85.0,0.94,12.2,2026-02-05 22:43:16,True,Texas,
How to Be Bad,2021-12-01,77.11,55.52,100.0,100.0,51.0,29.0,-28.0,-21.59,16.34,2026-02-05 22:43:22,True,Wisconsin,
"Ziggy, Stardust and Me",2021-12-01,0.0,3.21,0.0,100.0,0.0,0.0,inf,3.21,17.31,2026-02-05 22:43:32,True,Texas,
"Bioethics: Who Lives, Who Dies, And Who Decides?",2021-12-01,1.11,1.11,100.0,100.0,0.0,0.0,0.0,0.0,10.48,2026-02-05 22:43:37,True,Texas,
Cradle and All,2021-12-01,1.11,1.11,100.0,100.0,0.0,0.0,0.0,0.0,10.48,2026-02-05 22:43:42,True,Texas,
Reluctantly Alice (Alice Series),2021-12-01,1.11,0.0,100.0,0.0,0.0,0.0,-100.0,-1.11,10.48,2026-02-05 22:43:47,True,Texas,
The Pants Project,2021-12-01,1.11,2.19,100.0,100.0,0.0,0.0,97.0,1.08,12.68,2026-02-05 22:43:52,True,Texas,
Stick,2021-12-01,74.63,83.81,100.0,100.0,65.0,68.0,12.3,9.18,9.08,2026-02-05 22:43:58,True,Texas,
The Glass Castle,2021-12-01,63.87,46.3,100.0,100.0,0.0,0.0,-27.51,-17.57,21.91,2026-02-05 22:44:08,True,Wisconsin,
"#Hockey (Check, Please! Series)",2021-12-01,1.11,0.0,100.0,0.0,0.0,0.0,-100.0,-1.11,10.48,2026-02-05 22:44:13,True,Georgia,
The Way Back,2021-12-01,65.13,43.0,100.0,100.0,45.0,25.0,-33.98,-22.13,14.71,2026-02-05 22:44:19,True,Texas,
This Is Your Time,2021-12-01,64.46,48.59,100.0,100.0,19.0,10.0,-24.62,-15.87,21.62,2026-02-05 22:44:29,True,Texas,
The Best Man,2021-12-01,78.73,70.37,100.0,100.0,61.0,52.0,-10.63,-8.37,9.45,2026-02-05 22:44:39,True,Texas,
Ivy Aberdeen's Letter to the World,2021-12-01,1.11,1.11,100.0,100.0,0.0,0.0,0.0,0.0,10.48,2026-02-05 22:44:45,True,Texas,
If I Was Your Girl,2021-12-01,2.83,3.68,100.0,100.0,0.0,0.0,29.8,0.84,16.42,2026-02-05 22:44:55,True,Texas,
All the Things We Do in the Dark,2021-12-01,0.0,1.11,0.0,100.0,0.0,0.0,inf,1.11,10.48,2026-02-05 22:45:00,True,Texas,
