book_title,author,goodreads_id,goodreads_url,found,search_query,avg_rating,rating_count,review_count,want_to_read,dist_5_star,dist_4_star,dist_3_star,dist_2_star,dist_1_star
Nineteen Minutes,"Picoult, Jodi",49676332.0,https://www.goodreads.com/book/show/49676332-study-guide?from_search=true&from_srp=true&qid=sSU1MXWYwK&rank=1,True,"Nineteen Minutes Picoult, Jodi",4.00,5,review,,2 (40%),2 (40%),0 (0%),1 (20%),0 (0%)
The Perks of Being a Wallflower,"Chbosky, Stephen",20412869.0,https://www.goodreads.com/book/show/20412869-study-guide?from_search=true&from_srp=true&qid=ejbLe9QzMa&rank=1,True,"The Perks of Being a Wallflower Chbosky, Stephen",3.98,48,review,,24 (50%),10 (20%),5 (10%),7 (14%),2 (4%)
Beloved,"Morrison, Toni",6149.0,https://www.goodreads.com/book/show/6149.Beloved?from_search=true&from_srp=true&qid=f99YoND4ug&rank=1,True,"Beloved Morrison, Toni",3.98,491684,,,"193,128 (39%)","160,107 (32%)","90,240 (18%)","31,629 (6%)","16,580 (3%)"
Crank,"Hopkins, Ellen",12437190.0,https://www.goodreads.com/book/show/12437190-crank-by-ellen-hopkins-l-summary-study-guide?from_search=true&from_srp=true&qid=Hmr0I08gfm&rank=1,True,"Crank Hopkins, Ellen",4.60,48,,,35 (72%),8 (16%),4 (8%),1 (2%),0 (0%)
Fallout,"Hopkins, Ellen",19365546.0,https://www.goodreads.com/book/show/19365546-summary-study-guide-fallout-by-ellen-hopkins?from_search=true&from_srp=true&qid=eoFUOjecB6&rank=1,True,"Fallout Hopkins, Ellen",4.67,6,,,4 (66%),2 (33%),0 (0%),0 (0%),0 (0%)
Glass,"Hopkins, Ellen",270804.0,https://www.goodreads.com/book/show/270804.Glass?from_search=true&from_srp=true&qid=nNXcpOv3I3&rank=1,True,"Glass Hopkins, Ellen",4.29,74752,,,"38,307 (51%)","23,095 (30%)","10,591 (14%)","2,123 (2%)",636 (<1%)
Identical,"Hopkins, Ellen",37542448.0,https://www.goodreads.com/book/show/37542448-summary-study-guide-identical-by-ellen-hopkins?from_search=true&from_srp=true&qid=WkmXSn4adZ&rank=1,True,"Identical Hopkins, Ellen",5.00,3,,,3 (100%),0 (0%),0 (0%),0 (0%),0 (0%)
"It's Your World - If You Don't Like It, Change It: Activism for Teenagers","Halpin, Mikki",894640.0,https://www.goodreads.com/book/show/894640.It_s_Your_World_If_You_Don_t_Like_It_Change_It?from_search=true&from_srp=true&qid=0agBkWLjO8&rank=1,True,"It's Your World - If You Don't Like It, Change It: Activism for Teenagers Halpin, Mikki",3.41,27,,,6 (22%),7 (25%),7 (25%),6 (22%),1 (3%)
Looking for Alaska,"Green, John",99561.0,https://www.goodreads.com/book/show/99561.Looking_for_Alaska?from_search=true&from_srp=true&qid=s26VNpI12k&rank=1,True,"Looking for Alaska Green, John",3.96,1751316,,,"658,742 (37%)","563,687 (32%)","368,796 (21%)","116,632 (6%)","43,459 (2%)"
Melissa (George),"Gino, Alex",24612624.0,https://www.goodreads.com/book/show/24612624-melissa?from_search=true&from_srp=true&qid=C7Usyqo8wV&rank=1,True,"Melissa (George) Gino, Alex",4.09,47784,,,"17,745 (37%)","19,818 (41%)","7,929 (16%)","1,444 (3%)",848 (1%)
Nineteen Minutes,"Picoult, Jodi",49676332.0,https://www.goodreads.com/book/show/49676332-study-guide?from_search=true&from_srp=true&qid=VOe1OQQV5R&rank=1,True,"Nineteen Minutes Picoult, Jodi",4.00,5,review,,2 (40%),2 (40%),0 (0%),1 (20%),0 (0%)
Redwood and Ponytail,"Holt, K. A.",38326884.0,https://www.goodreads.com/book/show/38326884-redwood-and-ponytail?from_search=true&from_srp=true&qid=n3s9BMnS2w&rank=1,True,"Redwood and Ponytail Holt, K. A.",4.17,2901,,,"1,218 (41%)","1,125 (38%)",430 (14%),93 (3%),35 (1%)
Smoke,"Hopkins, Ellen",160146150.0,https://www.goodreads.com/book/show/160146150-smoke-by-ellen-hopkins-10-sep-2013-hardcover?from_search=true&from_srp=true&qid=RnPcYWdC1q&rank=1,True,"Smoke Hopkins, Ellen",4.33,17320,,,"9,161 (52%)","5,263 (30%)","2,370 (13%)",437 (2%),89 (<1%)
The Bluest Eye,"Morrison, Toni",45294414.0,https://www.goodreads.com/book/show/45294414-study-guide?from_search=true&from_srp=true&qid=Nrl92Z8YUI&rank=1,True,"The Bluest Eye Morrison, Toni",3.50,6,,,2 (33%),1 (16%),2 (33%),0 (0%),1 (16%)
The Hate U Give,"Thomas, Angie",44805980.0,https://www.goodreads.com/book/show/44805980-the-hate-u-give-by-angie-thomas-book-analysis?from_search=true&from_srp=true&qid=Nt6Q7C77fo&rank=1,True,"The Hate U Give Thomas, Angie",4.44,9,review,,5 (55%),3 (33%),1 (11%),0 (0%),0 (0%)
The Kite Runner,"Hosseini, Khaled",21060082.0,https://www.goodreads.com/book/show/21060082-summary-study-guide-the-kite-runner-by-khaled-hosseini?from_search=true&from_srp=true&qid=NQn4loGESK&rank=1,True,"The Kite Runner Hosseini, Khaled",4.00,19,,,6 (31%),8 (42%),4 (21%),1 (5%),0 (0%)
The Perks of Being a Wallflower,"Chbosky, Stephen",20412869.0,https://www.goodreads.com/book/show/20412869-study-guide?from_search=true&from_srp=true&qid=V64l7MKYHD&rank=1,True,"The Perks of Being a Wallflower Chbosky, Stephen",3.98,48,review,,24 (50%),10 (20%),5 (10%),7 (14%),2 (4%)
Thirteen Reasons Why,"Asher, Jay",24795284.0,https://www.goodreads.com/book/show/24795284-summary-study-guide-thirteen-reasons-why-by-jay-asher?from_search=true&from_srp=true&qid=DwUzM7zz7W&rank=1,True,"Thirteen Reasons Why Asher, Jay",3.88,17,,,6 (35%),5 (29%),5 (29%),0 (0%),1 (5%)
You Should See Me in a Crown,"Johnson, Leah",75613675.0,https://www.goodreads.com/book/show/75613675-study-guide?from_search=true&from_srp=true&qid=bPaLZ6LPwm&rank=1,True,"You Should See Me in a Crown Johnson, Leah",0.00,0,,,0 (0%),0 (0%),0 (0%),0 (0%),0 (0%)
Ana on the Edge,"Sass, A. J.",50998103.0,https://www.goodreads.com/book/show/50998103-ana-on-the-edge?from_search=true&from_srp=true&qid=nMBiVGw6sx&rank=1,True,"Ana on the Edge Sass, A. J.",4.36,1596,,,791 (49%),622 (38%),156 (9%),21 (1%),6 (<1%)
The Ship We Built,"Bean, Lexie",42393479.0,https://www.goodreads.com/book/show/42393479-the-ship-we-built?from_search=true&from_srp=true&qid=9BYHFO2rxq&rank=1,True,"The Ship We Built Bean, Lexie",4.21,768,,,359 (46%),265 (34%),102 (13%),33 (4%),9 (1%)
"You Don’t Know Everything, Jilly P!","Gino, Alex",37822657.0,https://www.goodreads.com/book/show/37822657-you-don-t-know-everything-jilly-p?from_search=true&from_srp=true&qid=DJpfGIAHQJ&rank=1,True,"You Don’t Know Everything, Jilly P! Gino, Alex",4.02,2998,,,978 (32%),"1,270 (42%)",615 (20%),102 (3%),33 (1%)
A Thousand Splendid Suns,"Hosseini, Khaled",4421244.0,https://www.goodreads.com/book/show/4421244-bookclub-in-a-box-discusses-the-novel-a-thousand-splendid-suns-by-khale?from_search=true&from_srp=true&qid=M8MdSMAZVM&rank=1,True,"A Thousand Splendid Suns Hosseini, Khaled",4.36,172,,,95 (55%),50 (29%),23 (13%),2 (1%),2 (1%)
Blood of my Blood,"Lyga, Barry",140241158.0,https://www.goodreads.com/book/show/140241158-blood-of-my-blood-by-barry-lyga-7-may-2015-paperback?from_search=true&from_srp=true&qid=Aeoai8FFo3&rank=1,True,"Blood of my Blood Lyga, Barry",0.00,0,,,0 (0%),0 (0%),0 (0%),0 (0%),0 (0%)
Into the Garden,"Andrews, V. C.",639750.0,https://www.goodreads.com/book/show/639750.Into_the_Garden?from_search=true&from_srp=true&qid=ENUlcwbAQc&rank=1,True,"Into the Garden Andrews, V. C.",3.85,4176,,,"1,465 (35%)","1,186 (28%)","1,067 (25%)",366 (8%),92 (2%)
The Human Stain,"Roth, Philip",11734.0,https://www.goodreads.com/book/show/11734.The_Human_Stain?from_search=true&from_srp=true&qid=ndm1A38lPW&rank=1,True,"The Human Stain Roth, Philip",3.92,45841,,,"14,332 (31%)","18,079 (39%)","9,804 (21%)","2,678 (5%)",948 (2%)
All Boys Aren't Blue,"Johnson, George M.",44280883.0,https://www.goodreads.com/book/show/44280883-all-boys-aren-t-blue?from_search=true&from_srp=true&qid=rY9y9oN9rN&rank=1,True,"All Boys Aren't Blue Johnson, George M.",4.18,47209,,,"18,864 (39%)","19,991 (42%)","6,882 (14%)","1,130 (2%)",342 (<1%)
Damsel,"Arnold, Elana K.",36260155.0,https://www.goodreads.com/book/show/36260155-damsel?from_search=true&from_srp=true&qid=1kvelJ6VwI&rank=1,True,"Damsel Arnold, Elana K.",3.30,11499,,,"2,099 (18%)","3,339 (29%)","3,117 (27%)","1,746 (15%)","1,198 (10%)"
"Heartstopper, Vol. 1","Oseman, Alice",199014264.0,https://www.goodreads.com/book/show/199014264-heartstopper-vol-1---collector-s-edition?from_search=true&from_srp=true&qid=PTuRiYjmjb&rank=1,True,"Heartstopper, Vol. 1 Oseman, Alice",4.42,888234,,,"522,896 (58%)","249,520 (28%)","88,275 (9%)","17,773 (2%)","9,770 (1%)"
"Heartstopper, Vol. 2","Oseman, Alice",199339487.0,https://www.goodreads.com/book/show/199339487-heartstopper-vol-2---collector-s-edition?from_search=true&from_srp=true&qid=dqXnaH7iJp&rank=1,True,"Heartstopper, Vol. 2 Oseman, Alice",4.51,568637,,,"355,962 (62%)","158,212 (27%)","45,146 (7%)","6,459 (1%)","2,858 (<1%)"
"Heartstopper, Vol. 3","Oseman, Alice",200033939.0,https://www.goodreads.com/book/show/200033939-heartstopper-vol-3---collector-s-edition?from_search=true&from_srp=true&qid=nCql3g2gII&rank=1,True,"Heartstopper, Vol. 3 Oseman, Alice",4.54,498587,,,"321,455 (64%)","133,181 (26%)","37,137 (7%)","5,081 (1%)","1,733 (<1%)"
"Heartstopper, Vol. 4","Oseman, Alice",200626696.0,https://www.goodreads.com/book/show/200626696-heartstopper-vol-4---collector-s-edition?from_search=true&from_srp=true&qid=gTT4Yx5qww&rank=1,True,"Heartstopper, Vol. 4 Oseman, Alice",4.57,441672,,,"296,231 (67%)","109,643 (24%)","29,897 (6%)","4,455 (1%)","1,446 (<1%)"
"Heartstopper, Vol. 5","Oseman, Alice",125704697.0,https://www.goodreads.com/book/show/125704697-heartstopper-vol-5?from_search=true&from_srp=true&qid=yD5EzuufJy&rank=1,True,"Heartstopper, Vol. 5 Oseman, Alice",4.46,197245,,,"115,314 (58%)","61,147 (31%)","17,621 (8%)","2,421 (1%)",742 (<1%)
I Am Not Your Perfect Mexican Daughter,"Sánchez, Erika L.",29010395.0,https://www.goodreads.com/book/show/29010395-i-am-not-your-perfect-mexican-daughter?from_search=true&from_srp=true&qid=AFYChuP0FU&rank=1,True,"I Am Not Your Perfect Mexican Daughter Sánchez, Erika L.",4.00,83490,,,"27,455 (32%)","34,426 (41%)","17,036 (20%)","3,561 (4%)","1,012 (1%)"
Last Night at the Telegraph Club,"Lo, Malinda",81071294.0,https://www.goodreads.com/book/show/81071294-study-guide?from_search=true&from_srp=true&qid=QjwuVbYXII&rank=1,True,"Last Night at the Telegraph Club Lo, Malinda",3.25,4,,,1 (25%),0 (0%),2 (50%),1 (25%),0 (0%)
Out of Darkness,"Pérez, Ashley Hope",25256386.0,https://www.goodreads.com/book/show/25256386-out-of-darkness?from_search=true&from_srp=true&qid=pStKekrkCf&rank=1,True,"Out of Darkness Pérez, Ashley Hope",4.14,8731,,,"3,666 (41%)","3,348 (38%)","1,197 (13%)",337 (3%),183 (2%)
People Kill People,"Hopkins, Ellen",38355061.0,https://www.goodreads.com/book/show/38355061-people-kill-people?from_search=true&from_srp=true&qid=wBr7W0sMCr&rank=1,True,"People Kill People Hopkins, Ellen",3.87,7035,,,"2,240 (31%)","2,454 (34%)","1,689 (24%)",470 (6%),182 (2%)
The Brief Wondrous Life of Oscar Wao,"Díaz, Junot",25576654.0,https://www.goodreads.com/book/show/25576654-summary-study-guide-the-brief-wondrous-life-of-oscar-wao-by-junot-d-az?from_search=true&from_srp=true&qid=6nwUHB5T7F&rank=1,True,"The Brief Wondrous Life of Oscar Wao Díaz, Junot",4.11,18,,,8 (44%),5 (27%),4 (22%),1 (5%),0 (0%)
The Handmaid's Tale,"Atwood, Margaret",38448.0,https://www.goodreads.com/book/show/38448.The_Handmaid_s_Tale_By_Margaret_Atwood?from_search=true&from_srp=true&qid=N0uaQrfTdf&rank=1,True,"The Handmaid's Tale Atwood, Margaret",3.79,96,,,32 (33%),32 (33%),20 (20%),4 (4%),8 (8%)
The Haters,"Andrews, Jesse",26095121.0,https://www.goodreads.com/book/show/26095121-the-haters?from_search=true&from_srp=true&qid=OhzvPklssi&rank=1,True,"The Haters Andrews, Jesse",3.41,6344,,,"1,078 (16%)","1,964 (30%)","2,099 (33%)",865 (13%),338 (5%)
The Poet X,"Acevedo, Elizabeth",50846677.0,https://www.goodreads.com/book/show/50846677-study-guide?from_search=true&from_srp=true&qid=bADcbPzFmC&rank=1,True,"The Poet X Acevedo, Elizabeth",4.75,4,review,,3 (75%),1 (25%),0 (0%),0 (0%),0 (0%)
Wander in the Dark,"Emill, Jumata",156740461.0,https://www.goodreads.com/book/show/156740461-wander-in-the-dark?from_search=true&from_srp=true&qid=2t9RpQm9eB&rank=1,True,"Wander in the Dark Emill, Jumata",4.05,1267,,,426 (33%),553 (43%),228 (17%),44 (3%),16 (1%)
A Clash of Kings,"Martin, George R. R.",10572.0,https://www.goodreads.com/book/show/10572.A_Clash_of_Kings?from_search=true&from_srp=true&qid=IqnyajZShh&rank=1,True,"A Clash of Kings Martin, George R. R.",4.42,1022350,,,"558,262 (54%)","358,009 (35%)","89,230 (8%)","12,240 (1%)","4,609 (<1%)"
A Court of Frost and Starlight,"Maas, Sarah J.",50659471.0,https://www.goodreads.com/book/show/50659471-a-court-of-frost-and-starlight?from_search=true&from_srp=true&qid=sArqYyJpGN&rank=1,True,"A Court of Frost and Starlight Maas, Sarah J.",3.71,2140564,,,"538,662 (25%)","702,811 (32%)","685,750 (32%)","172,518 (8%)","40,823 (1%)"
A ​Court of Silver Flames,"Maas, Sarah J.",53138095.0,https://www.goodreads.com/book/show/53138095-a-court-of-silver-flames?from_search=true&from_srp=true&qid=g4r2aZsp0Z&rank=1,True,"A ​Court of Silver Flames Maas, Sarah J.",4.45,2089206,,,"1,267,329 (60%)","571,847 (27%)","189,762 (9%)","43,693 (2%)","16,575 (<1%)"
A Court of Wings and Ruin,"Maas, Sarah J.",50659472.0,https://www.goodreads.com/book/show/50659472-a-court-of-wings-and-ruin?from_search=true&from_srp=true&qid=e0J47aRfsp&rank=1,True,"A Court of Wings and Ruin Maas, Sarah J.",4.46,2710186,,,"1,622,273 (59%)","790,843 (29%)","236,233 (8%)","45,404 (1%)","15,433 (<1%)"
A Sin Such As This,"Hopkins, Ellen",27276424.0,https://www.goodreads.com/book/show/27276424-a-sin-such-as-this?from_search=true&from_srp=true&qid=rNVe5AMfL9&rank=1,True,"A Sin Such As This Hopkins, Ellen",3.86,1253,,,447 (35%),367 (29%),291 (23%),111 (8%),37 (2%)
A Stolen Life,"Dugard, Jaycee",31368108.0,https://www.goodreads.com/book/show/31368108-summary-of-a-stolen-life?from_search=true&from_srp=true&qid=ie1F1jq6BY&rank=1,True,"A Stolen Life Dugard, Jaycee",3.25,20,,,4 (20%),6 (30%),4 (20%),3 (15%),3 (15%)
All Your Perfects,"Hoover, Colleen",121193861.0,https://www.goodreads.com/book/show/121193861-summary-of-all-your-perfects?from_search=true&from_srp=true&qid=StMIqe1ey2&rank=1,True,"All Your Perfects Hoover, Colleen",4.00,4,,,2 (50%),0 (0%),2 (50%),0 (0%),0 (0%)
American Psycho,"Ellis, Bret Easton",28676.0,https://www.goodreads.com/book/show/28676.American_Psycho?from_search=true&from_srp=true&qid=yMZfy8Fkya&rank=1,True,"American Psycho Ellis, Bret Easton",3.80,363432,,,"113,347 (31%)","127,569 (35%)","76,735 (21%)","28,807 (7%)","16,974 (4%)"
Anatomy of a Boyfriend,"Snadowsky, Daria",37780.0,https://www.goodreads.com/book/show/37780.Anatomy_of_a_Boyfriend?from_search=true&from_srp=true&qid=9M5KALFI40&rank=1,True,"Anatomy of a Boyfriend Snadowsky, Daria",3.39,5161,,,"1,015 (19%)","1,345 (26%)","1,731 (33%)",801 (15%),269 (5%)
And They Lived...,"Salvatore, Steven",57552438.0,https://www.goodreads.com/book/show/57552438-and-they-lived?from_search=true&from_srp=true&qid=3JvapedsNK&rank=1,True,"And They Lived... Salvatore, Steven",3.94,3452,,,"1,297 (37%)","1,124 (32%)",689 (19%),228 (6%),114 (3%)
Beautiful,"Reed, Amy",6323474.0,https://www.goodreads.com/book/show/6323474-beautiful?from_search=true&from_srp=true&qid=54NuyOFtvE&rank=1,True,"Beautiful Reed, Amy",3.66,5578,,,"1,776 (31%)","1,425 (25%)","1,391 (24%)",652 (11%),334 (5%)
Beautiful Disaster,"McGuire, Jamie",11505797.0,https://www.goodreads.com/book/show/11505797-beautiful-disaster?from_search=true&from_srp=true&qid=MzNkOOP2ro&rank=1,True,"Beautiful Disaster McGuire, Jamie",4.00,708256,,,"323,170 (45%)","183,220 (25%)","116,099 (16%)","48,554 (6%)","37,213 (5%)"
Call Me By Your Name,"Aciman, André",37924244.0,https://www.goodreads.com/book/show/37924244-call-me-by-your-name?from_search=true&from_srp=true&qid=wzmLO3JQo8&rank=1,True,"Call Me By Your Name Aciman, André",3.40,15,,,4 (26%),4 (26%),4 (26%),0 (0%),3 (20%)
Clockwork Orange,"Burgess, Anthony",49909479.0,https://www.goodreads.com/book/show/49909479-a-clockwork-orange-by-anthony-burgess-book-analysis?from_search=true&from_srp=true&qid=maeETZIZ2C&rank=1,True,"Clockwork Orange Burgess, Anthony",4.50,4,review,,2 (50%),2 (50%),0 (0%),0 (0%),0 (0%)
Collateral,"Hopkins, Ellen",12651912.0,https://www.goodreads.com/book/show/12651912-collateral?from_search=true&from_srp=true&qid=rbDPLqk0JU&rank=1,True,"Collateral Hopkins, Ellen",3.90,3945,,,"1,394 (35%)","1,242 (31%)",935 (23%),275 (6%),99 (2%)
Crank,"Hopkins, Ellen",12437190.0,https://www.goodreads.com/book/show/12437190-crank-by-ellen-hopkins-l-summary-study-guide?from_search=true&from_srp=true&qid=PjfjZfn1Vp&rank=1,True,"Crank Hopkins, Ellen",4.60,48,,,35 (72%),8 (16%),4 (8%),1 (2%),0 (0%)
Damsel,"Arnold, Elana K.",36260155.0,https://www.goodreads.com/book/show/36260155-damsel?from_search=true&from_srp=true&qid=S68CSyRSo1&rank=1,True,"Damsel Arnold, Elana K.",3.30,11499,,,"2,099 (18%)","3,339 (29%)","3,117 (27%)","1,746 (15%)","1,198 (10%)"
Exit Here.,"Myers, Jason",1240370.0,https://www.goodreads.com/book/show/1240370.Exit_Here_?from_search=true&from_srp=true&qid=yJ5xR4YX3P&rank=1,True,"Exit Here. Myers, Jason",3.89,5574,,,"2,250 (40%)","1,476 (26%)","1,102 (19%)",454 (8%),292 (5%)
Forbidden,"Suzuma, Tabitha",7600924.0,https://www.goodreads.com/book/show/7600924-forbidden?from_search=true&from_srp=true&qid=rjmDwVvQiL&rank=1,True,"Forbidden Suzuma, Tabitha",3.95,76143,,,"30,874 (40%)","23,029 (30%)","13,437 (17%)","5,501 (7%)","3,302 (4%)"
Forever for a Year,"Gottfred, B. T.",147379248.0,https://www.goodreads.com/book/show/147379248-forever-for-a-year-by-b-t-gottfred?from_search=true&from_srp=true&qid=eYLlnZ57cx&rank=1,True,"Forever for a Year Gottfred, B. T.",3.08,1512,,,281 (18%),315 (20%),408 (26%),260 (17%),248 (16%)
Haunted,"Palahniuk, Chuck",22288.0,https://www.goodreads.com/book/show/22288.Haunted?from_search=true&from_srp=true&qid=JkHNbM4E1o&rank=1,True,"Haunted Palahniuk, Chuck",3.59,111387,,,"27,793 (24%)","34,625 (31%)","30,548 (27%)","12,678 (11%)","5,743 (5%)"
Homegoing,"Gyasi, Yaa",30896134.0,https://www.goodreads.com/book/show/30896134-summary-of-homegoing?from_search=true&from_srp=true&qid=aIrV075IU3&rank=1,True,"Homegoing Gyasi, Yaa",4.19,78,,,37 (47%),25 (32%),12 (15%),2 (2%),2 (2%)
House of Earth and Blood,"Maas, Sarah J.",44778083.0,https://www.goodreads.com/book/show/44778083-house-of-earth-and-blood?from_search=true&from_srp=true&qid=ZS1fyJnnv6&rank=1,True,"House of Earth and Blood Maas, Sarah J.",4.45,1137727,,,"676,531 (59%)","334,865 (29%)","96,962 (8%)","19,861 (1%)","9,508 (<1%)"
House of Sky and Breath,"Maas, Sarah J.",40132775.0,https://www.goodreads.com/book/show/40132775-house-of-sky-and-breath?from_search=true&from_srp=true&qid=IClvBNXLFp&rank=1,True,"House of Sky and Breath Maas, Sarah J.",4.42,820417,,,"465,273 (56%)","256,725 (31%)","80,534 (9%)","14,287 (1%)","3,598 (<1%)"
I Am Jazz,"Jennings, Jazz",18763344.0,https://www.goodreads.com/book/show/18763344-i-am-jazz?from_search=true&from_srp=true&qid=2DdFwyFawq&rank=1,True,"I Am Jazz Jennings, Jazz",4.12,3390,,,"1,450 (42%)","1,182 (34%)",574 (16%),91 (2%),93 (2%)
It Ends With Us,"Hoover, Colleen",59112062.0,https://www.goodreads.com/book/show/59112062-summary-of-it-ends-with-us-by-colleen-hoover?from_search=true&from_srp=true&qid=XtMAXkfi55&rank=1,True,"It Ends With Us Hoover, Colleen",4.04,23,,,11 (47%),6 (26%),4 (17%),0 (0%),2 (8%)
Last Night at the Telegraph Club,"Lo, Malinda",81071294.0,https://www.goodreads.com/book/show/81071294-study-guide?from_search=true&from_srp=true&qid=jHggJJUTF5&rank=1,True,"Last Night at the Telegraph Club Lo, Malinda",3.25,4,,,1 (25%),0 (0%),2 (50%),1 (25%),0 (0%)
Living Dead Girl,"Scott, Elizabeth",2954411.0,https://www.goodreads.com/book/show/2954411-living-dead-girl?from_search=true&from_srp=true&qid=246IbahyBm&rank=1,True,"Living Dead Girl Scott, Elizabeth",3.77,34115,,,"10,187 (29%)","11,360 (33%)","8,511 (24%)","2,819 (8%)","1,238 (3%)"
Lullaby,"Palahniuk, Chuck",12882265.0,https://www.goodreads.com/book/show/12882265-lullaby-by-chuck-palahniuk-l-summary-study-guide?from_search=true&from_srp=true&qid=DCoAFwJPZb&rank=1,True,"Lullaby Palahniuk, Chuck",3.80,56,,,17 (30%),17 (30%),16 (28%),6 (10%),0 (0%)
Man o' War,"McCarthy, Cory",59029659.0,https://www.goodreads.com/book/show/59029659-man-o-war?from_search=true&from_srp=true&qid=fDgeXexCD0&rank=1,True,"Man o' War McCarthy, Cory",4.36,1312,,,721 (54%),390 (29%),162 (12%),29 (2%),10 (<1%)
Margo Zimmerman Gets the Girl,"Shrum, Brianna",62584266.0,https://www.goodreads.com/book/show/62584266-margo-zimmerman-gets-the-girl?from_search=true&from_srp=true&qid=j2JCE8otWu&rank=1,True,"Margo Zimmerman Gets the Girl Shrum, Brianna",4.00,2649,,,855 (32%),"1,133 (42%)",495 (18%),133 (5%),33 (1%)
My Sister Daisy,"Karlsson, Adria",57094999.0,https://www.goodreads.com/book/show/57094999-my-sister-daisy?from_search=true&from_srp=true&qid=r3DJyqGKJN&rank=1,True,"My Sister Daisy Karlsson, Adria",4.33,297,,,155 (52%),106 (35%),24 (8%),4 (1%),8 (2%)
One Last Stop,"McQuiston, Casey",63290582.0,https://www.goodreads.com/book/show/63290582-study-guide?from_search=true&from_srp=true&qid=E7SNzQdvaB&rank=1,True,"One Last Stop McQuiston, Casey",1.00,2,,,0 (0%),0 (0%),0 (0%),0 (0%),2 (100%)
Push,Sapphire,7810126.0,https://www.goodreads.com/book/show/7810126-precious?from_search=true&from_srp=true&qid=I7NCVgHKDP&rank=1,True,Push Sapphire,3.92,302,,,94 (31%),124 (41%),60 (19%),15 (4%),9 (2%)
Rant: The Oral Biography of Buster Casey,"Palahniuk, Chuck",150093902.0,https://www.goodreads.com/book/show/150093902-rant?from_search=true&from_srp=true&qid=Belrt9jsdA&rank=1,True,"Rant: The Oral Biography of Buster Casey Palahniuk, Chuck",3.00,1,,,0 (0%),0 (0%),1 (100%),0 (0%),0 (0%)
Red Hood,"Arnold, Elana K.",43721070.0,https://www.goodreads.com/book/show/43721070-red-hood?from_search=true&from_srp=true&qid=8yQJoOAwkK&rank=1,True,"Red Hood Arnold, Elana K.",3.44,4097,,,840 (20%),"1,274 (31%)","1,138 (27%)",525 (12%),320 (7%)
Rick,"Gino, Alex",44660928.0,https://www.goodreads.com/book/show/44660928-rick?from_search=true&from_srp=true&qid=PYTCEFnWRU&rank=1,True,"Rick Gino, Alex",4.06,6855,,,"2,226 (32%)","3,059 (44%)","1,344 (19%)",180 (2%),46 (<1%)
Skin and Bones,"Shahan, Sherry",245889487.0,https://www.goodreads.com/book/show/245889487-skin-and-bones-by-sherry-shahan?from_search=true&from_srp=true&qid=87PzqkgtJC&rank=1,True,"Skin and Bones Shahan, Sherry",0.00,0,,,0 (0%),0 (0%),0 (0%),0 (0%),0 (0%)
Storm and Fury,"Armentrout, Jennifer L.",40291564.0,https://www.goodreads.com/book/show/40291564-storm-and-fury?from_search=true&from_srp=true&qid=3cdiKpqDcY&rank=1,True,"Storm and Fury Armentrout, Jennifer L.",4.03,71370,,,"24,833 (34%)","28,867 (40%)","13,799 (19%)","2,896 (4%)",975 (1%)
The Crown of Gilded Bones,"Armentrout, Jennifer L.",55240343.0,https://www.goodreads.com/book/show/55240343-the-crown-of-gilded-bones?from_search=true&from_srp=true&qid=RYrKFFfeQk&rank=1,True,"The Crown of Gilded Bones Armentrout, Jennifer L.",4.16,457271,,,"206,957 (45%)","148,900 (32%)","74,122 (16%)","20,332 (4%)","6,960 (1%)"
The DUFF: Designated Ugly Fat Friend,"Keplinger, Kody",24976555.0,https://www.goodreads.com/book/show/24976555-sidekick---the-duff?from_search=true&from_srp=true&qid=mlRkvqw1wa&rank=1,True,"The DUFF: Designated Ugly Fat Friend Keplinger, Kody",3.43,37,,,10 (27%),9 (24%),9 (24%),5 (13%),4 (10%)
The Wind-Up Bird Chronicle,"Murakami, Haruki",11019128.0,https://www.goodreads.com/book/show/11019128-summary-study-guide-the-wind-up-bird-chronicle-by-haruki-murakami?from_search=true&from_srp=true&qid=aUR8UH58X7&rank=1,True,"The Wind-Up Bird Chronicle Murakami, Haruki",3.82,22,,,7 (31%),6 (27%),8 (36%),0 (0%),1 (4%)
This Book Is Gay,"Dawson, Juno",142425642.0,https://www.goodreads.com/book/show/142425642-study-guide?from_search=true&from_srp=true&qid=QLcgpDpUyE&rank=1,True,"This Book Is Gay Dawson, Juno",0.00,0,,,0 (0%),0 (0%),0 (0%),0 (0%),0 (0%)
This Is Kind of an Epic Love Story,"Callender, Kacen",36203673.0,https://www.goodreads.com/book/show/36203673-this-is-kind-of-an-epic-love-story?from_search=true&from_srp=true&qid=p76XyzdpsE&rank=1,True,"This Is Kind of an Epic Love Story Callender, Kacen",3.37,8454,,,"1,180 (13%)","2,598 (30%)","3,165 (37%)","1,177 (13%)",334 (3%)
Water for Elephants,"Gruen, Sara",10858119.0,https://www.goodreads.com/book/show/10858119-water-for-elephants-by-sara-gruen-summary-study-guide?from_search=true&from_srp=true&qid=VctrL89pUy&rank=1,True,"Water for Elephants Gruen, Sara",3.88,50,,,15 (30%),21 (42%),10 (20%),1 (2%),3 (6%)
What Girls Are Made Of,"Arnold, Elana K.",29401474.0,https://www.goodreads.com/book/show/29401474-what-girls-are-made-of?from_search=true&from_srp=true&qid=fFyOqyKwgT&rank=1,True,"What Girls Are Made Of Arnold, Elana K.",3.77,3580,,,980 (27%),"1,323 (36%)",870 (24%),299 (8%),108 (3%)
Wicked: The Life and Times of the Wicked Witch of the West,"Maguire, Gregory",21223879.0,https://www.goodreads.com/book/show/21223879-summary-study-guide-wicked?from_search=true&from_srp=true&qid=bsPiebf7tN&rank=1,True,"Wicked: The Life and Times of the Wicked Witch of the West Maguire, Gregory",5.00,2,review,,2 (100%),0 (0%),0 (0%),0 (0%),0 (0%)
yolo,"Myracle, Lauren",20701994.0,https://www.goodreads.com/book/show/20701994-yolo?from_search=true&from_srp=true&qid=ghNsLtM8Qy&rank=1,True,"yolo Myracle, Lauren",3.69,1607,,,408 (25%),514 (31%),505 (31%),139 (8%),41 (2%)
A Bad Boy Can Be Good for a Girl,"Stone, Tanya Lee",131061.0,https://www.goodreads.com/book/show/131061.A_Bad_Boy_Can_Be_Good_for_a_Girl?from_search=true&from_srp=true&qid=hOKTu6Wznv&rank=1,True,"A Bad Boy Can Be Good for a Girl Stone, Tanya Lee",3.50,1966,,,496 (25%),495 (25%),584 (29%),282 (14%),109 (5%)
A Complicated Love Story Set in Space,"Hutchinson, Shaun David",49552592.0,https://www.goodreads.com/book/show/49552592-a-complicated-love-story-set-in-space?from_search=true&from_srp=true&qid=CrcX5BQ9Zx&rank=1,True,"A Complicated Love Story Set in Space Hutchinson, Shaun David",3.91,3798,,,"1,197 (31%)","1,457 (38%)",836 (22%),239 (6%),69 (1%)
A Court of Mist and Fury,"Maas, Sarah J.",50659468.0,https://www.goodreads.com/book/show/50659468-a-court-of-mist-and-fury?from_search=true&from_srp=true&qid=kLzasA6dbZ&rank=1,True,"A Court of Mist and Fury Maas, Sarah J.",4.63,3209094,,,"2,336,272 (72%)","645,473 (20%)","170,576 (5%)","39,055 (1%)","17,718 (<1%)"
A Lesson in Vengeance,"Lee, Victoria",50999821.0,https://www.goodreads.com/book/show/50999821-a-lesson-in-vengeance?from_search=true&from_srp=true&qid=o8ijDtuLey&rank=1,True,"A Lesson in Vengeance Lee, Victoria",3.52,23874,,,"4,339 (18%)","8,171 (34%)","7,660 (32%)","2,886 (12%)",818 (3%)
A Phoenix First Must Burn,"Caldwell, Patrice",43887961.0,https://www.goodreads.com/book/show/43887961-a-phoenix-first-must-burn?from_search=true&from_srp=true&qid=IrMTDzeFkO&rank=1,True,"A Phoenix First Must Burn Caldwell, Patrice",3.95,3200,,,875 (27%),"1,463 (45%)",724 (22%),106 (3%),32 (1%)
All American Boys,"Reynolds, Jason",25657130.0,https://www.goodreads.com/book/show/25657130-all-american-boys?from_search=true&from_srp=true&qid=kWyDdcLDnE&rank=1,True,"All American Boys Reynolds, Jason",4.29,50184,,,"24,075 (47%)","18,463 (36%)","6,017 (11%)","1,169 (2%)",460 (<1%)
All Boys Aren't Blue,"Johnson, George M.",44280883.0,https://www.goodreads.com/book/show/44280883-all-boys-aren-t-blue?from_search=true&from_srp=true&qid=fHWxtlf2Fj&rank=1,True,"All Boys Aren't Blue Johnson, George M.",4.18,47209,,,"18,864 (39%)","19,991 (42%)","6,882 (14%)","1,130 (2%)",342 (<1%)
All the Bright Places,"Niven, Jennifer",38823528.0,https://www.goodreads.com/book/show/38823528-summary-of-all-the-bright-places-by-jennifer-niven?from_search=true&from_srp=true&qid=f72DH8AYJj&rank=1,True,"All the Bright Places Niven, Jennifer",4.33,12,,,8 (66%),2 (16%),1 (8%),0 (0%),1 (8%)
All the Things We Do in the Dark,"Mitchell, Saundra",43801602.0,https://www.goodreads.com/book/show/43801602-all-the-things-we-do-in-the-dark?from_search=true&from_srp=true&qid=21X2JLKoyM&rank=1,True,"All the Things We Do in the Dark Mitchell, Saundra",3.51,996,,,180 (18%),345 (34%),311 (31%),122 (12%),38 (3%)
Almost Perfect,"Katcher, Brian",5982474.0,https://www.goodreads.com/book/show/5982474-almost-perfect?from_search=true&from_srp=true&qid=YSXX8GHgdB&rank=1,True,"Almost Perfect Katcher, Brian",3.84,9083,,,"3,314 (36%)","2,648 (29%)","1,957 (21%)",693 (7%),471 (5%)
Another Day,"Levithan, David",18459855.0,https://www.goodreads.com/book/show/18459855-another-day?from_search=true&from_srp=true&qid=bvYKzUTdpP&rank=1,True,"Another Day Levithan, David",3.58,26502,,,"5,537 (20%)","8,868 (33%)","8,329 (31%)","2,892 (10%)",876 (3%)
Aristotle and Dante Discover the Secrets of the Universe,"Sáenz, Benjamin Alire",12000020.0,https://www.goodreads.com/book/show/12000020-aristotle-and-dante-discover-the-secrets-of-the-universe?from_search=true&from_srp=true&qid=dYOm3XFiUz&rank=1,True,"Aristotle and Dante Discover the Secrets of the Universe Sáenz, Benjamin Alire",4.29,677444,,,"351,875 (51%)","209,212 (30%)","84,488 (12%)","21,520 (3%)","10,349 (1%)"
Bad Boy,"Wieler, Diana",1155134.0,https://www.goodreads.com/book/show/1155134.Bad_Boy?from_search=true&from_srp=true&qid=OsVEJomGg5&rank=1,True,"Bad Boy Wieler, Diana",3.26,100,,,18 (18%),22 (22%),36 (36%),16 (16%),8 (8%)
Beautiful,"Reed, Amy",6323474.0,https://www.goodreads.com/book/show/6323474-beautiful?from_search=true&from_srp=true&qid=3CAfRmUBE2&rank=1,True,"Beautiful Reed, Amy",3.66,5578,,,"1,776 (31%)","1,425 (25%)","1,391 (24%)",652 (11%),334 (5%)
Being Jazz: My Life as a (Transgender) Teen,"Jennings, Jazz",28587986.0,https://www.goodreads.com/book/show/28587986-being-jazz?from_search=true&from_srp=true&qid=dMJCJaHtMe&rank=1,True,"Being Jazz: My Life as a (Transgender) Teen Jennings, Jazz",3.87,5639,,,"1,528 (27%)","2,278 (40%)","1,478 (26%)",281 (4%),74 (1%)
Beloved,"Morrison, Toni",6149.0,https://www.goodreads.com/book/show/6149.Beloved?from_search=true&from_srp=true&qid=fI3E7dh5hh&rank=1,True,"Beloved Morrison, Toni",3.98,491684,,,"193,128 (39%)","160,107 (32%)","90,240 (18%)","31,629 (6%)","16,580 (3%)"
Between Mom and Jo,"Peters, Julie Anne",496102.0,https://www.goodreads.com/book/show/496102.Between_Mom_and_Jo?from_search=true&from_srp=true&qid=RdcJrOr5aM&rank=1,True,"Between Mom and Jo Peters, Julie Anne",3.91,3212,,,"1,147 (35%)",988 (30%),790 (24%),214 (6%),73 (2%)
Beyond Dreams,"Reynolds, Marilyn",28763838.0,https://www.goodreads.com/book/show/28763838-beyond-dreams?from_search=true&from_srp=true&qid=GEHy5BG5MI&rank=1,True,"Beyond Dreams Reynolds, Marilyn",4.05,60,,,28 (46%),13 (21%),13 (21%),6 (10%),0 (0%)
Beyond Magenta: Transgender Teens Speak Out,"Kuklin, Susan",18166920.0,https://www.goodreads.com/book/show/18166920-beyond-magenta?from_search=true&from_srp=true&qid=cx7zrQn6pC&rank=1,True,"Beyond Magenta: Transgender Teens Speak Out Kuklin, Susan",3.80,5222,,,"1,534 (29%)","1,842 (35%)","1,295 (24%)",380 (7%),171 (3%)
Clap When You Land,"Acevedo, Elizabeth",234334392.0,https://www.goodreads.com/book/show/234334392-novel-unit?from_search=true&from_srp=true&qid=yRLGavGTBZ&rank=1,True,"Clap When You Land Acevedo, Elizabeth",5.00,2,,,2 (100%),0 (0%),0 (0%),0 (0%),0 (0%)
Crank,"Hopkins, Ellen",12437190.0,https://www.goodreads.com/book/show/12437190-crank-by-ellen-hopkins-l-summary-study-guide?from_search=true&from_srp=true&qid=kN8uV7KvKn&rank=1,True,"Crank Hopkins, Ellen",4.60,48,,,35 (72%),8 (16%),4 (8%),1 (2%),0 (0%)
Echo After Echo,"Capetta, A. R.",51165961.0,https://www.goodreads.com/book/show/51165961-echo-after-echo?from_search=true&from_srp=true&qid=PRaX8lRoaS&rank=1,True,"Echo After Echo Capetta, A. R.",3.86,1452,,,419 (28%),573 (39%),326 (22%),105 (7%),29 (1%)
Embrace,"Shirvington, Jessica",8635145.0,https://www.goodreads.com/book/show/8635145-embrace?from_search=true&from_srp=true&qid=IuQN4H06IV&rank=1,True,"Embrace Shirvington, Jessica",4.00,27177,,,"11,300 (41%)","8,311 (30%)","4,892 (18%)","1,729 (6%)",945 (3%)
Fancy White Trash,"Geerling, Marjetta",2790866.0,https://www.goodreads.com/book/show/2790866-fancy-white-trash?from_search=true&from_srp=true&qid=Q9ysT1FH0o&rank=1,True,"Fancy White Trash Geerling, Marjetta",3.81,819,,,227 (27%),303 (36%),218 (26%),52 (6%),19 (2%)
Gingerbread,"Cohn, Rachel",143690501.0,https://www.goodreads.com/book/show/143690501-gingerbread-by-rachel-cohn?from_search=true&from_srp=true&qid=klsuOGJnoH&rank=1,True,"Gingerbread Cohn, Rachel",3.64,10937,,,"2,952 (26%)","3,201 (29%)","3,131 (28%)","1,207 (11%)",446 (4%)
Girl Made of Stars,"Blake, Ashley Herring",35721231.0,https://www.goodreads.com/book/show/35721231-girl-made-of-stars?from_search=true&from_srp=true&qid=D9NzCo4zyJ&rank=1,True,"Girl Made of Stars Blake, Ashley Herring",4.18,29765,,,"12,867 (43%)","11,043 (37%)","4,598 (15%)",958 (3%),299 (1%)
Graceling,"Cashore, Kristin",243802574.0,https://www.goodreads.com/book/show/243802574-graceling-by?from_search=true&from_srp=true&qid=LxsZfcnO1b&rank=1,True,"Graceling Cashore, Kristin",0.00,0,,,0 (0%),0 (0%),0 (0%),0 (0%),0 (0%)
Grasshopper Jungle,"Smith, Andrew",137479177.0,https://www.goodreads.com/book/show/137479177-grasshopper-jungle-by-andrew-smith?from_search=true&from_srp=true&qid=xO7yR2jvpo&rank=1,True,"Grasshopper Jungle Smith, Andrew",3.68,19,,,4 (21%),8 (42%),5 (26%),1 (5%),1 (5%)
Highly Illogical Behavior,"Whaley, John Corey",26109391.0,https://www.goodreads.com/book/show/26109391-highly-illogical-behavior?from_search=true&from_srp=true&qid=e9Eql7yBn8&rank=1,True,"Highly Illogical Behavior Whaley, John Corey",3.90,17410,,,"4,789 (27%)","7,439 (42%)","4,083 (23%)",873 (5%),226 (1%)
History Is All You Left Me,"Silvera, Adam",194610770.0,https://www.goodreads.com/book/show/194610770-study-guide?from_search=true&from_srp=true&qid=GNrzLQtx9B&rank=1,True,"History Is All You Left Me Silvera, Adam",0.00,0,,,0 (0%),0 (0%),0 (0%),0 (0%),0 (0%)
I Know Why the Caged Bird Sings,"Angelou, Maya",45046086.0,https://www.goodreads.com/book/show/45046086-i-know-why-the-caged-bird-sings-by-maya-angelou-book-analysis?from_search=true&from_srp=true&qid=rstZIwOQj1&rank=1,True,"I Know Why the Caged Bird Sings Angelou, Maya",3.80,25,review,,10 (40%),7 (28%),4 (16%),1 (4%),3 (12%)
I'll Give You the Sun,"Nelson, Jandy",20820994.0,https://www.goodreads.com/book/show/20820994-i-ll-give-you-the-sun?from_search=true&from_srp=true&qid=wRV7FKlGnU&rank=1,True,"I'll Give You the Sun Nelson, Jandy",4.15,358040,,,"177,878 (49%)","99,593 (27%)","50,534 (14%)","17,293 (4%)","12,742 (3%)"
Identical,"Hopkins, Ellen",37542448.0,https://www.goodreads.com/book/show/37542448-summary-study-guide-identical-by-ellen-hopkins?from_search=true&from_srp=true&qid=AMnVJtte9F&rank=1,True,"Identical Hopkins, Ellen",5.00,3,,,3 (100%),0 (0%),0 (0%),0 (0%),0 (0%)
It's Not Like It's a Secret,"Sugiura, Misa",29073707.0,https://www.goodreads.com/book/show/29073707-it-s-not-like-it-s-a-secret?from_search=true&from_srp=true&qid=Ki0N8WuOb5&rank=1,True,"It's Not Like It's a Secret Sugiura, Misa",3.54,11321,,,"2,205 (19%)","3,757 (33%)","3,639 (32%)","1,344 (11%)",376 (3%)
"Jane, Unlimited","Cashore, Kristin",32991569.0,https://www.goodreads.com/book/show/32991569-jane-unlimited?from_search=true&from_srp=true&qid=WOQ7xDHBha&rank=1,True,"Jane, Unlimited Cashore, Kristin",3.37,11812,,,"2,111 (17%)","3,525 (29%)","3,599 (30%)","1,823 (15%)",754 (6%)
"l8r, g8r","Myracle, Lauren",563321.0,https://www.goodreads.com/book/show/563321.l8r_g8r?from_search=true&from_srp=true&qid=B3LXI1cExi&rank=1,True,"l8r, g8r Myracle, Lauren",3.74,8223,,,"2,565 (31%)","2,271 (27%)","2,328 (28%)",822 (9%),237 (2%)
Lizard Radio,"Schmatz, Pat",152291177.0,https://www.goodreads.com/book/show/152291177-lizard-radio-by-pat-schmatz?from_search=true&from_srp=true&qid=V7drDfq29a&rank=1,True,"Lizard Radio Schmatz, Pat",0.00,0,,,0 (0%),0 (0%),0 (0%),0 (0%),0 (0%)
Lush,"Friend, Natasha",136328733.0,https://www.goodreads.com/book/show/136328733-lush-by-natasha-friend?from_search=true&from_srp=true&qid=80ZBX1d2Su&rank=1,True,"Lush Friend, Natasha",0.00,0,,,0 (0%),0 (0%),0 (0%),0 (0%),0 (0%)
M or F?,"Papademetriou, Lisa",94078.0,https://www.goodreads.com/book/show/94078.M_or_F_?from_search=true&from_srp=true&qid=k33MhjGit8&rank=1,True,"M or F? Papademetriou, Lisa",3.70,2063,,,534 (25%),662 (32%),628 (30%),188 (9%),51 (2%)
Monday's Not Coming,"Jackson, Tiffany D.",35068534.0,https://www.goodreads.com/book/show/35068534-monday-s-not-coming?from_search=true&from_srp=true&qid=b3iN2HaxI4&rank=1,True,"Monday's Not Coming Jackson, Tiffany D.",4.26,80702,,,"36,912 (45%)","30,747 (38%)","10,505 (13%)","2,039 (2%)",499 (<1%)
Once and Future,"Capetta, A. R.",36233085.0,https://www.goodreads.com/book/show/36233085-once-future?from_search=true&from_srp=true&qid=MXrJGH6C3K&rank=1,True,"Once and Future Capetta, A. R.",3.55,10698,,,"2,499 (23%)","3,370 (31%)","2,964 (27%)","1,239 (11%)",626 (5%)
Out of Darkness,"Pérez, Ashley Hope",25256386.0,https://www.goodreads.com/book/show/25256386-out-of-darkness?from_search=true&from_srp=true&qid=WUEr0rEZbr&rank=1,True,"Out of Darkness Pérez, Ashley Hope",4.14,8731,,,"3,666 (41%)","3,348 (38%)","1,197 (13%)",337 (3%),183 (2%)
Pet,"Emezi, Akwaeke",88744212.0,https://www.goodreads.com/book/show/88744212-study-guide?from_search=true&from_srp=true&qid=iMiDjRzhld&rank=1,True,"Pet Emezi, Akwaeke",1.00,2,review,,0 (0%),0 (0%),0 (0%),0 (0%),2 (100%)
Rabbit is Rich,"Updike, John",21399572.0,https://www.goodreads.com/book/show/21399572-summary-study-guide-rabbit-is-rich-by-john-updike?from_search=true&from_srp=true&qid=a6Lgftn2nh&rank=1,True,"Rabbit is Rich Updike, John",0.00,0,,,0 (0%),0 (0%),0 (0%),0 (0%),0 (0%)
Say the Word,"Garsee, Jeannine",211297473.0,https://www.goodreads.com/book/show/211297473-say-the-word-author?from_search=true&from_srp=true&qid=NDn4hh64iK&rank=1,True,"Say the Word Garsee, Jeannine",0.00,0,,,0 (0%),0 (0%),0 (0%),0 (0%),0 (0%)
Shout,"Anderson, Laurie Halse",40519259.0,https://www.goodreads.com/book/show/40519259-shout?from_search=true&from_srp=true&qid=ukLb1fgXNx&rank=1,True,"Shout Anderson, Laurie Halse",4.24,22118,,,"10,253 (46%)","7,945 (35%)","3,160 (14%)",597 (2%),163 (<1%)
Simon vs. the Homo Sapiens Agenda,"Albertalli, Becky",40551242.0,https://www.goodreads.com/book/show/40551242-summary-of-simon-vs-the-homo-sapiens-agenda-by-becky-albertalli-summa?from_search=true&from_srp=true&qid=D4FWKkZGTs&rank=1,True,"Simon vs. the Homo Sapiens Agenda Albertalli, Becky",4.14,14,,,7 (50%),4 (28%),2 (14%),0 (0%),1 (7%)
Sloppy Firsts,"McCafferty, Megan",138202.0,https://www.goodreads.com/book/show/138202.Sloppy_Firsts?from_search=true&from_srp=true&qid=ZbfFeFD8O3&rank=1,True,"Sloppy Firsts McCafferty, Megan",3.95,36275,,,"13,122 (36%)","12,243 (33%)","7,745 (21%)","2,169 (5%)",996 (2%)
The ABC's of LGBT+,"Mardell, Ashley",28783749.0,https://www.goodreads.com/book/show/28783749-the-abc-s-of-lgbt?from_search=true&from_srp=true&qid=lcuou0vgoE&rank=1,True,"The ABC's of LGBT+ Mardell, Ashley",4.23,2023,,,940 (46%),721 (35%),283 (13%),47 (2%),32 (1%)
The Art of Being Normal,"Williamson, Lisa",23058402.0,https://www.goodreads.com/book/show/23058402-the-art-of-being-normal?from_search=true&from_srp=true&qid=cwfALlXRf0&rank=1,True,"The Art of Being Normal Williamson, Lisa",3.90,20389,,,"6,777 (33%)","7,520 (36%)","4,041 (19%)","1,325 (6%)",726 (3%)
The Bluest Eye,"Morrison, Toni",45294414.0,https://www.goodreads.com/book/show/45294414-study-guide?from_search=true&from_srp=true&qid=BYMg2Lyqxm&rank=1,True,"The Bluest Eye Morrison, Toni",3.50,6,,,2 (33%),1 (16%),2 (33%),0 (0%),1 (16%)
The Breakaways,"Johnson, Cathy G.",25528854.0,https://www.goodreads.com/book/show/25528854-the-breakaways?from_search=true&from_srp=true&qid=Zp53rhtWAK&rank=1,True,"The Breakaways Johnson, Cathy G.",3.32,2811,,,529 (18%),625 (22%),"1,019 (36%)",494 (17%),144 (5%)
The Downstairs Girl,"Lee, Stacey",185436202.0,https://www.goodreads.com/book/show/185436202-study-guide?from_search=true&from_srp=true&qid=PATctSVVaX&rank=1,True,"The Downstairs Girl Lee, Stacey",0.00,0,,,0 (0%),0 (0%),0 (0%),0 (0%),0 (0%)
The Glass Castle,"Walls, Jeannette",20414849.0,https://www.goodreads.com/book/show/20414849-summary-study-guide-the-glass-castle-by-jeannette-walls?from_search=true&from_srp=true&qid=GKxPo0o4wH&rank=1,True,"The Glass Castle Walls, Jeannette",4.03,62,,,30 (48%),14 (22%),11 (17%),4 (6%),3 (4%)
The Hate U Give,"Thomas, Angie",44805980.0,https://www.goodreads.com/book/show/44805980-the-hate-u-give-by-angie-thomas-book-analysis?from_search=true&from_srp=true&qid=EvCi5i9LIc&rank=1,True,"The Hate U Give Thomas, Angie",4.44,9,review,,5 (55%),3 (33%),1 (11%),0 (0%),0 (0%)
The Haters,"Andrews, Jesse",26095121.0,https://www.goodreads.com/book/show/26095121-the-haters?from_search=true&from_srp=true&qid=RJdxUtUH9Q&rank=1,True,"The Haters Andrews, Jesse",3.41,6344,,,"1,078 (16%)","1,964 (30%)","2,099 (33%)",865 (13%),338 (5%)
The Infinite Moment of Us,"Myracle, Lauren",17290266.0,https://www.goodreads.com/book/show/17290266-the-infinite-moment-of-us?from_search=true&from_srp=true&qid=7V4vcgJEjV&rank=1,True,"The Infinite Moment of Us Myracle, Lauren",3.17,11176,,,"1,880 (16%)","2,632 (23%)","3,362 (30%)","2,084 (18%)","1,218 (10%)"
The Kite Runner,"Hosseini, Khaled",21060082.0,https://www.goodreads.com/book/show/21060082-summary-study-guide-the-kite-runner-by-khaled-hosseini?from_search=true&from_srp=true&qid=pC8tWqOcCc&rank=1,True,"The Kite Runner Hosseini, Khaled",4.00,19,,,6 (31%),8 (42%),4 (21%),1 (5%),0 (0%)
The Miseducation of Cameron Post,"Danforth, Emily M.",40801157.0,https://www.goodreads.com/book/show/40801157-the-miseducation-of-cameron-post?from_search=true&from_srp=true&qid=M3lpgdJkzB&rank=1,True,"The Miseducation of Cameron Post Danforth, Emily M.",4.06,60047,,,"23,282 (38%)","22,509 (37%)","10,319 (17%)","2,572 (4%)","1,365 (2%)"
The Test,"Kern, Peggy",151118075.0,https://www.goodreads.com/book/show/151118075-the-test-by-peggy-kern?from_search=true&from_srp=true&qid=IH8DTiJMCY&rank=1,True,"The Test Kern, Peggy",0.00,0,,,0 (0%),0 (0%),0 (0%),0 (0%),0 (0%)
The Upside of Unrequited,"Albertalli, Becky",30653853.0,https://www.goodreads.com/book/show/30653853-the-upside-of-unrequited?from_search=true&from_srp=true&qid=BG7h0Y51QE&rank=1,True,"The Upside of Unrequited Albertalli, Becky",3.88,77265,,,"23,445 (30%)","29,317 (37%)","18,145 (23%)","4,788 (6%)","1,570 (2%)"
The Vincent Boys,"Glines, Abbi",240012864.0,https://www.goodreads.com/book/show/240012864-the-vincent-boys-by?from_search=true&from_srp=true&qid=BimMt0lImH&rank=1,True,"The Vincent Boys Glines, Abbi",0.00,0,,,0 (0%),0 (0%),0 (0%),0 (0%),0 (0%)
The You I've Never Known,"Hopkins, Ellen",30312837.0,https://www.goodreads.com/book/show/30312837-the-you-i-ve-never-known?from_search=true&from_srp=true&qid=Iy7FZukRwN&rank=1,True,"The You I've Never Known Hopkins, Ellen",3.94,7711,,,"2,687 (34%)","2,668 (34%)","1,734 (22%)",457 (5%),165 (2%)
They Both Die at the End,"Silvera, Adam",60900548.0,https://www.goodreads.com/book/show/60900548-study-guide?from_search=true&from_srp=true&qid=kjkDssq3Zg&rank=1,True,"They Both Die at the End Silvera, Adam",5.00,2,,,2 (100%),0 (0%),0 (0%),0 (0%),0 (0%)
This One Summer,"Tamaki, Mariko",18465566.0,https://www.goodreads.com/book/show/18465566-this-one-summer?from_search=true&from_srp=true&qid=gbFEuNEK15&rank=1,True,"This One Summer Tamaki, Mariko",3.69,92624,,,"24,648 (26%)","30,149 (32%)","25,543 (27%)","8,590 (9%)","3,694 (3%)"
Traffick,"Hopkins, Ellen",23015872.0,https://www.goodreads.com/book/show/23015872-traffick?from_search=true&from_srp=true&qid=XVDr9FjZMY&rank=1,True,"Traffick Hopkins, Ellen",4.27,8156,,,"3,990 (48%)","2,676 (32%)","1,253 (15%)",202 (2%),35 (<1%)
Triangles,"Hopkins, Ellen",10843755.0,https://www.goodreads.com/book/show/10843755-triangles?from_search=true&from_srp=true&qid=T4gIdoKIsU&rank=1,True,"Triangles Hopkins, Ellen",3.95,10061,,,"3,844 (38%)","2,976 (29%)","2,340 (23%)",688 (6%),213 (2%)
Tricks,"Hopkins, Ellen",5510384.0,https://www.goodreads.com/book/show/5510384-tricks?from_search=true&from_srp=true&qid=R8NT2gzbDQ&rank=1,True,"Tricks Hopkins, Ellen",4.27,41510,,,"21,647 (52%)","11,861 (28%)","6,094 (14%)","1,354 (3%)",554 (1%)
Wonders of the Invisible World,"Barzak, Christopher",19370974.0,https://www.goodreads.com/book/show/19370974-wonders-of-the-invisible-world?from_search=true&from_srp=true&qid=wnFXC8UZ1D&rank=1,True,"Wonders of the Invisible World Barzak, Christopher",3.78,2585,,,720 (27%),908 (35%),676 (26%),230 (8%),51 (1%)
2024: A Graphic Novel,"Rall, Ted",622717.0,https://www.goodreads.com/book/show/622717.2024?from_search=true&from_srp=true&qid=H6v4QpFJJr&rank=1,True,"2024: A Graphic Novel Rall, Ted",3.03,108,,,12 (11%),21 (19%),43 (39%),22 (20%),10 (9%)
9 Days and 9 Nights,"Cotugno, Katie",35068736.0,https://www.goodreads.com/book/show/35068736-9-days-and-9-nights?from_search=true&from_srp=true&qid=ps6hYDMmtD&rank=1,True,"9 Days and 9 Nights Cotugno, Katie",3.64,5851,,,"1,177 (20%)","2,180 (37%)","1,847 (31%)",526 (8%),121 (2%)
99 Days,"Cotugno, Katie",22836575.0,https://www.goodreads.com/book/show/22836575-99-days?from_search=true&from_srp=true&qid=JO4hOgRxCq&rank=1,True,"99 Days Cotugno, Katie",3.30,27905,,,"4,594 (16%)","7,705 (27%)","9,103 (32%)","4,542 (16%)","1,961 (7%)"
A Bend In The Road,"Sparks, Nicholas",21520472.0,https://www.goodreads.com/book/show/21520472-summary-study-guide-a-bend-in-the-road-by-nicholas-sparks?from_search=true&from_srp=true&qid=1FwoK21cXQ&rank=1,True,"A Bend In The Road Sparks, Nicholas",4.04,24,,,9 (37%),9 (37%),5 (20%),0 (0%),1 (4%)
A Great and Terrible Beauty,"Bray, Libba",3682.0,https://www.goodreads.com/book/show/3682.A_Great_and_Terrible_Beauty?from_search=true&from_srp=true&qid=08QqNyQK81&rank=1,True,"A Great and Terrible Beauty Bray, Libba",3.80,225623,,,"72,865 (32%)","70,762 (31%)","53,755 (23%)","19,899 (8%)","8,342 (3%)"
A Heart in a Body in the World,"Caletti, Deb",63848532.0,https://www.goodreads.com/book/show/63848532-study-guide?from_search=true&from_srp=true&qid=sv6y57x0V2&rank=1,True,"A Heart in a Body in the World Caletti, Deb",0.00,0,,,0 (0%),0 (0%),0 (0%),0 (0%),0 (0%)
A Question of Holmes,"Cavallaro, Brittany",38251245.0,https://www.goodreads.com/book/show/38251245-a-question-of-holmes?from_search=true&from_srp=true&qid=1yXk26bE6s&rank=1,True,"A Question of Holmes Cavallaro, Brittany",3.96,12089,,,"3,266 (27%)","5,603 (46%)","2,794 (23%)",377 (3%),49 (<1%)
A Spark of Light,"Picoult, Jodi",214006343.0,https://www.goodreads.com/book/show/214006343-study-guide?from_search=true&from_srp=true&qid=fHQFHucJtQ&rank=1,True,"A Spark of Light Picoult, Jodi",0.00,0,,,0 (0%),0 (0%),0 (0%),0 (0%),0 (0%)
A Study in Charlotte,"Cavallaro, Brittany",204880803.0,https://www.goodreads.com/book/show/204880803-study-guide?from_search=true&from_srp=true&qid=pyqYJXr6HN&rank=1,True,"A Study in Charlotte Cavallaro, Brittany",0.00,0,,,0 (0%),0 (0%),0 (0%),0 (0%),0 (0%)
A Swift Pure Cry,"Dowd, Siobhan",128733337.0,https://www.goodreads.com/book/show/128733337-a-swift-pure-cry?from_search=true&from_srp=true&qid=rfjqgdPQ2O&rank=1,True,"A Swift Pure Cry Dowd, Siobhan",3.79,2793,,,731 (26%),"1,084 (38%)",706 (25%),210 (7%),62 (2%)
A Thousand Pieces of You,"Gray, Claudia",17234658.0,https://www.goodreads.com/book/show/17234658-a-thousand-pieces-of-you?from_search=true&from_srp=true&qid=D3NKkPBu6v&rank=1,True,"A Thousand Pieces of You Gray, Claudia",3.89,61856,,,"19,550 (31%)","23,329 (37%)","13,428 (21%)","3,918 (6%)","1,631 (2%)"
Abandon,"Cabot, Meg",13061500.0,https://www.goodreads.com/book/show/13061500-awaken?from_search=true&from_srp=true&qid=LxrZcit0KM&rank=1,True,"Abandon Cabot, Meg",3.91,14322,,,"5,156 (36%)","4,492 (31%)","3,291 (22%)","1,042 (7%)",341 (2%)
Across the Universe,"Revis, Beth",40919176.0,https://www.goodreads.com/book/show/40919176-summary-study-guide-across-the-universe-by-beth-revis?from_search=true&from_srp=true&qid=svL8NMThiB&rank=1,True,"Across the Universe Revis, Beth",3.00,1,,,0 (0%),0 (0%),1 (100%),0 (0%),0 (0%)
Against the Tide,"Sutherland, Tui",18114583.0,https://www.goodreads.com/book/show/18114583-against-the-tide?from_search=true&from_srp=true&qid=lOAIpRifLW&rank=1,True,"Against the Tide Sutherland, Tui",4.23,8280,,,"4,073 (49%)","2,500 (30%)","1,338 (16%)",261 (3%),108 (1%)
Airhead,"Cabot, Meg",5135798.0,https://www.goodreads.com/book/show/5135798-being-nikki?from_search=true&from_srp=true&qid=rDlRrqYJSg&rank=1,True,"Airhead Cabot, Meg",3.85,29950,,,"9,187 (30%)","10,138 (33%)","8,036 (26%)","2,126 (7%)",463 (1%)
"Alex, Approximately","Bennett, Jenn",30312700.0,https://www.goodreads.com/book/show/30312700-alex-approximately?from_search=true&from_srp=true&qid=ETJpHy7jTI&rank=1,True,"Alex, Approximately Bennett, Jenn",3.93,55179,,,"17,024 (30%)","22,181 (40%)","12,177 (22%)","2,898 (5%)",899 (1%)
All for One,"de la Cruz, Melissa",40614146.0,https://www.goodreads.com/book/show/40614146-all-for-one?from_search=true&from_srp=true&qid=Wr7aDGKeCL&rank=1,True,"All for One de la Cruz, Melissa",3.56,3103,,,614 (19%),"1,013 (32%)","1,069 (34%)",312 (10%),95 (3%)
All the Pretty Horses,"McCarthy, Cormac",20748933.0,https://www.goodreads.com/book/show/20748933-summary-study-guide-all-the-pretty-horses-by-cormac-mccarthy?from_search=true&from_srp=true&qid=0UuUGUTTEi&rank=1,True,"All the Pretty Horses McCarthy, Cormac",4.00,2,,,1 (50%),0 (0%),1 (50%),0 (0%),0 (0%)
All the Pretty Things,"Arsenault, Emily",51960675.0,https://www.goodreads.com/book/show/51960675-all-the-pretty-things?from_search=true&from_srp=true&qid=wU63oXyXyy&rank=1,True,"All the Pretty Things Arsenault, Emily",3.01,1650,,,134 (8%),365 (22%),656 (39%),379 (22%),116 (7%)
All the Truth That's In Me,"Berry, Julie",17297487.0,https://www.goodreads.com/book/show/17297487-all-the-truth-that-s-in-me?from_search=true&from_srp=true&qid=EpqyL72bEU&rank=1,True,"All the Truth That's In Me Berry, Julie",3.91,15464,,,"5,092 (32%)","5,704 (36%)","3,338 (21%)",872 (5%),458 (2%)
All This Time,"Daughtry, Mikki",128583722.0,https://www.goodreads.com/book/show/128583722-study-guide?from_search=true&from_srp=true&qid=JXHKXiWYDT&rank=1,True,"All This Time Daughtry, Mikki",0.00,0,,,0 (0%),0 (0%),0 (0%),0 (0%),0 (0%)
All You Never Wanted,"Griffin, Adele",13414841.0,https://www.goodreads.com/book/show/13414841-all-you-never-wanted?from_search=true&from_srp=true&qid=UhsdyUO8dh&rank=1,True,"All You Never Wanted Griffin, Adele",3.00,728,,,72 (9%),158 (21%),264 (36%),166 (22%),68 (9%)
Alone,"Freeman, Megan",49202861.0,https://www.goodreads.com/book/show/49202861-alone?from_search=true&from_srp=true&qid=3zOtNqhJia&rank=1,True,"Alone Freeman, Megan",4.13,21200,,,"8,606 (40%)","8,182 (38%)","3,321 (15%)",768 (3%),323 (1%)
Altered,"Albin, Gennifer",16140922.0,https://www.goodreads.com/book/show/16140922-altered?from_search=true&from_srp=true&qid=wXYVeIOv1a&rank=1,True,"Altered Albin, Gennifer",3.66,5317,,,"1,184 (22%)","1,908 (35%)","1,607 (30%)",494 (9%),124 (2%)
An Abundance of Katherines,"Green, John",139862143.0,https://www.goodreads.com/book/show/139862143-an-abundance-of-katherines-by-john-green-10-may-2012-paperback?from_search=true&from_srp=true&qid=9T40Ae3DqG&rank=1,True,"An Abundance of Katherines Green, John",3.51,550394,,,"119,240 (21%)","165,751 (30%)","167,551 (30%)","69,711 (12%)","28,141 (5%)"
An Assassin's Guide to Love and Treason,"Boecker, Virginia",37678396.0,https://www.goodreads.com/book/show/37678396-an-assassin-s-guide-to-love-and-treason?from_search=true&from_srp=true&qid=mEmK208r10&rank=1,True,"An Assassin's Guide to Love and Treason Boecker, Virginia",3.64,2652,,,514 (19%),"1,006 (37%)",859 (32%),218 (8%),55 (2%)
Annexed,"Dogar, Sharon",139529417.0,https://www.goodreads.com/book/show/139529417-annexed-by-sharon-dogar?from_search=true&from_srp=true&qid=zyPnhtXt81&rank=1,True,"Annexed Dogar, Sharon",3.67,3,,,0 (0%),2 (66%),1 (33%),0 (0%),0 (0%)
Antisocial,"Blake, Jillian",29905900.0,https://www.goodreads.com/book/show/29905900-antisocial?from_search=true&from_srp=true&qid=zK2k4zqMyE&rank=1,True,"Antisocial Blake, Jillian",3.39,2063,,,382 (18%),552 (26%),735 (35%),286 (13%),108 (5%)
Ashes to Ashes,"Han, Jenny",10662433.0,https://www.goodreads.com/book/show/10662433-ashes-to-ashes?from_search=true&from_srp=true&qid=XpwfmmHAyx&rank=1,True,"Ashes to Ashes Han, Jenny",3.64,16565,,,"4,264 (25%)","5,134 (30%)","4,753 (28%)","1,726 (10%)",688 (4%)
At the Edge of the Universe,"Hutchinson, Shaun David",28763240.0,https://www.goodreads.com/book/show/28763240-at-the-edge-of-the-universe?from_search=true&from_srp=true&qid=y8giVq9sFx&rank=1,True,"At the Edge of the Universe Hutchinson, Shaun David",4.14,6455,,,"2,714 (42%)","2,354 (36%)","1,068 (16%)",236 (3%),83 (1%)
"Audrey, Wait!","Benway, Robin",1627267.0,https://www.goodreads.com/book/show/1627267.Audrey_Wait_?from_search=true&from_srp=true&qid=eWGFmQFOle&rank=1,True,"Audrey, Wait! Benway, Robin",3.77,14697,,,"4,278 (29%)","4,878 (33%)","3,834 (26%)","1,230 (8%)",477 (3%)
Avalon High,"Cabot, Meg",187812.0,https://www.goodreads.com/book/show/187812.Avalon_High?from_search=true&from_srp=true&qid=VsfLOp0XJY&rank=1,True,"Avalon High Cabot, Meg",3.81,47574,,,"14,303 (30%)","15,553 (32%)","13,140 (27%)","3,712 (7%)",866 (1%)
Awakened,"Cast, P. C.",8652190.0,https://www.goodreads.com/book/show/8652190-awakened?from_search=true&from_srp=true&qid=jvG9f2stuD&rank=1,True,"Awakened Cast, P. C.",4.00,144933,,,"61,316 (42%)","40,774 (28%)","29,210 (20%)","9,435 (6%)","4,198 (2%)"
Be Not Far From Me,"McGinnis, Mindy",196575083.0,https://www.goodreads.com/book/show/196575083-study-guide?from_search=true&from_srp=true&qid=aBrqhnozMu&rank=1,True,"Be Not Far From Me McGinnis, Mindy",0.00,0,,,0 (0%),0 (0%),0 (0%),0 (0%),0 (0%)
Beastly,"Flinn, Alex",544891.0,https://www.goodreads.com/book/show/544891.Beastly?from_search=true&from_srp=true&qid=kX00jRINeZ&rank=1,True,"Beastly Flinn, Alex",3.82,178493,,,"58,435 (32%)","54,391 (30%)","45,604 (25%)","15,045 (8%)","5,018 (2%)"
Because You Love to Hate Me: 13 Tales of Villainy,Ameriie,31450752.0,https://www.goodreads.com/book/show/31450752-because-you-love-to-hate-me?from_search=true&from_srp=true&qid=pl8utM2WsY&rank=1,True,Because You Love to Hate Me: 13 Tales of Villainy Ameriie,3.49,9268,,,"1,406 (15%)","3,206 (34%)","3,447 (37%)",936 (10%),273 (2%)
Before I Fall,"Oliver, Lauren",96363439.0,https://www.goodreads.com/book/show/96363439-study-guide?from_search=true&from_srp=true&qid=rijXE2Z3u9&rank=1,True,"Before I Fall Oliver, Lauren",0.00,0,,,0 (0%),0 (0%),0 (0%),0 (0%),0 (0%)
Before the Devil Breaks You,"Bray, Libba",25985241.0,https://www.goodreads.com/book/show/25985241-before-the-devil-breaks-you?from_search=true&from_srp=true&qid=5wORn5wMht&rank=1,True,"Before the Devil Breaks You Bray, Libba",4.25,20817,,,"9,146 (43%)","8,364 (40%)","2,761 (13%)",438 (2%),108 (<1%)
Being Nikki,"Cabot, Meg",5135798.0,https://www.goodreads.com/book/show/5135798-being-nikki?from_search=true&from_srp=true&qid=aBEaaEK001&rank=1,True,"Being Nikki Cabot, Meg",3.85,29950,,,"9,187 (30%)","10,138 (33%)","8,036 (26%)","2,126 (7%)",463 (1%)
Betrayed,"Cast, P. C.",19510835.0,https://www.goodreads.com/book/show/19510835-summary-study-guide-betrayed-by-p-c-cast?from_search=true&from_srp=true&qid=BlV1YBWUzu&rank=1,True,"Betrayed Cast, P. C.",3.43,7,,,3 (42%),1 (14%),1 (14%),0 (0%),2 (28%)
Between Perfect and Real,"Stoeve, Ray",54776123.0,https://www.goodreads.com/book/show/54776123-between-perfect-and-real?from_search=true&from_srp=true&qid=gm5u0x8dBE&rank=1,True,"Between Perfect and Real Stoeve, Ray",3.97,2912,,,856 (29%),"1,279 (43%)",632 (21%),119 (4%),26 (<1%)
Bewitching,"Flinn, Alex",11859244.0,https://www.goodreads.com/book/show/11859244-bewitching?from_search=true&from_srp=true&qid=UowISmwVBY&rank=1,True,"Bewitching Flinn, Alex",3.94,10570,,,"3,617 (34%)","3,728 (35%)","2,387 (22%)",607 (5%),231 (2%)
Big Nate From the Top,"Peirce, Lincoln",8939770.0,https://www.goodreads.com/book/show/8939770-big-nate?from_search=true&from_srp=true&qid=keKCt6VhXk&rank=1,True,"Big Nate From the Top Peirce, Lincoln",4.22,27583,,,"15,896 (57%)","5,464 (19%)","3,668 (13%)","1,382 (5%)","1,173 (4%)"
Black Rabbit Summer,"Brooks, Kevin",218995832.0,https://www.goodreads.com/book/show/218995832-black-rabbit-summer-by-kevin-brooks-2008-01-01-hardcover?from_search=true&from_srp=true&qid=xo7dPW6dYA&rank=1,True,"Black Rabbit Summer Brooks, Kevin",0.00,0,,,0 (0%),0 (0%),0 (0%),0 (0%),0 (0%)
Blacktop Wasteland,"Cosby, S. A.",121402298.0,https://www.goodreads.com/book/show/121402298-study-guide?from_search=true&from_srp=true&qid=AAJho2cdgu&rank=1,True,"Blacktop Wasteland Cosby, S. A.",0.00,0,,,0 (0%),0 (0%),0 (0%),0 (0%),0 (0%)
Blight,"Duncan, Alexandra",31371486.0,https://www.goodreads.com/book/show/31371486-blight?from_search=true&from_srp=true&qid=wdlz5TbrVs&rank=1,True,"Blight Duncan, Alexandra",3.78,320,,,74 (23%),129 (40%),90 (28%),25 (7%),2 (<1%)
Bloodline: a novel,"Cary, Kate",208648251.0,https://www.goodreads.com/book/show/208648251-bloodline?from_search=true&from_srp=true&qid=rtr4v1onUV&rank=1,True,"Bloodline: a novel Cary, Kate",0.00,0,,,0 (0%),0 (0%),0 (0%),0 (0%),0 (0%)
Blue Bloods,"de la Cruz, Melissa",872333.0,https://www.goodreads.com/book/show/872333.Blue_Bloods?from_search=true&from_srp=true&qid=QZ2D2t2Fvf&rank=1,True,"Blue Bloods de la Cruz, Melissa",3.70,143946,,,"44,100 (30%)","40,973 (28%)","37,659 (26%)","14,417 (10%)","6,797 (4%)"
Bog Child,"Dowd, Siobhan",211314490.0,https://www.goodreads.com/book/show/211314490-bog-child?from_search=true&from_srp=true&qid=7DBvnSBiLg&rank=1,True,"Bog Child Dowd, Siobhan",3.81,4934,,,"1,261 (25%)","2,010 (40%)","1,254 (25%)",292 (5%),117 (2%)
Broken Throne: A Red Queen Collection,"Aveyard, Victoria",44002050.0,https://www.goodreads.com/book/show/44002050-broken-throne?from_search=true&from_srp=true&qid=2J79SMR2Fq&rank=1,True,"Broken Throne: A Red Queen Collection Aveyard, Victoria",3.80,48620,,,"13,706 (28%)","17,031 (35%)","13,284 (27%)","3,533 (7%)","1,066 (2%)"
Bronxwood,"Booth, Coe",8494485.0,https://www.goodreads.com/book/show/8494485-bronxwood?from_search=true&from_srp=true&qid=NjfIKwsxkb&rank=1,True,"Bronxwood Booth, Coe",4.39,1194,,,714 (59%),303 (25%),125 (10%),31 (2%),21 (1%)
BZRK,"Grant, Michael",29239591.0,https://www.goodreads.com/book/show/29239591-gone-and-bzrk-series-michael-grant-collection-9-books-set?from_search=true&from_srp=true&qid=Qt5SYH4AFo&rank=1,True,"BZRK Grant, Michael",4.50,16,review,,11 (68%),2 (12%),3 (18%),0 (0%),0 (0%)
BZRK Apocalypse,"Grant, Michael",126008837.0,https://www.goodreads.com/book/show/126008837-bzrk-apocalypse-by-michael-grant?from_search=true&from_srp=true&qid=L2qUZspzEg&rank=1,True,"BZRK Apocalypse Grant, Michael",0.00,0,,,0 (0%),0 (0%),0 (0%),0 (0%),0 (0%)
Chain Letter,"Pike, Christopher",25232680.0,https://www.goodreads.com/book/show/25232680-summary-study-guide-chain-letter-by-christopher-pike?from_search=true&from_srp=true&qid=0DzVCguJl7&rank=1,True,"Chain Letter Pike, Christopher",3.00,1,,,0 (0%),0 (0%),1 (100%),0 (0%),0 (0%)
Change of Heart,"Picoult, Jodi",1609451.0,https://www.goodreads.com/book/show/1609451.Change_of_Heart?from_search=true&from_srp=true&qid=OCiATHoQyw&rank=1,True,"Change of Heart Picoult, Jodi",3.95,126205,,,"40,801 (32%)","48,232 (38%)","28,827 (22%)","6,342 (5%)","2,003 (1%)"
Chasing Shadows,"Avasthi, Swati",136206610.0,https://www.goodreads.com/book/show/136206610-chasing-shadows-author?from_search=true&from_srp=true&qid=OWM8mucns2&rank=1,True,"Chasing Shadows Avasthi, Swati",3.00,1,,,0 (0%),0 (0%),1 (100%),0 (0%),0 (0%)
City of Ashes,"Clare, Cassandra",208251796.0,https://www.goodreads.com/book/show/208251796-the-mortal-instruments-2?from_search=true&from_srp=true&qid=qqtjv047pO&rank=1,True,"City of Ashes Clare, Cassandra",3.50,2,,,0 (0%),1 (50%),1 (50%),0 (0%),0 (0%)
City of Bones,"Clare, Cassandra",256683.0,https://www.goodreads.com/book/show/256683.City_of_Bones?from_search=true&from_srp=true&qid=hpCt2QNdvt&rank=1,True,"City of Bones Clare, Cassandra",4.07,2171638,,,"949,748 (43%)","650,060 (29%)","393,879 (18%)","119,331 (5%)","58,620 (2%)"
City of Fallen Angels,"Clare, Cassandra",211402123.0,https://www.goodreads.com/book/show/211402123-city-of-fallen-angels-by-cassandra-clare?from_search=true&from_srp=true&qid=e9Hsg6eU1p&rank=1,True,"City of Fallen Angels Clare, Cassandra",5.00,1,,,1 (100%),0 (0%),0 (0%),0 (0%),0 (0%)
City of Glass,"Clare, Cassandra",3777732.0,https://www.goodreads.com/book/show/3777732-city-of-glass?from_search=true&from_srp=true&qid=SOadmDu7x7&rank=1,True,"City of Glass Clare, Cassandra",4.27,1015578,,,"516,635 (50%)","311,397 (30%)","144,189 (14%)","31,382 (3%)","11,975 (1%)"
City of Lost Souls,"Clare, Cassandra",14367051.0,https://www.goodreads.com/book/show/14367051-city-of-bones-city-of-ashes-city-of-glass-city-of-fallen-angels?from_search=true&from_srp=true&qid=0xXUklQgnX&rank=1,True,"City of Lost Souls Clare, Cassandra",4.56,15161,,,"10,644 (70%)","2,956 (19%)","1,177 (7%)",218 (1%),166 (1%)
Clockwork Angel,"Clare, Cassandra",7171637.0,https://www.goodreads.com/book/show/7171637-clockwork-angel?from_search=true&from_srp=true&qid=33I8Quoi2I&rank=1,True,"Clockwork Angel Clare, Cassandra",4.31,877373,,,"467,727 (53%)","261,537 (29%)","109,267 (12%)","25,968 (2%)","12,874 (1%)"
Clockwork Prince,"Clare, Cassandra",10025305.0,https://www.goodreads.com/book/show/10025305-clockwork-prince?from_search=true&from_srp=true&qid=Au2ceLtyQq&rank=1,True,"Clockwork Prince Clare, Cassandra",4.42,585847,,,"342,976 (58%)","168,534 (28%)","56,724 (9%)","11,672 (1%)","5,941 (1%)"
Code Name Cassandra,"Cabot, Meg",129860356.0,https://www.goodreads.com/book/show/129860356-vanished-books-one-two-when-lightning-strikes-code-name-cassandra-by?from_search=true&from_srp=true&qid=OzhRM0bU55&rank=1,True,"Code Name Cassandra Cabot, Meg",4.19,5062,,,"2,311 (45%)","1,678 (33%)",864 (17%),164 (3%),45 (<1%)
Cold Day in the Sun,"Biren, Sara L.",42506018.0,https://www.goodreads.com/book/show/42506018-cold-day-in-the-sun?from_search=true&from_srp=true&qid=KjCA91v8yx&rank=1,True,"Cold Day in the Sun Biren, Sara L.",3.94,3779,,,"1,215 (32%)","1,442 (38%)",845 (22%),228 (6%),49 (1%)
Cold Mountain,"Frazier, Charles",21361896.0,https://www.goodreads.com/book/show/21361896-a-brief-critical-introduction-to-cold-mountain-charles-frazier?from_search=true&from_srp=true&qid=qM7BprTyQd&rank=1,True,"Cold Mountain Frazier, Charles",4.00,6,,,2 (33%),2 (33%),2 (33%),0 (0%),0 (0%)
Confessions of a High School Disaster,"Chastain, Emma",29220723.0,https://www.goodreads.com/book/show/29220723-confessions-of-a-high-school-disaster?from_search=true&from_srp=true&qid=oRVhShsWCh&rank=1,True,"Confessions of a High School Disaster Chastain, Emma",3.47,1608,,,351 (21%),453 (28%),513 (31%),184 (11%),107 (6%)
Conversion,"Howe, Katherine",18667792.0,https://www.goodreads.com/book/show/18667792-conversion?from_search=true&from_srp=true&qid=32CcRVwWH1&rank=1,True,"Conversion Howe, Katherine",3.30,10262,,,"1,261 (12%)","3,182 (31%)","3,740 (36%)","1,561 (15%)",518 (5%)
Copper Sun,"Draper, Sharon M.",90420.0,https://www.goodreads.com/book/show/90420.Copper_Sun?from_search=true&from_srp=true&qid=5NcHtkIWhq&rank=1,True,"Copper Sun Draper, Sharon M.",4.35,17189,,,"9,325 (54%)","5,360 (31%)","1,933 (11%)",422 (2%),149 (<1%)
Crazy Love,"Abrams, Amir.",13493441.0,https://www.goodreads.com/book/show/13493441-crazy-love?from_search=true&from_srp=true&qid=9wKJ0Iq9pU&rank=1,True,"Crazy Love Abrams, Amir.",4.18,222,,,122 (54%),46 (20%),35 (15%),10 (4%),9 (4%)
Crooked Kingdom,"Bardugo, Leigh",124931554.0,https://www.goodreads.com/book/show/124931554-study-guide?from_search=true&from_srp=true&qid=bfo8GvbpXe&rank=1,True,"Crooked Kingdom Bardugo, Leigh",0.00,0,,,0 (0%),0 (0%),0 (0%),0 (0%),0 (0%)
Dangerous Lies,"Fitzpatrick, Becca",20909906.0,https://www.goodreads.com/book/show/20909906-dangerous-lies?from_search=true&from_srp=true&qid=Mt3yDFj95F&rank=1,True,"Dangerous Lies Fitzpatrick, Becca",3.81,12629,,,"3,597 (28%)","4,534 (35%)","3,285 (26%)",910 (7%),303 (2%)
Dark Triumph,"LaFevers, Robin",9943270.0,https://www.goodreads.com/book/show/9943270-dark-triumph?from_search=true&from_srp=true&qid=NHvutBbGyj&rank=1,True,"Dark Triumph LaFevers, Robin",4.13,44014,,,"17,817 (40%)","17,040 (38%)","7,068 (16%)","1,451 (3%)",638 (1%)
Darkest Hour,"Cabot, Meg",23224.0,https://www.goodreads.com/book/show/23224.Darkest_Hour?from_search=true&from_srp=true&qid=0mDAY18Sq8&rank=1,True,"Darkest Hour Cabot, Meg",4.16,38930,,,"16,454 (42%)","14,037 (36%)","7,042 (18%)","1,078 (2%)",319 (<1%)
Daughter of Smoke and Bone,"Taylor, Laini",25573751.0,https://www.goodreads.com/book/show/25573751-summary-study-guide-daughter-of-smoke-and-bone-by-laini-taylor?from_search=true&from_srp=true&qid=btyYpRV8WU&rank=1,True,"Daughter of Smoke and Bone Taylor, Laini",4.00,2,review,,1 (50%),0 (0%),1 (50%),0 (0%),0 (0%)
Daughter of the Pirate King,"Levenseller, Tricia",33643994.0,https://www.goodreads.com/book/show/33643994-daughter-of-the-pirate-king?from_search=true&from_srp=true&qid=RFVePuIltt&rank=1,True,"Daughter of the Pirate King Levenseller, Tricia",3.93,240769,,,"73,157 (30%)","97,887 (40%)","53,533 (22%)","12,291 (5%)","3,901 (1%)"
Daughter of the Siren Queen,"Levenseller, Tricia",132627651.0,https://www.goodreads.com/book/show/132627651-tricia-levenseller-2-books-set-daughter-of-the-pirate-king-daughter-of?from_search=true&from_srp=true&qid=MUfcPXXmvz&rank=1,True,"Daughter of the Siren Queen Levenseller, Tricia",4.23,379,,,177 (46%),129 (34%),60 (15%),10 (2%),3 (<1%)
"David and Goliath: Underdogs, Misfits, and the Art of Battling Giants","Gladwell, Malcolm",19209733.0,https://www.goodreads.com/book/show/19209733-david-and-goliath?from_search=true&from_srp=true&qid=UBs6t0j44J&rank=1,True,"David and Goliath: Underdogs, Misfits, and the Art of Battling Giants Gladwell, Malcolm",4.39,75,,,39 (52%),27 (36%),8 (10%),1 (1%),0 (0%)
Deadline,"Crutcher, Chris",12475755.0,https://www.goodreads.com/book/show/12475755-deadline-by-chris-crutcher-l-summary-study-guide?from_search=true&from_srp=true&qid=uZysdtgPEo&rank=1,True,"Deadline Crutcher, Chris",4.33,3,,,2 (66%),0 (0%),1 (33%),0 (0%),0 (0%)
Dear Evan Hansen,"Emmich, Val",201727772.0,https://www.goodreads.com/book/show/201727772-dear-evan-hansen-by-val-emmich?from_search=true&from_srp=true&qid=fwi8hf3fbr&rank=1,True,"Dear Evan Hansen Emmich, Val",0.00,0,,,0 (0%),0 (0%),0 (0%),0 (0%),0 (0%)
Dear John,"Sparks, Nicholas",906749.0,https://www.goodreads.com/book/show/906749.Dear_John_Nicholas_Sparks_Paperback?from_search=true&from_srp=true&qid=83jJFBBPfN&rank=1,True,"Dear John Sparks, Nicholas",4.04,618614,,,"251,436 (40%)","198,885 (32%)","123,998 (20%)","31,920 (5%)","12,375 (2%)"
Defy the Stars,"Gray, Claudia",31423196.0,https://www.goodreads.com/book/show/31423196-defy-the-stars?from_search=true&from_srp=true&qid=YxyJgP6QL1&rank=1,True,"Defy the Stars Gray, Claudia",4.02,13626,,,"4,642 (34%)","5,659 (41%)","2,537 (18%)",578 (4%),210 (1%)
Destined,"Cast, P. C.",7933617.0,https://www.goodreads.com/book/show/7933617-destined?from_search=true&from_srp=true&qid=b33Bv7vHyf&rank=1,True,"Destined Cast, P. C.",4.03,90212,,,"38,332 (42%)","26,181 (29%)","18,016 (19%)","5,415 (6%)","2,268 (2%)"
Diamonds in the Shadow,"Cooney, Caroline B.",148001269.0,https://www.goodreads.com/book/show/148001269-diamonds-in-the-shadow-by-cooney-caroline-b-2007-hardcover?from_search=true&from_srp=true&qid=pBk6Ama8gy&rank=1,True,"Diamonds in the Shadow Cooney, Caroline B.",0.00,0,,,0 (0%),0 (0%),0 (0%),0 (0%),0 (0%)
Disclosure,"Crichton, Michael",244530793.0,https://www.goodreads.com/book/show/244530793-disclosure-by-michael-crichton-translated-by-madhav-karve?from_search=true&from_srp=true&qid=HnbNoSXqHm&rank=1,True,"Disclosure Crichton, Michael",5.00,1,,,1 (100%),0 (0%),0 (0%),0 (0%),0 (0%)
Dive Smack,"Brodsky, Demetra",32173182.0,https://www.goodreads.com/book/show/32173182-dive-smack?from_search=true&from_srp=true&qid=qCHmQuq6Ds&rank=1,True,"Dive Smack Brodsky, Demetra",3.91,372,,,132 (35%),118 (31%),86 (23%),29 (7%),7 (1%)
Don't Ask Me Where I'm From,"De Leon, Jennifer",52766921.0,https://www.goodreads.com/book/show/52766921-don-t-ask-me-where-i-m-from?from_search=true&from_srp=true&qid=ra5LiDArzy&rank=1,True,"Don't Ask Me Where I'm From De Leon, Jennifer",4.02,4541,,,"1,448 (31%)","1,998 (43%)",885 (19%),170 (3%),40 (<1%)
Dough Boys,"Chase, Paula",43131603.0,https://www.goodreads.com/book/show/43131603-dough-boys?from_search=true&from_srp=true&qid=aGauxxorz1&rank=1,True,"Dough Boys Chase, Paula",3.88,179,,,53 (29%),69 (38%),41 (22%),14 (7%),2 (1%)
Dragon's Oath,"Cast, P. C.",10324808.0,https://www.goodreads.com/book/show/10324808-dragon-s-oath?from_search=true&from_srp=true&qid=b63y4YvnIA&rank=1,True,"Dragon's Oath Cast, P. C.",4.07,23089,,,"9,968 (43%)","6,645 (28%)","4,917 (21%)","1,194 (5%)",365 (1%)
Echo,"Block, Francesca Lia",14566.0,https://www.goodreads.com/book/show/14566.Echo?from_search=true&from_srp=true&qid=0iPgIbRxDT&rank=1,True,"Echo Block, Francesca Lia",3.88,5212,,,"1,849 (35%)","1,563 (29%)","1,260 (24%)",399 (7%),141 (2%)
Echo After Echo,"Capetta, A. R.",51165961.0,https://www.goodreads.com/book/show/51165961-echo-after-echo?from_search=true&from_srp=true&qid=ekWnVBrY5L&rank=1,True,"Echo After Echo Capetta, A. R.",3.86,1452,,,419 (28%),573 (39%),326 (22%),105 (7%),29 (1%)
Ellen Foster,"Gibbons, Kaye",8533731.0,https://www.goodreads.com/book/show/8533731-ellen-foster?from_search=true&from_srp=true&qid=HNS2O7VFe9&rank=1,True,"Ellen Foster Gibbons, Kaye",2.00,2,,,0 (0%),0 (0%),1 (50%),0 (0%),1 (50%)
Emmy & Oliver,"Benway, Robin",36373413.0,https://www.goodreads.com/book/show/36373413-dear-mrs-bird?from_search=true&from_srp=true&qid=LQXEz7jJdd&rank=1,True,"Emmy & Oliver Benway, Robin",3.80,57432,,,"12,461 (21%)","25,279 (44%)","16,149 (28%)","2,848 (4%)",695 (1%)
Eon: Dragoneye Reborn,"Goodman, Alison",157532565.0,https://www.goodreads.com/book/show/157532565-eon?from_search=true&from_srp=true&qid=5O4V0w5za6&rank=1,True,"Eon: Dragoneye Reborn Goodman, Alison",3.96,62851,,,"22,300 (35%)","22,915 (36%)","12,267 (19%)","3,587 (5%)","1,782 (2%)"
Every Boy's Got One,"Cabot, Meg",23223.0,https://www.goodreads.com/book/show/23223.Every_Boy_s_Got_One?from_search=true&from_srp=true&qid=oyEKOlJIyw&rank=1,True,"Every Boy's Got One Cabot, Meg",3.76,24827,,,"6,816 (27%)","8,228 (33%)","7,310 (29%)","1,909 (7%)",564 (2%)
Every Breath,"Sparks, Nicholas",38212843.0,https://www.goodreads.com/book/show/38212843-every-breath?from_search=true&from_srp=true&qid=LH0xVH7hDv&rank=1,True,"Every Breath Sparks, Nicholas",4.07,119046,,,"47,323 (39%)","41,833 (35%)","22,509 (18%)","5,537 (4%)","1,844 (1%)"
Every Last Word,"Stone, Tamara Ireland",23341894.0,https://www.goodreads.com/book/show/23341894-every-last-word?from_search=true&from_srp=true&qid=oyQyesX0Xz&rank=1,True,"Every Last Word Stone, Tamara Ireland",4.20,128167,,,"58,907 (45%)","43,486 (33%)","20,095 (15%)","4,268 (3%)","1,411 (1%)"
