book_title,author,goodreads_id,goodreads_url,found,search_query
Nineteen Minutes,"Picoult, Jodi",14866,https://www.goodreads.com/book/show/14866.Nineteen_Minutes?from_search=true&from_srp=true&qid=pwo2t4gFqd&rank=2,True,"Nineteen Minutes Picoult, Jodi"
The Perks of Being a Wallflower,"Chbosky, Stephen",22628,https://www.goodreads.com/book/show/22628.The_Perks_of_Being_a_Wallflower?from_search=true&from_srp=true&qid=mGqP5vvyLS&rank=2,True,"The Perks of Being a Wallflower Chbosky, Stephen"
#Pride: Championing LGBTQ Rights,"Felix, Rebecca",,,False,"#Pride: Championing LGBTQ Rights Felix, Rebecca"
Beloved,"Morrison, Toni",6149.0,https://www.goodreads.com/book/show/6149.Beloved?from_search=true&from_srp=true&qid=f99YoND4ug&rank=1,True,"Beloved Morrison, Toni"
Burned (EH),"Hopkins, Ellen",,,False,"Burned (EH) Hopkins, Ellen"
Crank,"Hopkins, Ellen",270730,https://www.goodreads.com/book/show/270730.Crank?from_search=true&from_srp=true&qid=E1GVZ32pfF&rank=2,True,"Crank Hopkins, Ellen"
Fallout,"Hopkins, Ellen",7171876,https://www.goodreads.com/book/show/7171876-fallout?from_search=true&from_srp=true&qid=nbZBLDcXHO&rank=2,True,"Fallout Hopkins, Ellen"
Glass,"Hopkins, Ellen",270804.0,https://www.goodreads.com/book/show/270804.Glass?from_search=true&from_srp=true&qid=nNXcpOv3I3&rank=1,True,"Glass Hopkins, Ellen"
Identical,"Hopkins, Ellen",2241059,https://www.goodreads.com/book/show/2241059.Identical?from_search=true&from_srp=true&qid=OOnG1zhpBd&rank=2,True,"Identical Hopkins, Ellen"
"It's Your World - If You Don't Like It, Change It: Activism for Teenagers","Halpin, Mikki",894640.0,https://www.goodreads.com/book/show/894640.It_s_Your_World_If_You_Don_t_Like_It_Change_It?from_search=true&from_srp=true&qid=0agBkWLjO8&rank=1,True,"It's Your World - If You Don't Like It, Change It: Activism for Teenagers Halpin, Mikki"
Looking for Alaska,"Green, John",99561.0,https://www.goodreads.com/book/show/99561.Looking_for_Alaska?from_search=true&from_srp=true&qid=s26VNpI12k&rank=1,True,"Looking for Alaska Green, John"
Melissa (George),"Gino, Alex",24612624.0,https://www.goodreads.com/book/show/24612624-melissa?from_search=true&from_srp=true&qid=C7Usyqo8wV&rank=1,True,"Melissa (George) Gino, Alex"
Nineteen Minutes,"Picoult, Jodi",14866,https://www.goodreads.com/book/show/14866.Nineteen_Minutes?from_search=true&from_srp=true&qid=38ZFgQPIJJ&rank=2,True,"Nineteen Minutes Picoult, Jodi"
Redwood and Ponytail,"Holt, K. A.",38326884.0,https://www.goodreads.com/book/show/38326884-redwood-and-ponytail?from_search=true&from_srp=true&qid=n3s9BMnS2w&rank=1,True,"Redwood and Ponytail Holt, K. A."
Smoke,"Hopkins, Ellen",160146150.0,https://www.goodreads.com/book/show/160146150-smoke-by-ellen-hopkins-10-sep-2013-hardcover?from_search=true&from_srp=true&qid=RnPcYWdC1q&rank=1,True,"Smoke Hopkins, Ellen"
The Bluest Eye,"Morrison, Toni",11337,https://www.goodreads.com/book/show/11337.The_Bluest_Eye?from_search=true&from_srp=true&qid=sVPU9w5FXA&rank=3,True,"The Bluest Eye Morrison, Toni"
The Hate U Give,"Thomas, Angie",44805980.0,https://www.goodreads.com/book/show/44805980-the-hate-u-give-by-angie-thomas-book-analysis?from_search=true&from_srp=true&qid=Nt6Q7C77fo&rank=1,True,"The Hate U Give Thomas, Angie"
The Kite Runner,"Hosseini, Khaled",20647272,https://www.goodreads.com/book/show/20647272-the-kite-runner?from_search=true&from_srp=true&qid=ya6joMbeW0&rank=3,True,"The Kite Runner Hosseini, Khaled"
The Perks of Being a Wallflower,"Chbosky, Stephen",22628,https://www.goodreads.com/book/show/22628.The_Perks_of_Being_a_Wallflower?from_search=true&from_srp=true&qid=M33pf6Da64&rank=2,True,"The Perks of Being a Wallflower Chbosky, Stephen"
Thirteen Reasons Why,"Asher, Jay",29844228,https://www.goodreads.com/book/show/29844228-thirteen-reasons-why?from_search=true&from_srp=true&qid=7i9DZP2Ech&rank=3,True,"Thirteen Reasons Why Asher, Jay"
You Should See Me in a Crown,"Johnson, Leah",50160619,https://www.goodreads.com/book/show/50160619-you-should-see-me-in-a-crown?from_search=true&from_srp=true&qid=GxMezDykeW&rank=2,True,"You Should See Me in a Crown Johnson, Leah"
Ana on the Edge,"Sass, A. J.",50998103.0,https://www.goodreads.com/book/show/50998103-ana-on-the-edge?from_search=true&from_srp=true&qid=nMBiVGw6sx&rank=1,True,"Ana on the Edge Sass, A. J."
The Ship We Built,"Bean, Lexie",42393479.0,https://www.goodreads.com/book/show/42393479-the-ship-we-built?from_search=true&from_srp=true&qid=9BYHFO2rxq&rank=1,True,"The Ship We Built Bean, Lexie"
"You Don’t Know Everything, Jilly P!","Gino, Alex",37822657.0,https://www.goodreads.com/book/show/37822657-you-don-t-know-everything-jilly-p?from_search=true&from_srp=true&qid=DJpfGIAHQJ&rank=1,True,"You Don’t Know Everything, Jilly P! Gino, Alex"
A Thousand Splendid Suns,"Hosseini, Khaled",4421244.0,https://www.goodreads.com/book/show/4421244-bookclub-in-a-box-discusses-the-novel-a-thousand-splendid-suns-by-khale?from_search=true&from_srp=true&qid=M8MdSMAZVM&rank=1,True,"A Thousand Splendid Suns Hosseini, Khaled"
Blood of my Blood,"Lyga, Barry",140241158.0,https://www.goodreads.com/book/show/140241158-blood-of-my-blood-by-barry-lyga-7-may-2015-paperback?from_search=true&from_srp=true&qid=Aeoai8FFo3&rank=1,True,"Blood of my Blood Lyga, Barry"
Grim,"Johnson,Christine",,,False,"Grim Johnson,Christine"
Into the Garden,"Andrews, V. C.",639750.0,https://www.goodreads.com/book/show/639750.Into_the_Garden?from_search=true&from_srp=true&qid=ENUlcwbAQc&rank=1,True,"Into the Garden Andrews, V. C."
The Human Stain,"Roth, Philip",11734.0,https://www.goodreads.com/book/show/11734.The_Human_Stain?from_search=true&from_srp=true&qid=ndm1A38lPW&rank=1,True,"The Human Stain Roth, Philip"
All Boys Aren't Blue,"Johnson, George M.",44280883.0,https://www.goodreads.com/book/show/44280883-all-boys-aren-t-blue?from_search=true&from_srp=true&qid=rY9y9oN9rN&rank=1,True,"All Boys Aren't Blue Johnson, George M."
Breathless (JN),"Niven, Jennifer",,,False,"Breathless (JN) Niven, Jennifer"
Damsel,"Arnold, Elana K.",36260155.0,https://www.goodreads.com/book/show/36260155-damsel?from_search=true&from_srp=true&qid=1kvelJ6VwI&rank=1,True,"Damsel Arnold, Elana K."
"Heartstopper, Vol. 1","Oseman, Alice",199014264.0,https://www.goodreads.com/book/show/199014264-heartstopper-vol-1---collector-s-edition?from_search=true&from_srp=true&qid=PTuRiYjmjb&rank=1,True,"Heartstopper, Vol. 1 Oseman, Alice"
"Heartstopper, Vol. 2","Oseman, Alice",199339487.0,https://www.goodreads.com/book/show/199339487-heartstopper-vol-2---collector-s-edition?from_search=true&from_srp=true&qid=dqXnaH7iJp&rank=1,True,"Heartstopper, Vol. 2 Oseman, Alice"
"Heartstopper, Vol. 3","Oseman, Alice",200033939.0,https://www.goodreads.com/book/show/200033939-heartstopper-vol-3---collector-s-edition?from_search=true&from_srp=true&qid=nCql3g2gII&rank=1,True,"Heartstopper, Vol. 3 Oseman, Alice"
"Heartstopper, Vol. 4","Oseman, Alice",200626696.0,https://www.goodreads.com/book/show/200626696-heartstopper-vol-4---collector-s-edition?from_search=true&from_srp=true&qid=gTT4Yx5qww&rank=1,True,"Heartstopper, Vol. 4 Oseman, Alice"
"Heartstopper, Vol. 5","Oseman, Alice",125704697.0,https://www.goodreads.com/book/show/125704697-heartstopper-vol-5?from_search=true&from_srp=true&qid=yD5EzuufJy&rank=1,True,"Heartstopper, Vol. 5 Oseman, Alice"
I Am Not Your Perfect Mexican Daughter,"Sánchez, Erika L.",29010395.0,https://www.goodreads.com/book/show/29010395-i-am-not-your-perfect-mexican-daughter?from_search=true&from_srp=true&qid=AFYChuP0FU&rank=1,True,"I Am Not Your Perfect Mexican Daughter Sánchez, Erika L."
Last Night at the Telegraph Club,"Lo, Malinda",245913246,https://www.goodreads.com/book/show/245913246-last-night-at-the-telegraph-club?from_search=true&from_srp=true&qid=8WaZnvjn2N&rank=2,True,"Last Night at the Telegraph Club Lo, Malinda"
Out of Darkness,"Pérez, Ashley Hope",25256386.0,https://www.goodreads.com/book/show/25256386-out-of-darkness?from_search=true&from_srp=true&qid=pStKekrkCf&rank=1,True,"Out of Darkness Pérez, Ashley Hope"
People Kill People,"Hopkins, Ellen",38355061.0,https://www.goodreads.com/book/show/38355061-people-kill-people?from_search=true&from_srp=true&qid=wBr7W0sMCr&rank=1,True,"People Kill People Hopkins, Ellen"
The Brief Wondrous Life of Oscar Wao,"Díaz, Junot",208563684,https://www.goodreads.com/book/show/208563684-the-brief-wondrous-life-of-oscar-wao?from_search=true&from_srp=true&qid=km4NcKqVsC&rank=3,True,"The Brief Wondrous Life of Oscar Wao Díaz, Junot"
The Handmaid's Tale,"Atwood, Margaret",38448.0,https://www.goodreads.com/book/show/38448.The_Handmaid_s_Tale_By_Margaret_Atwood?from_search=true&from_srp=true&qid=N0uaQrfTdf&rank=1,True,"The Handmaid's Tale Atwood, Margaret"
The Haters,"Andrews, Jesse",26095121.0,https://www.goodreads.com/book/show/26095121-the-haters?from_search=true&from_srp=true&qid=OhzvPklssi&rank=1,True,"The Haters Andrews, Jesse"
The Poet X,"Acevedo, Elizabeth",234710408,https://www.goodreads.com/book/show/234710408-novel-unit?from_search=true&from_srp=true&qid=t7xmOSoYOw&rank=2,True,"The Poet X Acevedo, Elizabeth"
Wander in the Dark,"Emill, Jumata",156740461.0,https://www.goodreads.com/book/show/156740461-wander-in-the-dark?from_search=true&from_srp=true&qid=2t9RpQm9eB&rank=1,True,"Wander in the Dark Emill, Jumata"
A Clash of Kings,"Martin, George R. R.",10572.0,https://www.goodreads.com/book/show/10572.A_Clash_of_Kings?from_search=true&from_srp=true&qid=IqnyajZShh&rank=1,True,"A Clash of Kings Martin, George R. R."
A Court of Frost and Starlight,"Maas, Sarah J.",50659471.0,https://www.goodreads.com/book/show/50659471-a-court-of-frost-and-starlight?from_search=true&from_srp=true&qid=sArqYyJpGN&rank=1,True,"A Court of Frost and Starlight Maas, Sarah J."
A ​Court of Silver Flames,"Maas, Sarah J.",53138095.0,https://www.goodreads.com/book/show/53138095-a-court-of-silver-flames?from_search=true&from_srp=true&qid=g4r2aZsp0Z&rank=1,True,"A ​Court of Silver Flames Maas, Sarah J."
A Court of Wings and Ruin,"Maas, Sarah J.",50659472.0,https://www.goodreads.com/book/show/50659472-a-court-of-wings-and-ruin?from_search=true&from_srp=true&qid=e0J47aRfsp&rank=1,True,"A Court of Wings and Ruin Maas, Sarah J."
A Sin Such As This,"Hopkins, Ellen",27276424.0,https://www.goodreads.com/book/show/27276424-a-sin-such-as-this?from_search=true&from_srp=true&qid=rNVe5AMfL9&rank=1,True,"A Sin Such As This Hopkins, Ellen"
A Stolen Life,"Dugard, Jaycee",246034875,https://www.goodreads.com/book/show/246034875-a-stolen-life?from_search=true&from_srp=true&qid=n7ezM38USP&rank=2,True,"A Stolen Life Dugard, Jaycee"
All Your Perfects,"Hoover, Colleen",38926487,https://www.goodreads.com/book/show/38926487-all-your-perfects?from_search=true&from_srp=true&qid=YnhvOIanzS&rank=3,True,"All Your Perfects Hoover, Colleen"
American Psycho,"Ellis, Bret Easton",28676.0,https://www.goodreads.com/book/show/28676.American_Psycho?from_search=true&from_srp=true&qid=yMZfy8Fkya&rank=1,True,"American Psycho Ellis, Bret Easton"
Anatomy of a Boyfriend,"Snadowsky, Daria",37780.0,https://www.goodreads.com/book/show/37780.Anatomy_of_a_Boyfriend?from_search=true&from_srp=true&qid=9M5KALFI40&rank=1,True,"Anatomy of a Boyfriend Snadowsky, Daria"
And They Lived...,"Salvatore, Steven",57552438.0,https://www.goodreads.com/book/show/57552438-and-they-lived?from_search=true&from_srp=true&qid=3JvapedsNK&rank=1,True,"And They Lived... Salvatore, Steven"
Beautiful,"Reed, Amy",6323474.0,https://www.goodreads.com/book/show/6323474-beautiful?from_search=true&from_srp=true&qid=54NuyOFtvE&rank=1,True,"Beautiful Reed, Amy"
Beautiful Disaster,"McGuire, Jamie",11505797.0,https://www.goodreads.com/book/show/11505797-beautiful-disaster?from_search=true&from_srp=true&qid=MzNkOOP2ro&rank=1,True,"Beautiful Disaster McGuire, Jamie"
Breathless (JN),"Niven, Jennifer",,,False,"Breathless (JN) Niven, Jennifer"
Burned (EH),"Hopkins, Ellen",,,False,"Burned (EH) Hopkins, Ellen"
Call Me By Your Name,"Aciman, André",37924244.0,https://www.goodreads.com/book/show/37924244-call-me-by-your-name?from_search=true&from_srp=true&qid=wzmLO3JQo8&rank=1,True,"Call Me By Your Name Aciman, André"
Clockwork Orange,"Burgess, Anthony",49909479.0,https://www.goodreads.com/book/show/49909479-a-clockwork-orange-by-anthony-burgess-book-analysis?from_search=true&from_srp=true&qid=maeETZIZ2C&rank=1,True,"Clockwork Orange Burgess, Anthony"
Collateral,"Hopkins, Ellen",12651912.0,https://www.goodreads.com/book/show/12651912-collateral?from_search=true&from_srp=true&qid=rbDPLqk0JU&rank=1,True,"Collateral Hopkins, Ellen"
Crank,"Hopkins, Ellen",270730,https://www.goodreads.com/book/show/270730.Crank?from_search=true&from_srp=true&qid=NnG3CDM49m&rank=2,True,"Crank Hopkins, Ellen"
Damsel,"Arnold, Elana K.",36260155.0,https://www.goodreads.com/book/show/36260155-damsel?from_search=true&from_srp=true&qid=S68CSyRSo1&rank=1,True,"Damsel Arnold, Elana K."
Exit Here.,"Myers, Jason",1240370.0,https://www.goodreads.com/book/show/1240370.Exit_Here_?from_search=true&from_srp=true&qid=yJ5xR4YX3P&rank=1,True,"Exit Here. Myers, Jason"
Forbidden,"Suzuma, Tabitha",7600924.0,https://www.goodreads.com/book/show/7600924-forbidden?from_search=true&from_srp=true&qid=rjmDwVvQiL&rank=1,True,"Forbidden Suzuma, Tabitha"
Forever for a Year,"Gottfred, B. T.",147379248.0,https://www.goodreads.com/book/show/147379248-forever-for-a-year-by-b-t-gottfred?from_search=true&from_srp=true&qid=eYLlnZ57cx&rank=1,True,"Forever for a Year Gottfred, B. T."
Haunted,"Palahniuk, Chuck",22288.0,https://www.goodreads.com/book/show/22288.Haunted?from_search=true&from_srp=true&qid=JkHNbM4E1o&rank=1,True,"Haunted Palahniuk, Chuck"
Homegoing,"Gyasi, Yaa",165060423,https://www.goodreads.com/book/show/165060423-homegoing-de-yaa-gyasi-analyse-de-l-uvre?from_search=true&from_srp=true&qid=nCnZprMUR6&rank=4,True,"Homegoing Gyasi, Yaa"
House of Earth and Blood,"Maas, Sarah J.",44778083.0,https://www.goodreads.com/book/show/44778083-house-of-earth-and-blood?from_search=true&from_srp=true&qid=ZS1fyJnnv6&rank=1,True,"House of Earth and Blood Maas, Sarah J."
House of Sky and Breath,"Maas, Sarah J.",40132775.0,https://www.goodreads.com/book/show/40132775-house-of-sky-and-breath?from_search=true&from_srp=true&qid=IClvBNXLFp&rank=1,True,"House of Sky and Breath Maas, Sarah J."
I Am Jazz,"Jennings, Jazz",18763344.0,https://www.goodreads.com/book/show/18763344-i-am-jazz?from_search=true&from_srp=true&qid=2DdFwyFawq&rank=1,True,"I Am Jazz Jennings, Jazz"
It Ends With Us,"Hoover, Colleen",59112062.0,https://www.goodreads.com/book/show/59112062-summary-of-it-ends-with-us-by-colleen-hoover?from_search=true&from_srp=true&qid=XtMAXkfi55&rank=1,True,"It Ends With Us Hoover, Colleen"
Last Night at the Telegraph Club,"Lo, Malinda",245913246,https://www.goodreads.com/book/show/245913246-last-night-at-the-telegraph-club?from_search=true&from_srp=true&qid=g7WH1c0IAN&rank=2,True,"Last Night at the Telegraph Club Lo, Malinda"
Living Dead Girl,"Scott, Elizabeth",2954411.0,https://www.goodreads.com/book/show/2954411-living-dead-girl?from_search=true&from_srp=true&qid=246IbahyBm&rank=1,True,"Living Dead Girl Scott, Elizabeth"
Lullaby,"Palahniuk, Chuck",217778440,https://www.goodreads.com/book/show/217778440-lullaby-by-chuck-palahniuk?from_search=true&from_srp=true&qid=3YzqMExNax&rank=2,True,"Lullaby Palahniuk, Chuck"
Man o' War,"McCarthy, Cory",59029659.0,https://www.goodreads.com/book/show/59029659-man-o-war?from_search=true&from_srp=true&qid=fDgeXexCD0&rank=1,True,"Man o' War McCarthy, Cory"
Margo Zimmerman Gets the Girl,"Shrum, Brianna",62584266.0,https://www.goodreads.com/book/show/62584266-margo-zimmerman-gets-the-girl?from_search=true&from_srp=true&qid=j2JCE8otWu&rank=1,True,"Margo Zimmerman Gets the Girl Shrum, Brianna"
My Sister Daisy,"Karlsson, Adria",57094999.0,https://www.goodreads.com/book/show/57094999-my-sister-daisy?from_search=true&from_srp=true&qid=r3DJyqGKJN&rank=1,True,"My Sister Daisy Karlsson, Adria"
One Last Stop,"McQuiston, Casey",241199157,https://www.goodreads.com/book/show/241199157-one-last-stop-by-casey-mcquiston?from_search=true&from_srp=true&qid=gYQIWocxOH&rank=2,True,"One Last Stop McQuiston, Casey"
Push,Sapphire,7810126.0,https://www.goodreads.com/book/show/7810126-precious?from_search=true&from_srp=true&qid=I7NCVgHKDP&rank=1,True,Push Sapphire
Rant: The Oral Biography of Buster Casey,"Palahniuk, Chuck",150093902.0,https://www.goodreads.com/book/show/150093902-rant?from_search=true&from_srp=true&qid=Belrt9jsdA&rank=1,True,"Rant: The Oral Biography of Buster Casey Palahniuk, Chuck"
Red Hood,"Arnold, Elana K.",43721070.0,https://www.goodreads.com/book/show/43721070-red-hood?from_search=true&from_srp=true&qid=8yQJoOAwkK&rank=1,True,"Red Hood Arnold, Elana K."
Rick,"Gino, Alex",44660928.0,https://www.goodreads.com/book/show/44660928-rick?from_search=true&from_srp=true&qid=PYTCEFnWRU&rank=1,True,"Rick Gino, Alex"
Skin and Bones,"Shahan, Sherry",245889487.0,https://www.goodreads.com/book/show/245889487-skin-and-bones-by-sherry-shahan?from_search=true&from_srp=true&qid=87PzqkgtJC&rank=1,True,"Skin and Bones Shahan, Sherry"
Storm and Fury,"Armentrout, Jennifer L.",40291564.0,https://www.goodreads.com/book/show/40291564-storm-and-fury?from_search=true&from_srp=true&qid=3cdiKpqDcY&rank=1,True,"Storm and Fury Armentrout, Jennifer L."
The Crown of Gilded Bones,"Armentrout, Jennifer L.",55240343.0,https://www.goodreads.com/book/show/55240343-the-crown-of-gilded-bones?from_search=true&from_srp=true&qid=RYrKFFfeQk&rank=1,True,"The Crown of Gilded Bones Armentrout, Jennifer L."
The DUFF: Designated Ugly Fat Friend,"Keplinger, Kody",24976555.0,https://www.goodreads.com/book/show/24976555-sidekick---the-duff?from_search=true&from_srp=true&qid=mlRkvqw1wa&rank=1,True,"The DUFF: Designated Ugly Fat Friend Keplinger, Kody"
The Wind-Up Bird Chronicle,"Murakami, Haruki",11274,https://www.goodreads.com/book/show/11274.Haruki_Murakami_s_The_Wind_up_Bird_Chronicle?from_search=true&from_srp=true&qid=z4WIr2mOCa&rank=3,True,"The Wind-Up Bird Chronicle Murakami, Haruki"
This Book Is Gay,"Dawson, Juno",22074335,https://www.goodreads.com/book/show/22074335-this-book-is-gay?from_search=true&from_srp=true&qid=RxPbxqsasB&rank=2,True,"This Book Is Gay Dawson, Juno"
This Is Kind of an Epic Love Story,"Callender, Kacen",36203673.0,https://www.goodreads.com/book/show/36203673-this-is-kind-of-an-epic-love-story?from_search=true&from_srp=true&qid=p76XyzdpsE&rank=1,True,"This Is Kind of an Epic Love Story Callender, Kacen"
Tilt (EH),"Hopkins, Ellen",,,False,"Tilt (EH) Hopkins, Ellen"
Water for Elephants,"Gruen, Sara",25572893,https://www.goodreads.com/book/show/25572893-water-for-elephants-by-sara-gruen?from_search=true&from_srp=true&qid=9Hjwot0cSN&rank=2,True,"Water for Elephants Gruen, Sara"
What Girls Are Made Of,"Arnold, Elana K.",29401474.0,https://www.goodreads.com/book/show/29401474-what-girls-are-made-of?from_search=true&from_srp=true&qid=fFyOqyKwgT&rank=1,True,"What Girls Are Made Of Arnold, Elana K."
Wicked: The Life and Times of the Wicked Witch of the West,"Maguire, Gregory",37442,https://www.goodreads.com/book/show/37442.Wicked?from_search=true&from_srp=true&qid=2bLcOTyora&rank=2,True,"Wicked: The Life and Times of the Wicked Witch of the West Maguire, Gregory"
yolo,"Myracle, Lauren",20701994.0,https://www.goodreads.com/book/show/20701994-yolo?from_search=true&from_srp=true&qid=ghNsLtM8Qy&rank=1,True,"yolo Myracle, Lauren"
A Bad Boy Can Be Good for a Girl,"Stone, Tanya Lee",131061.0,https://www.goodreads.com/book/show/131061.A_Bad_Boy_Can_Be_Good_for_a_Girl?from_search=true&from_srp=true&qid=hOKTu6Wznv&rank=1,True,"A Bad Boy Can Be Good for a Girl Stone, Tanya Lee"
A Complicated Love Story Set in Space,"Hutchinson, Shaun David",49552592.0,https://www.goodreads.com/book/show/49552592-a-complicated-love-story-set-in-space?from_search=true&from_srp=true&qid=CrcX5BQ9Zx&rank=1,True,"A Complicated Love Story Set in Space Hutchinson, Shaun David"
A Court of Mist and Fury,"Maas, Sarah J.",50659468.0,https://www.goodreads.com/book/show/50659468-a-court-of-mist-and-fury?from_search=true&from_srp=true&qid=kLzasA6dbZ&rank=1,True,"A Court of Mist and Fury Maas, Sarah J."
A Lesson in Vengeance,"Lee, Victoria",50999821.0,https://www.goodreads.com/book/show/50999821-a-lesson-in-vengeance?from_search=true&from_srp=true&qid=o8ijDtuLey&rank=1,True,"A Lesson in Vengeance Lee, Victoria"
A Phoenix First Must Burn,"Caldwell, Patrice",43887961.0,https://www.goodreads.com/book/show/43887961-a-phoenix-first-must-burn?from_search=true&from_srp=true&qid=IrMTDzeFkO&rank=1,True,"A Phoenix First Must Burn Caldwell, Patrice"
After (AE),"Efaw, Amy",,,False,"After (AE) Efaw, Amy"
All American Boys,"Reynolds, Jason",25657130.0,https://www.goodreads.com/book/show/25657130-all-american-boys?from_search=true&from_srp=true&qid=kWyDdcLDnE&rank=1,True,"All American Boys Reynolds, Jason"
All Boys Aren't Blue,"Johnson, George M.",44280883.0,https://www.goodreads.com/book/show/44280883-all-boys-aren-t-blue?from_search=true&from_srp=true&qid=fHWxtlf2Fj&rank=1,True,"All Boys Aren't Blue Johnson, George M."
All the Bright Places,"Niven, Jennifer",33597977,https://www.goodreads.com/book/show/33597977-all-the-bright-places?from_search=true&from_srp=true&qid=zeh1KRMIng&rank=3,True,"All the Bright Places Niven, Jennifer"
All the Things We Do in the Dark,"Mitchell, Saundra",43801602.0,https://www.goodreads.com/book/show/43801602-all-the-things-we-do-in-the-dark?from_search=true&from_srp=true&qid=21X2JLKoyM&rank=1,True,"All the Things We Do in the Dark Mitchell, Saundra"
Almost Perfect,"Katcher, Brian",5982474.0,https://www.goodreads.com/book/show/5982474-almost-perfect?from_search=true&from_srp=true&qid=YSXX8GHgdB&rank=1,True,"Almost Perfect Katcher, Brian"
Another Day,"Levithan, David",18459855.0,https://www.goodreads.com/book/show/18459855-another-day?from_search=true&from_srp=true&qid=bvYKzUTdpP&rank=1,True,"Another Day Levithan, David"
Aristotle and Dante Discover the Secrets of the Universe,"Sáenz, Benjamin Alire",12000020.0,https://www.goodreads.com/book/show/12000020-aristotle-and-dante-discover-the-secrets-of-the-universe?from_search=true&from_srp=true&qid=dYOm3XFiUz&rank=1,True,"Aristotle and Dante Discover the Secrets of the Universe Sáenz, Benjamin Alire"
Bad Boy,"Wieler, Diana",1155134.0,https://www.goodreads.com/book/show/1155134.Bad_Boy?from_search=true&from_srp=true&qid=OsVEJomGg5&rank=1,True,"Bad Boy Wieler, Diana"
Beautiful,"Reed, Amy",6323474.0,https://www.goodreads.com/book/show/6323474-beautiful?from_search=true&from_srp=true&qid=3CAfRmUBE2&rank=1,True,"Beautiful Reed, Amy"
Being Jazz: My Life as a (Transgender) Teen,"Jennings, Jazz",28587986.0,https://www.goodreads.com/book/show/28587986-being-jazz?from_search=true&from_srp=true&qid=dMJCJaHtMe&rank=1,True,"Being Jazz: My Life as a (Transgender) Teen Jennings, Jazz"
Beloved,"Morrison, Toni",6149.0,https://www.goodreads.com/book/show/6149.Beloved?from_search=true&from_srp=true&qid=fI3E7dh5hh&rank=1,True,"Beloved Morrison, Toni"
Between Mom and Jo,"Peters, Julie Anne",496102.0,https://www.goodreads.com/book/show/496102.Between_Mom_and_Jo?from_search=true&from_srp=true&qid=RdcJrOr5aM&rank=1,True,"Between Mom and Jo Peters, Julie Anne"
Beyond Dreams,"Reynolds, Marilyn",28763838.0,https://www.goodreads.com/book/show/28763838-beyond-dreams?from_search=true&from_srp=true&qid=GEHy5BG5MI&rank=1,True,"Beyond Dreams Reynolds, Marilyn"
Beyond Magenta: Transgender Teens Speak Out,"Kuklin, Susan",18166920.0,https://www.goodreads.com/book/show/18166920-beyond-magenta?from_search=true&from_srp=true&qid=cx7zrQn6pC&rank=1,True,"Beyond Magenta: Transgender Teens Speak Out Kuklin, Susan"
Breathless (JN),"Niven, Jennifer",,,False,"Breathless (JN) Niven, Jennifer"
Clap When You Land,"Acevedo, Elizabeth",234334392.0,https://www.goodreads.com/book/show/234334392-novel-unit?from_search=true&from_srp=true&qid=yRLGavGTBZ&rank=1,True,"Clap When You Land Acevedo, Elizabeth"
Crank,"Hopkins, Ellen",270730,https://www.goodreads.com/book/show/270730.Crank?from_search=true&from_srp=true&qid=iihgKcov7j&rank=2,True,"Crank Hopkins, Ellen"
Crush (CM),"Mac, Carrie",,,False,"Crush (CM) Mac, Carrie"
Echo After Echo,"Capetta, A. R.",51165961.0,https://www.goodreads.com/book/show/51165961-echo-after-echo?from_search=true&from_srp=true&qid=PRaX8lRoaS&rank=1,True,"Echo After Echo Capetta, A. R."
Embrace,"Shirvington, Jessica",8635145.0,https://www.goodreads.com/book/show/8635145-embrace?from_search=true&from_srp=true&qid=IuQN4H06IV&rank=1,True,"Embrace Shirvington, Jessica"
Fancy White Trash,"Geerling, Marjetta",2790866.0,https://www.goodreads.com/book/show/2790866-fancy-white-trash?from_search=true&from_srp=true&qid=Q9ysT1FH0o&rank=1,True,"Fancy White Trash Geerling, Marjetta"
Gingerbread,"Cohn, Rachel",143690501.0,https://www.goodreads.com/book/show/143690501-gingerbread-by-rachel-cohn?from_search=true&from_srp=true&qid=klsuOGJnoH&rank=1,True,"Gingerbread Cohn, Rachel"
Girl Made of Stars,"Blake, Ashley Herring",35721231.0,https://www.goodreads.com/book/show/35721231-girl-made-of-stars?from_search=true&from_srp=true&qid=D9NzCo4zyJ&rank=1,True,"Girl Made of Stars Blake, Ashley Herring"
Graceling,"Cashore, Kristin",243802574.0,https://www.goodreads.com/book/show/243802574-graceling-by?from_search=true&from_srp=true&qid=LxsZfcnO1b&rank=1,True,"Graceling Cashore, Kristin"
Grasshopper Jungle,"Smith, Andrew",137479177.0,https://www.goodreads.com/book/show/137479177-grasshopper-jungle-by-andrew-smith?from_search=true&from_srp=true&qid=xO7yR2jvpo&rank=1,True,"Grasshopper Jungle Smith, Andrew"
Highly Illogical Behavior,"Whaley, John Corey",26109391.0,https://www.goodreads.com/book/show/26109391-highly-illogical-behavior?from_search=true&from_srp=true&qid=e9Eql7yBn8&rank=1,True,"Highly Illogical Behavior Whaley, John Corey"
History Is All You Left Me,"Silvera, Adam",57457831,https://www.goodreads.com/book/show/57457831-adam-silvera-collection-4-books-set?from_search=true&from_srp=true&qid=RKTGTVwia4&rank=2,True,"History Is All You Left Me Silvera, Adam"
I Know Why the Caged Bird Sings,"Angelou, Maya",45046086.0,https://www.goodreads.com/book/show/45046086-i-know-why-the-caged-bird-sings-by-maya-angelou-book-analysis?from_search=true&from_srp=true&qid=rstZIwOQj1&rank=1,True,"I Know Why the Caged Bird Sings Angelou, Maya"
I'll Give You the Sun,"Nelson, Jandy",20820994.0,https://www.goodreads.com/book/show/20820994-i-ll-give-you-the-sun?from_search=true&from_srp=true&qid=wRV7FKlGnU&rank=1,True,"I'll Give You the Sun Nelson, Jandy"
Identical,"Hopkins, Ellen",2241059,https://www.goodreads.com/book/show/2241059.Identical?from_search=true&from_srp=true&qid=qxkTIkeMa8&rank=2,True,"Identical Hopkins, Ellen"
If I Was Your Girl (MR),"Russo, Meredith",,,False,"If I Was Your Girl (MR) Russo, Meredith"
It's Not Like It's a Secret,"Sugiura, Misa",29073707.0,https://www.goodreads.com/book/show/29073707-it-s-not-like-it-s-a-secret?from_search=true&from_srp=true&qid=Ki0N8WuOb5&rank=1,True,"It's Not Like It's a Secret Sugiura, Misa"
"Jane, Unlimited","Cashore, Kristin",32991569.0,https://www.goodreads.com/book/show/32991569-jane-unlimited?from_search=true&from_srp=true&qid=WOQ7xDHBha&rank=1,True,"Jane, Unlimited Cashore, Kristin"
"l8r, g8r","Myracle, Lauren",563321.0,https://www.goodreads.com/book/show/563321.l8r_g8r?from_search=true&from_srp=true&qid=B3LXI1cExi&rank=1,True,"l8r, g8r Myracle, Lauren"
Lizard Radio,"Schmatz, Pat",152291177.0,https://www.goodreads.com/book/show/152291177-lizard-radio-by-pat-schmatz?from_search=true&from_srp=true&qid=V7drDfq29a&rank=1,True,"Lizard Radio Schmatz, Pat"
Lush,"Friend, Natasha",136328733.0,https://www.goodreads.com/book/show/136328733-lush-by-natasha-friend?from_search=true&from_srp=true&qid=80ZBX1d2Su&rank=1,True,"Lush Friend, Natasha"
M or F?,"Papademetriou, Lisa",94078.0,https://www.goodreads.com/book/show/94078.M_or_F_?from_search=true&from_srp=true&qid=k33MhjGit8&rank=1,True,"M or F? Papademetriou, Lisa"
Monday's Not Coming,"Jackson, Tiffany D.",35068534.0,https://www.goodreads.com/book/show/35068534-monday-s-not-coming?from_search=true&from_srp=true&qid=b3iN2HaxI4&rank=1,True,"Monday's Not Coming Jackson, Tiffany D."
Once and Future,"Capetta, A. R.",36233085.0,https://www.goodreads.com/book/show/36233085-once-future?from_search=true&from_srp=true&qid=MXrJGH6C3K&rank=1,True,"Once and Future Capetta, A. R."
Out of Darkness,"Pérez, Ashley Hope",25256386.0,https://www.goodreads.com/book/show/25256386-out-of-darkness?from_search=true&from_srp=true&qid=WUEr0rEZbr&rank=1,True,"Out of Darkness Pérez, Ashley Hope"
Pet,"Emezi, Akwaeke",43568395,https://www.goodreads.com/book/show/43568395-pet?from_search=true&from_srp=true&qid=ClChtIyaqi&rank=2,True,"Pet Emezi, Akwaeke"
Rabbit is Rich,"Updike, John",131425480,https://www.goodreads.com/book/show/131425480-rabbit-is-rich-author?from_search=true&from_srp=true&qid=yOtUz0rlaj&rank=2,True,"Rabbit is Rich Updike, John"
Say the Word,"Garsee, Jeannine",211297473.0,https://www.goodreads.com/book/show/211297473-say-the-word-author?from_search=true&from_srp=true&qid=NDn4hh64iK&rank=1,True,"Say the Word Garsee, Jeannine"
Shout,"Anderson, Laurie Halse",40519259.0,https://www.goodreads.com/book/show/40519259-shout?from_search=true&from_srp=true&qid=ukLb1fgXNx&rank=1,True,"Shout Anderson, Laurie Halse"
Simon vs. the Homo Sapiens Agenda,"Albertalli, Becky",19547856,https://www.goodreads.com/book/show/19547856-simon-vs-the-homo-sapiens-agenda?from_search=true&from_srp=true&qid=2H1De2TiGE&rank=5,True,"Simon vs. the Homo Sapiens Agenda Albertalli, Becky"
Sloppy Firsts,"McCafferty, Megan",138202.0,https://www.goodreads.com/book/show/138202.Sloppy_Firsts?from_search=true&from_srp=true&qid=ZbfFeFD8O3&rank=1,True,"Sloppy Firsts McCafferty, Megan"
The ABC's of LGBT+,"Mardell, Ashley",28783749.0,https://www.goodreads.com/book/show/28783749-the-abc-s-of-lgbt?from_search=true&from_srp=true&qid=lcuou0vgoE&rank=1,True,"The ABC's of LGBT+ Mardell, Ashley"
The Art of Being Normal,"Williamson, Lisa",23058402.0,https://www.goodreads.com/book/show/23058402-the-art-of-being-normal?from_search=true&from_srp=true&qid=cwfALlXRf0&rank=1,True,"The Art of Being Normal Williamson, Lisa"
The Bluest Eye,"Morrison, Toni",11337,https://www.goodreads.com/book/show/11337.The_Bluest_Eye?from_search=true&from_srp=true&qid=YR5Ua2sgFl&rank=3,True,"The Bluest Eye Morrison, Toni"
The Breakaways,"Johnson, Cathy G.",25528854.0,https://www.goodreads.com/book/show/25528854-the-breakaways?from_search=true&from_srp=true&qid=Zp53rhtWAK&rank=1,True,"The Breakaways Johnson, Cathy G."
The Downstairs Girl,"Lee, Stacey",33224061,https://www.goodreads.com/book/show/33224061-the-downstairs-girl?from_search=true&from_srp=true&qid=8gJExWszbs&rank=2,True,"The Downstairs Girl Lee, Stacey"
The Glass Castle,"Walls, Jeannette",20502402,https://www.goodreads.com/book/show/20502402-quicklet-on-jeannette-walls-the-glass-castle-by-jeannette-walls?from_search=true&from_srp=true&qid=6QZghkHgSZ&rank=3,True,"The Glass Castle Walls, Jeannette"
The Hate U Give,"Thomas, Angie",44805980.0,https://www.goodreads.com/book/show/44805980-the-hate-u-give-by-angie-thomas-book-analysis?from_search=true&from_srp=true&qid=EvCi5i9LIc&rank=1,True,"The Hate U Give Thomas, Angie"
The Haters,"Andrews, Jesse",26095121.0,https://www.goodreads.com/book/show/26095121-the-haters?from_search=true&from_srp=true&qid=RJdxUtUH9Q&rank=1,True,"The Haters Andrews, Jesse"
The Hidden Witch,"Ostertag, Molly Knox",,,False,"The Hidden Witch Ostertag, Molly Knox"
The Infinite Moment of Us,"Myracle, Lauren",17290266.0,https://www.goodreads.com/book/show/17290266-the-infinite-moment-of-us?from_search=true&from_srp=true&qid=7V4vcgJEjV&rank=1,True,"The Infinite Moment of Us Myracle, Lauren"
The Kite Runner,"Hosseini, Khaled",20647272,https://www.goodreads.com/book/show/20647272-the-kite-runner?from_search=true&from_srp=true&qid=K2wvGNbdFN&rank=3,True,"The Kite Runner Hosseini, Khaled"
The Miseducation of Cameron Post,"Danforth, Emily M.",40801157.0,https://www.goodreads.com/book/show/40801157-the-miseducation-of-cameron-post?from_search=true&from_srp=true&qid=M3lpgdJkzB&rank=1,True,"The Miseducation of Cameron Post Danforth, Emily M."
The Test,"Kern, Peggy",151118075.0,https://www.goodreads.com/book/show/151118075-the-test-by-peggy-kern?from_search=true&from_srp=true&qid=IH8DTiJMCY&rank=1,True,"The Test Kern, Peggy"
The Upside of Unrequited,"Albertalli, Becky",30653853.0,https://www.goodreads.com/book/show/30653853-the-upside-of-unrequited?from_search=true&from_srp=true&qid=BG7h0Y51QE&rank=1,True,"The Upside of Unrequited Albertalli, Becky"
The Vincent Boys,"Glines, Abbi",240012864.0,https://www.goodreads.com/book/show/240012864-the-vincent-boys-by?from_search=true&from_srp=true&qid=BimMt0lImH&rank=1,True,"The Vincent Boys Glines, Abbi"
The You I've Never Known,"Hopkins, Ellen",30312837.0,https://www.goodreads.com/book/show/30312837-the-you-i-ve-never-known?from_search=true&from_srp=true&qid=Iy7FZukRwN&rank=1,True,"The You I've Never Known Hopkins, Ellen"
They Both Die at the End,"Silvera, Adam",60900548.0,https://www.goodreads.com/book/show/60900548-study-guide?from_search=true&from_srp=true&qid=kjkDssq3Zg&rank=1,True,"They Both Die at the End Silvera, Adam"
They Called Themselves The K.K.K.: The Birth of an American Terrorist Group,"Bartoletti, Susan Campbell",,,False,"They Called Themselves The K.K.K.: The Birth of an American Terrorist Group Bartoletti, Susan Campbell"
This One Summer,"Tamaki, Mariko",18465566.0,https://www.goodreads.com/book/show/18465566-this-one-summer?from_search=true&from_srp=true&qid=gbFEuNEK15&rank=1,True,"This One Summer Tamaki, Mariko"
Traffick,"Hopkins, Ellen",23015872.0,https://www.goodreads.com/book/show/23015872-traffick?from_search=true&from_srp=true&qid=XVDr9FjZMY&rank=1,True,"Traffick Hopkins, Ellen"
Triangles,"Hopkins, Ellen",10843755.0,https://www.goodreads.com/book/show/10843755-triangles?from_search=true&from_srp=true&qid=T4gIdoKIsU&rank=1,True,"Triangles Hopkins, Ellen"
Tricks,"Hopkins, Ellen",5510384.0,https://www.goodreads.com/book/show/5510384-tricks?from_search=true&from_srp=true&qid=R8NT2gzbDQ&rank=1,True,"Tricks Hopkins, Ellen"
Wonders of the Invisible World,"Barzak, Christopher",19370974.0,https://www.goodreads.com/book/show/19370974-wonders-of-the-invisible-world?from_search=true&from_srp=true&qid=wnFXC8UZ1D&rank=1,True,"Wonders of the Invisible World Barzak, Christopher"
2024: A Graphic Novel,"Rall, Ted",622717.0,https://www.goodreads.com/book/show/622717.2024?from_search=true&from_srp=true&qid=H6v4QpFJJr&rank=1,True,"2024: A Graphic Novel Rall, Ted"
9 Days and 9 Nights,"Cotugno, Katie",35068736.0,https://www.goodreads.com/book/show/35068736-9-days-and-9-nights?from_search=true&from_srp=true&qid=ps6hYDMmtD&rank=1,True,"9 Days and 9 Nights Cotugno, Katie"
99 Days,"Cotugno, Katie",22836575.0,https://www.goodreads.com/book/show/22836575-99-days?from_search=true&from_srp=true&qid=JO4hOgRxCq&rank=1,True,"99 Days Cotugno, Katie"
A Bend In The Road,"Sparks, Nicholas",141722946,https://www.goodreads.com/book/show/141722946-a-bend-in-the-road-by-sparks-nicholas-2013-mass-market-paperback?from_search=true&from_srp=true&qid=NEq4XepBap&rank=2,True,"A Bend In The Road Sparks, Nicholas"
A Great and Terrible Beauty,"Bray, Libba",3682.0,https://www.goodreads.com/book/show/3682.A_Great_and_Terrible_Beauty?from_search=true&from_srp=true&qid=08QqNyQK81&rank=1,True,"A Great and Terrible Beauty Bray, Libba"
A Heart in a Body in the World,"Caletti, Deb",38244389,https://www.goodreads.com/book/show/38244389-a-heart-in-a-body-in-the-world?from_search=true&from_srp=true&qid=gR5R5I5XD6&rank=2,True,"A Heart in a Body in the World Caletti, Deb"
A Question of Holmes,"Cavallaro, Brittany",38251245.0,https://www.goodreads.com/book/show/38251245-a-question-of-holmes?from_search=true&from_srp=true&qid=1yXk26bE6s&rank=1,True,"A Question of Holmes Cavallaro, Brittany"
A Spark of Light,"Picoult, Jodi",39072210,https://www.goodreads.com/book/show/39072210-a-spark-of-light?from_search=true&from_srp=true&qid=M2LS50paD5&rank=2,True,"A Spark of Light Picoult, Jodi"
A Study in Charlotte,"Cavallaro, Brittany",23272028,https://www.goodreads.com/book/show/23272028-a-study-in-charlotte?from_search=true&from_srp=true&qid=vT47eEDPDi&rank=2,True,"A Study in Charlotte Cavallaro, Brittany"
A Swift Pure Cry,"Dowd, Siobhan",128733337.0,https://www.goodreads.com/book/show/128733337-a-swift-pure-cry?from_search=true&from_srp=true&qid=rfjqgdPQ2O&rank=1,True,"A Swift Pure Cry Dowd, Siobhan"
A Thousand Pieces of You,"Gray, Claudia",17234658.0,https://www.goodreads.com/book/show/17234658-a-thousand-pieces-of-you?from_search=true&from_srp=true&qid=D3NKkPBu6v&rank=1,True,"A Thousand Pieces of You Gray, Claudia"
Abandon,"Cabot, Meg",13061500.0,https://www.goodreads.com/book/show/13061500-awaken?from_search=true&from_srp=true&qid=LxrZcit0KM&rank=1,True,"Abandon Cabot, Meg"
Across the Universe,"Revis, Beth",8235178,https://www.goodreads.com/book/show/8235178-across-the-universe?from_search=true&from_srp=true&qid=BWnCYzY0KE&rank=2,True,"Across the Universe Revis, Beth"
Against the Tide,"Sutherland, Tui",18114583.0,https://www.goodreads.com/book/show/18114583-against-the-tide?from_search=true&from_srp=true&qid=lOAIpRifLW&rank=1,True,"Against the Tide Sutherland, Tui"
Airhead,"Cabot, Meg",5135798.0,https://www.goodreads.com/book/show/5135798-being-nikki?from_search=true&from_srp=true&qid=rDlRrqYJSg&rank=1,True,"Airhead Cabot, Meg"
"Alex, Approximately","Bennett, Jenn",30312700.0,https://www.goodreads.com/book/show/30312700-alex-approximately?from_search=true&from_srp=true&qid=ETJpHy7jTI&rank=1,True,"Alex, Approximately Bennett, Jenn"
All Eyes On Her,"Flynn, L.E.",,,False,"All Eyes On Her Flynn, L.E."
All for One,"de la Cruz, Melissa",40614146.0,https://www.goodreads.com/book/show/40614146-all-for-one?from_search=true&from_srp=true&qid=Wr7aDGKeCL&rank=1,True,"All for One de la Cruz, Melissa"
All the Pretty Horses,"McCarthy, Cormac",21459318,https://www.goodreads.com/book/show/21459318-quicklet-on-all-the-pretty-horses-by-cormac-mccarthy?from_search=true&from_srp=true&qid=d3svpncaZ1&rank=2,True,"All the Pretty Horses McCarthy, Cormac"
All the Pretty Things,"Arsenault, Emily",51960675.0,https://www.goodreads.com/book/show/51960675-all-the-pretty-things?from_search=true&from_srp=true&qid=wU63oXyXyy&rank=1,True,"All the Pretty Things Arsenault, Emily"
All the Truth That's In Me,"Berry, Julie",17297487.0,https://www.goodreads.com/book/show/17297487-all-the-truth-that-s-in-me?from_search=true&from_srp=true&qid=EpqyL72bEU&rank=1,True,"All the Truth That's In Me Berry, Julie"
All This Time,"Daughtry, Mikki",50892133,https://www.goodreads.com/book/show/50892133-all-this-time?from_search=true&from_srp=true&qid=cHT2E48kh7&rank=2,True,"All This Time Daughtry, Mikki"
All You Never Wanted,"Griffin, Adele",13414841.0,https://www.goodreads.com/book/show/13414841-all-you-never-wanted?from_search=true&from_srp=true&qid=UhsdyUO8dh&rank=1,True,"All You Never Wanted Griffin, Adele"
Alone,"Freeman, Megan",49202861.0,https://www.goodreads.com/book/show/49202861-alone?from_search=true&from_srp=true&qid=3zOtNqhJia&rank=1,True,"Alone Freeman, Megan"
Altered,"Albin, Gennifer",16140922.0,https://www.goodreads.com/book/show/16140922-altered?from_search=true&from_srp=true&qid=wXYVeIOv1a&rank=1,True,"Altered Albin, Gennifer"
An Abundance of Katherines,"Green, John",139862143.0,https://www.goodreads.com/book/show/139862143-an-abundance-of-katherines-by-john-green-10-may-2012-paperback?from_search=true&from_srp=true&qid=9T40Ae3DqG&rank=1,True,"An Abundance of Katherines Green, John"
An Assassin's Guide to Love and Treason,"Boecker, Virginia",37678396.0,https://www.goodreads.com/book/show/37678396-an-assassin-s-guide-to-love-and-treason?from_search=true&from_srp=true&qid=mEmK208r10&rank=1,True,"An Assassin's Guide to Love and Treason Boecker, Virginia"
Annexed,"Dogar, Sharon",139529417.0,https://www.goodreads.com/book/show/139529417-annexed-by-sharon-dogar?from_search=true&from_srp=true&qid=zyPnhtXt81&rank=1,True,"Annexed Dogar, Sharon"
Antisocial,"Blake, Jillian",29905900.0,https://www.goodreads.com/book/show/29905900-antisocial?from_search=true&from_srp=true&qid=zK2k4zqMyE&rank=1,True,"Antisocial Blake, Jillian"
Ashes to Ashes,"Han, Jenny",10662433.0,https://www.goodreads.com/book/show/10662433-ashes-to-ashes?from_search=true&from_srp=true&qid=XpwfmmHAyx&rank=1,True,"Ashes to Ashes Han, Jenny"
At the Edge of the Universe,"Hutchinson, Shaun David",28763240.0,https://www.goodreads.com/book/show/28763240-at-the-edge-of-the-universe?from_search=true&from_srp=true&qid=y8giVq9sFx&rank=1,True,"At the Edge of the Universe Hutchinson, Shaun David"
"Audrey, Wait!","Benway, Robin",1627267.0,https://www.goodreads.com/book/show/1627267.Audrey_Wait_?from_search=true&from_srp=true&qid=eWGFmQFOle&rank=1,True,"Audrey, Wait! Benway, Robin"
Avalon High,"Cabot, Meg",187812.0,https://www.goodreads.com/book/show/187812.Avalon_High?from_search=true&from_srp=true&qid=VsfLOp0XJY&rank=1,True,"Avalon High Cabot, Meg"
Awakened,"Cast, P. C.",8652190.0,https://www.goodreads.com/book/show/8652190-awakened?from_search=true&from_srp=true&qid=jvG9f2stuD&rank=1,True,"Awakened Cast, P. C."
Be Not Far From Me,"McGinnis, Mindy",46139175,https://www.goodreads.com/book/show/46139175-be-not-far-from-me?from_search=true&from_srp=true&qid=5LCYSZobd6&rank=2,True,"Be Not Far From Me McGinnis, Mindy"
Beastly,"Flinn, Alex",544891.0,https://www.goodreads.com/book/show/544891.Beastly?from_search=true&from_srp=true&qid=kX00jRINeZ&rank=1,True,"Beastly Flinn, Alex"
Because You Love to Hate Me: 13 Tales of Villainy,Ameriie,31450752.0,https://www.goodreads.com/book/show/31450752-because-you-love-to-hate-me?from_search=true&from_srp=true&qid=pl8utM2WsY&rank=1,True,Because You Love to Hate Me: 13 Tales of Villainy Ameriie
Before I Fall,"Oliver, Lauren",6482837,https://www.goodreads.com/book/show/6482837-before-i-fall?from_search=true&from_srp=true&qid=XlpRsaXj6G&rank=2,True,"Before I Fall Oliver, Lauren"
Before the Devil Breaks You,"Bray, Libba",25985241.0,https://www.goodreads.com/book/show/25985241-before-the-devil-breaks-you?from_search=true&from_srp=true&qid=5wORn5wMht&rank=1,True,"Before the Devil Breaks You Bray, Libba"
Being Nikki,"Cabot, Meg",5135798.0,https://www.goodreads.com/book/show/5135798-being-nikki?from_search=true&from_srp=true&qid=aBEaaEK001&rank=1,True,"Being Nikki Cabot, Meg"
Betrayed,"Cast, P. C.",676924,https://www.goodreads.com/book/show/676924.Betrayed?from_search=true&from_srp=true&qid=Pk4zCyuHaK&rank=2,True,"Betrayed Cast, P. C."
Between Perfect and Real,"Stoeve, Ray",54776123.0,https://www.goodreads.com/book/show/54776123-between-perfect-and-real?from_search=true&from_srp=true&qid=gm5u0x8dBE&rank=1,True,"Between Perfect and Real Stoeve, Ray"
Bewitching,"Flinn, Alex",11859244.0,https://www.goodreads.com/book/show/11859244-bewitching?from_search=true&from_srp=true&qid=UowISmwVBY&rank=1,True,"Bewitching Flinn, Alex"
Big Nate From the Top,"Peirce, Lincoln",8939770.0,https://www.goodreads.com/book/show/8939770-big-nate?from_search=true&from_srp=true&qid=keKCt6VhXk&rank=1,True,"Big Nate From the Top Peirce, Lincoln"
Black Rabbit Summer,"Brooks, Kevin",218995832.0,https://www.goodreads.com/book/show/218995832-black-rabbit-summer-by-kevin-brooks-2008-01-01-hardcover?from_search=true&from_srp=true&qid=xo7dPW6dYA&rank=1,True,"Black Rabbit Summer Brooks, Kevin"
Blacktop Wasteland,"Cosby, S. A.",51182571,https://www.goodreads.com/book/show/51182571-blacktop-wasteland?from_search=true&from_srp=true&qid=QLgDu4foFp&rank=2,True,"Blacktop Wasteland Cosby, S. A."
Blight,"Duncan, Alexandra",31371486.0,https://www.goodreads.com/book/show/31371486-blight?from_search=true&from_srp=true&qid=wdlz5TbrVs&rank=1,True,"Blight Duncan, Alexandra"
Bloodline: a novel,"Cary, Kate",208648251.0,https://www.goodreads.com/book/show/208648251-bloodline?from_search=true&from_srp=true&qid=rtr4v1onUV&rank=1,True,"Bloodline: a novel Cary, Kate"
Blue Bloods,"de la Cruz, Melissa",872333.0,https://www.goodreads.com/book/show/872333.Blue_Bloods?from_search=true&from_srp=true&qid=QZ2D2t2Fvf&rank=1,True,"Blue Bloods de la Cruz, Melissa"
Bog Child,"Dowd, Siobhan",211314490.0,https://www.goodreads.com/book/show/211314490-bog-child?from_search=true&from_srp=true&qid=7DBvnSBiLg&rank=1,True,"Bog Child Dowd, Siobhan"
Broken Throne: A Red Queen Collection,"Aveyard, Victoria",44002050.0,https://www.goodreads.com/book/show/44002050-broken-throne?from_search=true&from_srp=true&qid=2J79SMR2Fq&rank=1,True,"Broken Throne: A Red Queen Collection Aveyard, Victoria"
Bronxwood,"Booth, Coe",8494485.0,https://www.goodreads.com/book/show/8494485-bronxwood?from_search=true&from_srp=true&qid=NjfIKwsxkb&rank=1,True,"Bronxwood Booth, Coe"
BZRK,"Grant, Michael",29239591.0,https://www.goodreads.com/book/show/29239591-gone-and-bzrk-series-michael-grant-collection-9-books-set?from_search=true&from_srp=true&qid=Qt5SYH4AFo&rank=1,True,"BZRK Grant, Michael"
BZRK Apocalypse,"Grant, Michael",126008837.0,https://www.goodreads.com/book/show/126008837-bzrk-apocalypse-by-michael-grant?from_search=true&from_srp=true&qid=L2qUZspzEg&rank=1,True,"BZRK Apocalypse Grant, Michael"
Chain Letter,"Pike, Christopher",137971,https://www.goodreads.com/book/show/137971.Chain_Letter?from_search=true&from_srp=true&qid=H7j0YOtLJ2&rank=2,True,"Chain Letter Pike, Christopher"
Change of Heart,"Picoult, Jodi",1609451.0,https://www.goodreads.com/book/show/1609451.Change_of_Heart?from_search=true&from_srp=true&qid=OCiATHoQyw&rank=1,True,"Change of Heart Picoult, Jodi"
Chasing Shadows,"Avasthi, Swati",136206610.0,https://www.goodreads.com/book/show/136206610-chasing-shadows-author?from_search=true&from_srp=true&qid=OWM8mucns2&rank=1,True,"Chasing Shadows Avasthi, Swati"
City of Ashes,"Clare, Cassandra",208251796.0,https://www.goodreads.com/book/show/208251796-the-mortal-instruments-2?from_search=true&from_srp=true&qid=qqtjv047pO&rank=1,True,"City of Ashes Clare, Cassandra"
City of Bones,"Clare, Cassandra",256683.0,https://www.goodreads.com/book/show/256683.City_of_Bones?from_search=true&from_srp=true&qid=hpCt2QNdvt&rank=1,True,"City of Bones Clare, Cassandra"
City of Fallen Angels,"Clare, Cassandra",211402123.0,https://www.goodreads.com/book/show/211402123-city-of-fallen-angels-by-cassandra-clare?from_search=true&from_srp=true&qid=e9Hsg6eU1p&rank=1,True,"City of Fallen Angels Clare, Cassandra"
City of Glass,"Clare, Cassandra",3777732.0,https://www.goodreads.com/book/show/3777732-city-of-glass?from_search=true&from_srp=true&qid=SOadmDu7x7&rank=1,True,"City of Glass Clare, Cassandra"
City of Lost Souls,"Clare, Cassandra",14367051.0,https://www.goodreads.com/book/show/14367051-city-of-bones-city-of-ashes-city-of-glass-city-of-fallen-angels?from_search=true&from_srp=true&qid=0xXUklQgnX&rank=1,True,"City of Lost Souls Clare, Cassandra"
Clockwork Angel,"Clare, Cassandra",7171637.0,https://www.goodreads.com/book/show/7171637-clockwork-angel?from_search=true&from_srp=true&qid=33I8Quoi2I&rank=1,True,"Clockwork Angel Clare, Cassandra"
Clockwork Prince,"Clare, Cassandra",10025305.0,https://www.goodreads.com/book/show/10025305-clockwork-prince?from_search=true&from_srp=true&qid=Au2ceLtyQq&rank=1,True,"Clockwork Prince Clare, Cassandra"
Code Name Cassandra,"Cabot, Meg",129860356.0,https://www.goodreads.com/book/show/129860356-vanished-books-one-two-when-lightning-strikes-code-name-cassandra-by?from_search=true&from_srp=true&qid=OzhRM0bU55&rank=1,True,"Code Name Cassandra Cabot, Meg"
Cold Day in the Sun,"Biren, Sara L.",42506018.0,https://www.goodreads.com/book/show/42506018-cold-day-in-the-sun?from_search=true&from_srp=true&qid=KjCA91v8yx&rank=1,True,"Cold Day in the Sun Biren, Sara L."
Cold Mountain,"Frazier, Charles",21361896.0,https://www.goodreads.com/book/show/21361896-a-brief-critical-introduction-to-cold-mountain-charles-frazier?from_search=true&from_srp=true&qid=qM7BprTyQd&rank=1,True,"Cold Mountain Frazier, Charles"
Confessions of a High School Disaster,"Chastain, Emma",29220723.0,https://www.goodreads.com/book/show/29220723-confessions-of-a-high-school-disaster?from_search=true&from_srp=true&qid=oRVhShsWCh&rank=1,True,"Confessions of a High School Disaster Chastain, Emma"
Conversion,"Howe, Katherine",18667792.0,https://www.goodreads.com/book/show/18667792-conversion?from_search=true&from_srp=true&qid=32CcRVwWH1&rank=1,True,"Conversion Howe, Katherine"
Copper Sun,"Draper, Sharon M.",90420.0,https://www.goodreads.com/book/show/90420.Copper_Sun?from_search=true&from_srp=true&qid=5NcHtkIWhq&rank=1,True,"Copper Sun Draper, Sharon M."
Crazy Love,"Abrams, Amir.",13493441.0,https://www.goodreads.com/book/show/13493441-crazy-love?from_search=true&from_srp=true&qid=9wKJ0Iq9pU&rank=1,True,"Crazy Love Abrams, Amir."
Crooked Kingdom,"Bardugo, Leigh",246477613,https://www.goodreads.com/book/show/246477613-crooked-kingdom---leigh-bardugo?from_search=true&from_srp=true&qid=8xjX7q7byP&rank=2,True,"Crooked Kingdom Bardugo, Leigh"
Dangerous Lies,"Fitzpatrick, Becca",20909906.0,https://www.goodreads.com/book/show/20909906-dangerous-lies?from_search=true&from_srp=true&qid=Mt3yDFj95F&rank=1,True,"Dangerous Lies Fitzpatrick, Becca"
Dark Triumph,"LaFevers, Robin",9943270.0,https://www.goodreads.com/book/show/9943270-dark-triumph?from_search=true&from_srp=true&qid=NHvutBbGyj&rank=1,True,"Dark Triumph LaFevers, Robin"
Darkest Hour,"Cabot, Meg",23224.0,https://www.goodreads.com/book/show/23224.Darkest_Hour?from_search=true&from_srp=true&qid=0mDAY18Sq8&rank=1,True,"Darkest Hour Cabot, Meg"
Daughter of Smoke and Bone,"Taylor, Laini",128744791,https://www.goodreads.com/book/show/128744791-dreams-of-gods-monsters-daughter-of-smoke-and-bone-by-taylor-laini?from_search=true&from_srp=true&qid=9CwKvBtpJC&rank=2,True,"Daughter of Smoke and Bone Taylor, Laini"
Daughter of the Pirate King,"Levenseller, Tricia",33643994.0,https://www.goodreads.com/book/show/33643994-daughter-of-the-pirate-king?from_search=true&from_srp=true&qid=RFVePuIltt&rank=1,True,"Daughter of the Pirate King Levenseller, Tricia"
Daughter of the Siren Queen,"Levenseller, Tricia",132627651.0,https://www.goodreads.com/book/show/132627651-tricia-levenseller-2-books-set-daughter-of-the-pirate-king-daughter-of?from_search=true&from_srp=true&qid=MUfcPXXmvz&rank=1,True,"Daughter of the Siren Queen Levenseller, Tricia"
"David and Goliath: Underdogs, Misfits, and the Art of Battling Giants","Gladwell, Malcolm",19209733.0,https://www.goodreads.com/book/show/19209733-david-and-goliath?from_search=true&from_srp=true&qid=UBs6t0j44J&rank=1,True,"David and Goliath: Underdogs, Misfits, and the Art of Battling Giants Gladwell, Malcolm"
Deadline,"Crutcher, Chris",24242861,https://www.goodreads.com/book/show/24242861-lesson-plan-deadline-by-chris-crutcher?from_search=true&from_srp=true&qid=QeqZhaigIb&rank=2,True,"Deadline Crutcher, Chris"
Dear Evan Hansen,"Emmich, Val",201727772.0,https://www.goodreads.com/book/show/201727772-dear-evan-hansen-by-val-emmich?from_search=true&from_srp=true&qid=fwi8hf3fbr&rank=1,True,"Dear Evan Hansen Emmich, Val"
Dear John,"Sparks, Nicholas",906749.0,https://www.goodreads.com/book/show/906749.Dear_John_Nicholas_Sparks_Paperback?from_search=true&from_srp=true&qid=83jJFBBPfN&rank=1,True,"Dear John Sparks, Nicholas"
Defy the Stars,"Gray, Claudia",31423196.0,https://www.goodreads.com/book/show/31423196-defy-the-stars?from_search=true&from_srp=true&qid=YxyJgP6QL1&rank=1,True,"Defy the Stars Gray, Claudia"
Destined,"Cast, P. C.",7933617.0,https://www.goodreads.com/book/show/7933617-destined?from_search=true&from_srp=true&qid=b33Bv7vHyf&rank=1,True,"Destined Cast, P. C."
Diamonds in the Shadow,"Cooney, Caroline B.",148001269.0,https://www.goodreads.com/book/show/148001269-diamonds-in-the-shadow-by-cooney-caroline-b-2007-hardcover?from_search=true&from_srp=true&qid=pBk6Ama8gy&rank=1,True,"Diamonds in the Shadow Cooney, Caroline B."
Disclosure,"Crichton, Michael",244530793.0,https://www.goodreads.com/book/show/244530793-disclosure-by-michael-crichton-translated-by-madhav-karve?from_search=true&from_srp=true&qid=HnbNoSXqHm&rank=1,True,"Disclosure Crichton, Michael"
Dive Smack,"Brodsky, Demetra",32173182.0,https://www.goodreads.com/book/show/32173182-dive-smack?from_search=true&from_srp=true&qid=qCHmQuq6Ds&rank=1,True,"Dive Smack Brodsky, Demetra"
Don't Ask Me Where I'm From,"De Leon, Jennifer",52766921.0,https://www.goodreads.com/book/show/52766921-don-t-ask-me-where-i-m-from?from_search=true&from_srp=true&qid=ra5LiDArzy&rank=1,True,"Don't Ask Me Where I'm From De Leon, Jennifer"
Dough Boys,"Chase, Paula",43131603.0,https://www.goodreads.com/book/show/43131603-dough-boys?from_search=true&from_srp=true&qid=aGauxxorz1&rank=1,True,"Dough Boys Chase, Paula"
Dragon's Oath,"Cast, P. C.",10324808.0,https://www.goodreads.com/book/show/10324808-dragon-s-oath?from_search=true&from_srp=true&qid=b63y4YvnIA&rank=1,True,"Dragon's Oath Cast, P. C."
Echo,"Block, Francesca Lia",14566.0,https://www.goodreads.com/book/show/14566.Echo?from_search=true&from_srp=true&qid=0iPgIbRxDT&rank=1,True,"Echo Block, Francesca Lia"
Echo After Echo,"Capetta, A. R.",51165961.0,https://www.goodreads.com/book/show/51165961-echo-after-echo?from_search=true&from_srp=true&qid=ekWnVBrY5L&rank=1,True,"Echo After Echo Capetta, A. R."
Ellen Foster,"Gibbons, Kaye",8533731.0,https://www.goodreads.com/book/show/8533731-ellen-foster?from_search=true&from_srp=true&qid=HNS2O7VFe9&rank=1,True,"Ellen Foster Gibbons, Kaye"
Emmy & Oliver,"Benway, Robin",36373413.0,https://www.goodreads.com/book/show/36373413-dear-mrs-bird?from_search=true&from_srp=true&qid=LQXEz7jJdd&rank=1,True,"Emmy & Oliver Benway, Robin"
Eon: Dragoneye Reborn,"Goodman, Alison",157532565.0,https://www.goodreads.com/book/show/157532565-eon?from_search=true&from_srp=true&qid=5O4V0w5za6&rank=1,True,"Eon: Dragoneye Reborn Goodman, Alison"
Every Boy's Got One,"Cabot, Meg",23223.0,https://www.goodreads.com/book/show/23223.Every_Boy_s_Got_One?from_search=true&from_srp=true&qid=oyEKOlJIyw&rank=1,True,"Every Boy's Got One Cabot, Meg"
Every Breath,"Sparks, Nicholas",38212843.0,https://www.goodreads.com/book/show/38212843-every-breath?from_search=true&from_srp=true&qid=LH0xVH7hDv&rank=1,True,"Every Breath Sparks, Nicholas"
Every Last Word,"Stone, Tamara Ireland",23341894.0,https://www.goodreads.com/book/show/23341894-every-last-word?from_search=true&from_srp=true&qid=oyQyesX0Xz&rank=1,True,"Every Last Word Stone, Tamara Ireland"
