book_title,review_date,rating,review_text,ban_date,match_type
Nineteen Minutes,2023-11-19,5,"When I initially started listening to Nineteen Minutes on audiobook, I debated about whether I was going to continue because it is a fictional account of a mass shooting at a high school. The grim reality of mass shootings throughout the US at schools, malls, stores, churches, movie theaters, etc is disturbing, depressing, and seems to be never ending. I read several Goodreads reviews on Nineteen Minutes and decided to continue listening to the audiobook. It is narrated superbly by Carol Monda. The plot and story arc are woven masterfully. The relationships between parents and teenagers show how small fractures can turn into chasms. Character development is outstanding. Bullying is a critical theme.The title is based on how many things can be done in a nineteen minute timeframe. Settle into this book, because it is over nineteen hours on audiobook but it is well worth the time. ",2023-08-01,In Window
Nineteen Minutes,2023-05-08,1,"1.5 ""would be ok as a 1990s television mini series by NBC"" star !! So I'm going to stop at 34 percent.... I tried Jodi...I tried... For decades my IRL gal pals have been reading Picoult...reliable stuff they said.... I wanted very much to like this and for brief moments I did... but there are so many difficulties I had with this Chick lit book...so many difficulties ....way too many perspectives .....way too many vignettes...a few were emotionally impactful...many were such a huge waste of time .....the women are great vibe is so barf worthy here...really all of them...fuck off Jodi ...absolutely no psychological depth and plenty of small town cliche-writing is clear and passable but some of the artistic flourishes are just not artistic.......important topic here but just no... I will not be trying another Picoult...I will notAs a tv series I would likely watch but this book is way too long for a ""poor to maybe if I'm lucky mediocre"" reading experience.",2023-08-01,In Window
Nineteen Minutes,2024-04-12,5,"Catching up…I am obviously on a Jodi Picoult read and re-visit phase of getting my reviews to Goodreads. I remember our Library book discussion group loved her, and so we discussed her books a lot. And, because she always had such compelling themes to her stories, one of her books was usually easy to select for a discussion. With this story, published in 2007, and me re-visiting it in 2024, it almost felt like as a generation, we aren’t learning anything. We just keep repeating history. Nineteen minutes makes reference to the duration of a high-school shooting rampage perpetrated by a teenager named Peter. Picoult’s intention is to tell this story in healing mode, emphasizing the slights, taunts and oversights that brought Peter to this point – that would create these devastating 19 minutes. How did Peter begin? Was it his home life? Was it his first day of kindergarten? Was it him being a bullied kid? Was he a victim of his circumstances? As readers are we led to be compassionate towards Peter? More understanding to his breakdown? His pain? What about the victims of the shooting? As a writer, Picoult is articulate. She is clear. She is a soap-opera with twists but providing a thoughtful closure. How else are we to interpret the book cover of hands being held?There are so many ways of looking at this story, that readers become judge and jury. Will we be sympathetic overall? There is so much to feel here. ",2023-08-01,In Window
Nineteen Minutes,2023-04-04,5,"From the blurb: “Nineteen Minutes asks what it means to be different in our society, who has the right to judge someone else, and whether anyone is ever really who they seem to be.”After reading Mad Honey, my first book by this author (although it was written with the collaboration of another author, Finney Boilan), I realized that I was missing a terrific storyteller.So here I am, finished reading my 6th book by this author.I wasn’t planning on reading a Picoult’s book anytime soon, but I was at the public library and found this book sitting on the shelf and what I noticed immediately was that the cover (a turned over desk table and a chair) was not the standard cover associated with this author’s books, you know, the ones with a couple holding hands or a child playing, those covers that suggested the book belongs to the romance genre section, a genre that I do not read (yes, I do judge a book by its cover), and I started flipping the pages and became completely enthralled, so I had to take it with me.This is a remarkable work of fiction.The storyline and the development of the characters was terrific! And I absolutely loved the dynamic between the characters.The story is quite heartbreaking and it did bring me memories from my childhood and teen years, when I was constantly bullied.I found everything believable and the courtroom drama was well done. How riveting!But I confess that I wasn’t a fan of the conclusion, although acceptable. Regardless, I still think that this book deserves my 5 stars ratings, as I was completely hooked and didn’t want to stop reading.I think that I will be reading this book very soon, as I want to make sure that I did not miss anything.Hardcover (published 2007): 464 pages (15-16 hours)e-book (Kobo): 694 pages (default), 188k words Audiobook Narrated by Carol Monda: 21.1 hours (normal speed)",2023-08-01,In Window
Nineteen Minutes,2022-12-23,5,"Part of me remembered what Columbine was like for me when I heard the news 23 years ago. Part of me was disgusted that even a couple weeks ago, another school shooting has occurred. There are no winners in this book.What the author does brilliantly is to show the mind of every character as it’s unfolding and everything that led up to the moment. She shows every detail of every angle to provide a complete bird’s eye view and an omniscience none of the other characters can have. In doing so, you end up with a sympathy for every person. And no one seems to understand and can have you live through a teenager’s mind better than Picoult. This feels true of most books where she’s writing about teens. She does it so authentically. I almost wonder if she has a teen that she consults when writing their characters.In the end, I was really proud of Josie for the revelations she had and the courage it took to admit them. In the end, I hope every person who takes the time to read this book will also see that small kindnesses make the whole world worth living in (and that teenage girls can know they can and should say NO loudly and often).",2023-08-01,In Window
Looking for Alaska,2024-02-05,4,"⋆｡°·☁︎ '𝓘𝓯 𝓹𝓮𝓸𝓹𝓵𝓮 𝔀𝓮𝓻𝓮 𝓻𝓪𝓲𝓷, 𝓘 𝔀𝓪𝓼 𝓭𝓻𝓲𝔃𝔃𝓵𝓮 𝓪𝓷𝓭 𝓼𝓱𝓮 𝔀𝓪𝓼 𝓪 𝓱𝓾𝓻𝓻𝓲𝓬𝓪𝓷𝓮.' ☂‧₊˚ ☁️⋅♡𓂃 ࣪ ִֶָ.This was really freaking good. Damn, Green writes some great characters! “𝓣𝓱𝓮 𝓸𝓷𝓵𝔂 𝔀𝓪𝔂 𝓸𝓾𝓽 𝓸𝓯 𝓽𝓱𝓮 𝓵𝓪𝓫𝔂𝓻𝓲𝓷𝓽𝓱 𝓸𝓯 𝓼𝓾𝓯𝓯𝓮𝓻𝓲𝓷𝓰 𝓲𝓼 𝓽𝓸 𝓯𝓸𝓻𝓰𝓲𝓿𝓮.”╰⪼ Real, raw and unfiltered. The beauty of this story is that it doesn't hide anything. It showcases what young love and growing up really are in a brutal and honest light. How the characters communicate, their relationships with each other, their pasts and the pleasure that comes with being a bad kid shines through the pages. I might actually prefer this book to The Fault in Our Stars... Idk, the jury is still out on that one lol. This is a book of grief, friendship, escapes and life. It’s dark, and romantic. Thought provoking, character driven tale of Alaska and Miles. The ending will leave you heartbroken. You might not sob out buckets like most readers did at the end of The Fault in Our Stars, but you'll get attached to Miles and Alaska, just as they do to each other.“𝓣𝓱𝓸𝓶𝓪𝓼 𝓔𝓭𝓲𝓼𝓸𝓷’𝓼 𝓵𝓪𝓼𝓽 𝔀𝓸𝓻𝓭𝓼 𝔀𝓮𝓻𝓮 “𝓘𝓽’𝓼 𝓿𝓮𝓻𝔂 𝓫𝓮𝓪𝓾𝓽𝓲𝓯𝓾𝓵 𝓸𝓿𝓮𝓻 𝓽𝓱𝓮𝓻𝓮”. 𝓘 𝓭𝓸𝓷’𝓽 𝓴𝓷𝓸𝔀 𝔀𝓱𝓮𝓻𝓮 𝓽𝓱𝓮𝓻𝓮 𝓲𝓼, 𝓫𝓾𝓽 𝓘 𝓫𝓮𝓵𝓲𝓮𝓿𝓮 𝓲𝓽’𝓼 𝓼𝓸𝓶𝓮𝔀𝓱𝓮𝓻𝓮, 𝓪𝓷𝓭 𝓘 𝓱𝓸𝓹𝓮 𝓲𝓽’𝓼 𝓫𝓮𝓪𝓾𝓽𝓲𝓯𝓾𝓵”.୨୧‿‿‿୨ﾠ୧‿‿‿୨୧",2023-08-01,In Window
Looking for Alaska,2023-10-31,5,"this book fixed something that it didn’t break. we all had that time period where we got lost, needed to be found by ourselves, not by anyone else. but struggling because that dark thoughts towards yourself are so strong that you cannot find a way out from your own suffering, and trying to ignore that pain with all your power. i never found a way to put that dark times into words, however miles’ and alaska’s words have done that for me.
”Before I got here, I thought for a long time that the way out of the labyrinth was to pretend that it did not exist, to build a small, self-sufficient world in a back corner of the endless maze and to pretend that I was not lost, but home. But that only led to a lonely life accompanied only by the last words of the already-dead, so I came here looking for a Great Perhaps, for real friends and a more-than-minor life.”
ignoring a problem, staying away from reckless acts, avoiding conflict at all costs, blaming yourself constantly, trying to heal by yourself quietly; these are all things that comes along with the mistakes you have done, even though your brain knows that you are not guilty, your heart makes you wonder, was it your fault, could you have been a better person, was there a way out, could you do things differently? the way these topics were examined in this book was incredibly realistic that i felt like someone put a mirror in my thoughts, and reflected into those pages. and i really believe that everyone can find a piece of themselves on these pages, because i don’t believe that there is someone who is alive, and doesn’t blame themselves for something they have done, even people that we believe are bad people.your past is a lesson, not a life sentence. because of our fear that we will make a mistake again, we choose the safe paths, isolating ourselves from the passion of life, creating a bland but secure one. we should not just exist or survive, we should live and feel alive. i know sometimes it is hard to believe that, but this book shows these facts to you so well that, you got no choice but to listen to it.
“When adults say, ""Teenagers think they are invincible"" with that sly, stupid smile on their faces, they don't know how right they are. We need never be hopeless, because we can never be irreparably broken. We think that we are invincible because we are. We cannot be born, and we cannot die. Like all energy, we can only change shapes and sizes and manifestations. They forget that when they get old. They get scared of losing and failing. But that part of us greater than the sum of our parts cannot begin and cannot end, and so it cannot fail.”
i dived into this expecting a quick and enjoyable read, however it turned out to be the one that speaks to my soul so clearly. it presented a voice i that cannot speak, and i really hope that if you haven’t read this one yet, you can understand that you are not the first person who has self-guilt, and you will never be the last.
“It's not life or death, the labyrinth. Suffering. Doing wrong and having wrong things happen to you. That's the problem. Bolivar was talking about the pain, not about the living or dying. How do you get out of the labyrinth of suffering?”
plot of this is that the main character miles ‘pudge’ is getting sick of his boring an plain life and wanting to find his own ’the great perhaps’ by enrolling culver creek boarding school. he meets his people there, colonel, takumi, lara and… alaska. those people are known to pull incredible pranks, living their life passionately by acting like there is no tomorrow, which made the ’before’ part of the book a lot entertaining. however the part where i got so connected with the book was, the part ’after’.
“I wanted to be one of those people who have streaks to maintain, who scorch the ground with their intensity. But for now, at least I knew such people, and they needed me, just like comets need tails.”
miles ‘pudge’: i tend to dislike high schoolers in books, because they are usually written either too unrealistically mature for their age, or the quite opposite, total immature teens. miles was the perfect example of a teenager, he had insecurities, anxious thoughts, confidence, love, desire to get academic validation, and wish to spend time with his friends and his crush. he also had this poetic side that made me smile softly, he described alaska’s half smile as mona lisa’s unique smile, just wanting to sleep with alaska without having no sexual interaction, calling her dorm that he shares with colonel ‘home’.. he was such a beautiful boy with all of his self destructive thoughts, loyalty for his friends, gratitude towards his family and many other things.
“When I look at my room, I see a girl who loves books.”
alaska: she was fucked up so beautifully. you can’t understand her character but in reality you can, you get so mad at her, after a second you want to hug her, you curse at her morals, a few moments later you praise her intelligence. the complexity of her character was incredibly well-written, you can feel her duality of wanting to stay alive, but wanting to just disappear from the world at the same time so clearly. she hates herself, she loves herself; she is loyal, she is unfaithful; she is smart, she is stupid. i really cannot explain her character to you, because she is incredibly unique that i think everyone would describe her differently.
“Imagining the future is a kind of nostalgia. (...) You spend your whole life stuck in the labyrinth, thinking about how you'll escape it one day, and how awesome it will be, and imagining that future keeps you going, but you never do it. You just use the future to escape the present.”
there will always be books that we won’t able to read, friends we won’t able to comfort, songs we won’t able to listen, words we cannot speak, corners of the maze we cannot turn. but we can enjoy the memories we have, and make the most of it by being brave and kind, both to others and to ourselves.
“We are as indestructible as we believe ourselves to be.”
i cried two times while writing this. we are all scared, we are all anxious, we all have suffered, but we all get through it, or getting through it. but we are not just our fears, anxiety or pain, we are also our kindness, dreams and love. none of us will be happy all time, but never suffer all the time either. we will fall apart at the end, but we can leave some kindness and love behind us.
“We are greater than the sum of our parts.”
nov 3: this book was so perfect that, there is no way that i can justify it with a review, but i will try. rtc.oct 31: am i too late to read this🧍🏻‍♀️",2023-08-01,In Window
The Perks of Being a Wallflower,2024-05-16,5,I want to rip every single strand of hair out of my head using only my teeth ,2023-07-01,In Window
The Perks of Being a Wallflower,2022-11-08,4,"I can't believe I managed to live my whole without hearing one spoiler!I ended up really enjoying this (also watch the movie right after!).This is the perfect ""coming of age book to read in high school"".Vlog: https://youtu.be/FRWkymuplHM",2023-07-01,In Window
The Perks of Being a Wallflower,2022-08-31,4,"Stephen Chbosky tells us the story of an introvert, Charlie, through this novel. 

 Charlie might be awkward at social events but is a brilliant innocent person with excellent thinking capacity. Nobody can blame you if you feel deja vu when you read his letters. It is that much relatable to our lives. The author beautifully depicts how he explores everything in his life for the first time through the friendship of Patrick and Sam. The author realistically portrays the difficulties and curiosities of a young adult's life.
What I learned from this book 

1) How can we take charge of our life during difficult circumstances? 
We can never fully safeguard our life from negative experiences. We inevitably have to go through some negative experiences in our life. But we can control how we react to it. If we are able to react judiciously, our life will never go off track during trying circumstances.  ""So, I guess we are who we are for a lot of reasons. And maybe we'll never know most of them. But even if we don't have the power to choose where we come from, we can still choose where we go from there. We can still do things. And we can try to feel okay about them.""  
2) What is the greatest gift you can give your loved ones? 
Presence is the biggest present that you can give your loved ones. When there is a person to just sit near you and make you feel they are with you no matter whatever happens in your life and willing to hear you patiently, you should consider yourself the luckiest person.  “We didn't talk about anything heavy or light. We were just there together. And that was enough.""  
3) Why do people want to be in a relationship when they are single and want to be single when they are in a relationship? 
I think the best state a human being can achieve in their life is to be attached to an individual in a relationship and feel free and independent at the same time. In simpler terms, we should have a relationship without compromising the identities and individuality of both individuals. It is a complex state that only true soulmates can achieve.When the relationship is not in an ideal state, as I mentioned above, singles might feel life boring due to the lack of attachment, and couples will find life boring due to the loss of individuality. ""If somebody likes me, I want them to like the real me, not what they think I am. And I don't want them to carry it around inside. I want them to show me, so I can feel it, too. I want them to be able to do whatever they want around me.""  
My favourite three lines from this book 
 “Things change. And friends leave. Life doesn't stop for anybody.""   “I would die for you. But I won't live for you.”    ""I just want you to know that you're very special… and the only reason I'm telling you is that I don't know if anyone else ever has.""   
What could have been better?
There are a lot of trigger warnings in this book, like sexual abuse, domestic abuse, incest, and drug abuse. Some readers might find it difficult to read these parts of this book.
Rating 
 4/5 This is one of the best coming-of-age books I have read. If you liked the book Catcher in the rye, you should definitely try this book.",2023-07-01,In Window
The Perks of Being a Wallflower,2024-03-20,3,"zalety bycia niewidzialnymmam do tej ksiazki strasznie ambiwalentny stosunek. z jednej strony, nasz glowny bohater, wrazliwy pietnastoletni charlie ,ktory uczy sie funkcjonowac w spoleczenstwie jest kochany, zagubiony, utozsamiam sie z nim- z drugiej natomiast - postac w ktora nie umiem uwierzyc, ktora dziala mi na nerwy i ktora mam ochote potrzasnac i wyperswadowac bledy. wiem jednak, ze wielu z was moze sie ze mna nie zgodzic, ale prosze o uszanowanie mojej opinii! historia nieskomplikowana, w pewien sposob nostalgiczna, troche ciepla i komfortowa w calym swoim smutku (w tych momentach w ktorych sie nie irytowalam) przeszkadzal mi tez zbyt prosty jezyk. kwitujac- serio nie wiem co o niej mysle.",2023-07-01,In Window
Thirteen Reasons Why,2025-12-14,1,i would chop off an arm for a version of this book where clay actually did something terrible ,2023-08-01,Fallback (Recent)
Thirteen Reasons Why,2020-10-11,2,"
“I guess that’s the point of it all. No one knows for certain how much impact they have on the lives of other people. Oftentimes, we have no clue. Yet we push it just the same.”
It felt wrong to dislike this book, given its subject and what it’s trying to say. A teenage girl commits suicide and, through the tapes recorded prior to it, tries to explain why, tries to have us see herself, tries to show how even insignificant events can start snowballing until it’s too late and you are looking for a permanent way out. She tries to tell us that we should care enough to see what someone is going through and maybe - by caring enough - to be the one that can make the snowballing effect stop. She tries to show that it doesn’t have to be a grand event pushing you over the edge but a combination of continuing small quantities of shittiness of life that can become a burden too much to bear.I see it. I understand it. I agree.But I really dislike *how* it was done.Because Hannah is so painfully selfish and melodramatically self-absorbed, and her actions with sending her tapes to those that she blames for her suicide and requiring for those to be passed on or else are quite awful and are bound to become an extra thing that just may cause the same snowballing effect in the lives of those that she’s taking revenge on with her tapes. Because let’s be honest - these tapes do seem like her way of hitting back, and not considering the consequences for others, after she is gone.
 “When you reach the end of these tapes, […] I hope you’ll understand your role in all of this. Because it may seem like a small role now, but it matters. In the end, everything matters.”
She knows very well about the snowballing that even the smallest, most insignificant things can have on a person who is reaching the end of their endurance with life. And she does not really know what’s going on in the lives of those who will receive her tapes. Those who will be told - you are the one to blame for a suicide. Those who are disproportionally told - the responsibility is yours to bear for one careless act or gesture. Those who will be told - I was in the room when you were raped and didn’t stop it, and it made *me* feel bad - without even considering what it can do to the person who it was done to and who is now listening to the tapes and knows that so did - or will - several others who may be able to identify her no matter if she wants it or not. Hannah wants everyone to be wracked with guilt for something they could not foresee (
a freshman kid making an idiotic “Hot or Not” list where he put Hannah on the “hot” side and the girl she goes on to vilify on the “Not” side is dumb, but blaming him for your suicide is awful as well
; 
 a popular girl upsets Hannah by not caring about the possibility of budding friendship and acts fake - enough for Hannah to add the shallow teen behavior as one of the reasons for suicide and apportion blame there as well
; 
a girl who drove drunk (while actually showing caring towards Hannah), destroyed a Stop sign that caused a deadly accident later - Hannah blames her and her act for her subsequent suicide, adding that extra guilt to what Jenny probably was already struggling with
 - because more guilt apparently is a solution when it comes to Hannah apportioning blame as Hannah is laser-focused on herself and herself only). She does not know or care if her tapes will be the last straw for anyone listening to them. She does not care at all.And honestly, given Hannah’s state of mind, if the people she blames for her impending suicide haven’t done the things they did, I’m sure Hannah would have found something else that would have affected her the same way. She was spiraling down, and it seems almost anything would have pushed her deeper and deeper into the state from where there was no escape. Yet she prefers to single out a few people to lay blame on, and most of them do not deserve that, but the blame has been already doled out and witnesses made.Misery loves company, and Hannah relentlessly soldiers on, blaming others for small and petty and mean things that snowballed for her and led to her suicide. And she knows where it can lead, and does not care. She’s going down but is determinedly taking those who slighted her with her. She wants to *really* touch their lives - and let’s hope that they find a way to deal with it that is different from the path Hannah took. 
 “You don’t know what went on in the rest of my life. At home. Even at school. You don’t know what goes on in anyone’s life but your own. And when you mess with one part of a person’s life, you’re not messing with just that part. Unfortunately, you can’t be that precise and selective. When you mess with one part of a person’s life, you’re messing with their entire life.”
I would have appreciated this book more if the set up was different. Not the revenge tapes that she makes sure reach the intended audience, but just a narration of a girl who is depressed and driven to commit suicide by the combined snowballing shittiness of life. It could have been poignant and shattering instead of frustration at her callously and vengefully deciding to upend the lives of those who were just a bit mean to her, by her own admission “messing with their entire life” so that they can be sorry for what they did.I feel for Hannah but I abhor her selfishness and callousness and the way the story seems to condone apportioning blame to everyone around her, leaving them with the burden of guilt, mostly undeserved.I dislike how he author chose to frame the story and the implications of those choices. Suicide framed as revenge is not good. A story of suicide told through vindictive finger-pointing pettiness cheapens the intended emotional effect.So instead of touched I’m irritated and frustrated and a bit exasperated. 2 stars.",2023-08-01,Fallback (Recent)
Thirteen Reasons Why,2018-11-08,1,"Wow. What a b*tch. But...But...Miranda...how can you not love, cherish and worship a suicide book? Hannah was so brave, she dealt with life the best way she could...Blah, blah, blah.Are you sitting down? Good, cause things are about to get ranty.
HUGE MOTHER-EFFING DISCLAIMER:If you absolutely loved this book or if you think it really helped you through a tough time - I have absolutely no problem with that. You are completely (and utterly) entitled to your opinion on this novel - just like I'm entitled to hate it with every fiber of my being. My hatred can be split into four parts: The Message to the Target Audience, Glamorous Suicide, The Absolutely Terrible Excuse for A Main Character and Were you Raped? Sorry, it's Me Time Now. 
The Message to the Target Audience - aka just kill yourself.
As an 25-year-old adult, I am able to read this book and take a step back to truly appreciate the full wrath of Hannah. She's able to absolutely crumble the lives of the bullies, extract sweet revenge on her ex-friends and even get the boy she likes to admit that he really, really likes her.And how does she do that? By killing herself.Let me repeat that - she's able to accomplish all her wildest dreams
 By. Killing. Herself.
And the target audience? Preteens/teens. Kids who are already thinking of suicide and are curious to see what happens after.And how does the author (a grown adult) advise them? 
Just kill yourself and everything will be better after you die.
I cannot begin to express how  furious that made me. Okay, okay. I will admit that there is another message - one of accepting, embracing and truly caring for your peers before something tragic happens...but, I'd like to remind you, how do we reach this conclusion?Well, Hannah only had to off herself for this to happen. Kill yourself and the world becomes a better place.
Glamorous Suicide - aka suicide is a wondrous method to bring about change.
This is in a somewhat similar vein to the previous - but did anyone else notice how beautiful and poetical her suicide was?How all the bullies were cowed. How all her friends regretted not appreciating her when she was alive. How everyone felt bad about not being nicer.Even her suicide was a graceful fade-to-black.The book doesn't show any negative repercussions for her actions - just that everything is better after she's gone.And while (maybe) some kids may react the same as the ones portrayed in this book, I'd wager that most teens out there won't fall perfectly into the, 
""Oh-poor-Hannah-such-a-tragic-little-victim""
 category.Most teens won't have the self-reflection and emotional awareness shown in this novel. She'll become a footnote, a blip on their radar, and they'll move on. 
Absolutely Terrible Excuse for a Main Character - aka what a b*tch
I am of the firm belief that if something tragic, or some self-inflicted tragedy, befalls the main character, does not erase their sins. Just because they did some grand, meaningful gesture, does not mean everything they did is given the rose-tinted glasses.And what Hannah did was 
absolutely inexcusable.
Most suicides (according to google) are due to mental illness (90%) (i.e. clinical depression, bipolar, etc) or due to an impulse decision (triggered by a great tragedy/overwhelming circumstances). From my (admittingly untrained) eye, Hannah experiences neither of these. And I believe that if the author wanted us to see either one of those cases, he would have made that abundantly clear. Which makes Hannah's premeditated revenge odd, to say the least. She picks out thirteen people who she's perceived wronged her and sets about to find the most hurtful and vengeful way to ruin their lives. She wants to make her suicide count by destroying these other teen's lives so thoroughly that they become traumatized and absolutely terrified for the rest of their days.So, who are these life-ruiners you ask? Who are these absolute monsters who made Hannah's life a living hell? Pushing her every day closer to oblivion?--Her first kiss -- now, the guy did brag that he got a bit further than a first kiss with her, but to pin her suicide on him? On a kid who likely felt inadequate and just wanted to seem older/experienced among his friend group?--A friend who drifted apart from her -- sure this girl wasn't Hannah's bestie for life, but isn't she allowed to choose who her friends were? She and Hannah drifted apart, just like millions of girls throughout high school...but no Hannah has to make sure this girl KNOWS that stopping friendships with ANYONE is a direct cause for suicide.-- A guy who said she has a nice ass -- I'm all for not objectifying women, but really? She's trying to pin her suicide on a teenage guy who said she has a nice ass. --A nice girl who ended up not being super nice -- this girl was polite to Hannah, hung out a couple of times, but ultimately did not want to become best friends. Well, now she knows that if she is not ABSOLUTELY PERFECTLY NICE AND FRIENDLY with everyone she meets, then they may kill themselves in revenge.--A guidance counselor who didn't stop her suicide -- In Hannah's version, he was the last straw between her and oblivion. And he failed. He failed her, her parents and the school.To expect one man to completely turn around a suicidal girl (especially one who premeditates her suicide to such an extent that she uses it as a weapon against other kids) is (in my opinion) horribly unrealistic.And that's the thing that everyone seems to forget - these people who ""caused"" her suicide are kids. Teenagers with their own troubles, trials and tribulations. They're wading through the murky waters of high school with as much direction as Hannah.And in her anger, fury and spite, she puts them all on the same playing field. The peeping Tom and rapist somehow contributed equally to the guy who stole the compliments from her compliment box. Apparently, no one commenting about your haircut is just as likely to send you into a suicidal spiral as privacy violations. 
Were you Raped? Sorry, it's Me Time Now -  aka My God Hannah, What's Wrong With You? 
I will admit there were some of the kids that had it coming (i.e. the rapist and the peeping Tom) - they should have been called out on their actions. But, instead of going to the authorities and actually doing something about this, Hannah just outs them in one of her tapes. And, it gets better, she never sends a tape to the 
rapist.
Instead, she sends it to her ex-friend, the girl who was drunk and barely conscious throughout the rape, and Hannah blames her suicide on her.That's right, the RAPE victim learns that she's RAPED on Hannah's suicide tape, that Hannah (and the boy the rape victim liked) did nothing about it.AND what's Hannah's interpretation?
 You, ex-friend, caused my suicide cause you didn't want to be friends for life. 
 And to that I say: A) GOOD RIDDANCE.  Dropping Hannah like a hot tamale was obviously the right choice.  B) Can you even begin to imagine learning that happened to you while your so-called friend was hanging out in the closet of the same room? And what was Hannah doing? What was SO CRAZY IMPORTANT that she just couldn't stop her friend from being raped? Having a tipsy mental breakdown because A) the boy she liked her tried to kiss her and B) when she said no, he stopped. Excuse me, but how was THAT more important that preventing an ex-friend from getting RAPED?Literally all Hannah had to do was step out of the closet and he'd be scared off.But noooooo, Hannah decides to make the suicide tapes (LONG after all the evidence has been washed away) to let everyone know that she's the victim.  That SHE deserves the pity and sympathy.I'm sorry, I'm sure there are many (MANY) ways to interpret this book, but I just can't see feeling sympathy for the girl who killed herself over ""nice ass"" and ""friends not staying friends"" vs the one who was raped while her best friend/guy-she-liked watched and then was blamed for a suicide. This is the sort of revenge Hannah decides to extract on these teens. It's unforgivable.
I can't believe I wasted my time with this.
.
 ANOTHER BIG MOTHER-EFFING DISCLAIMER (cause apparently my first one was not enough) Yes, this is my opinion. This is my interpretation of this novel. Is it the right one? Maybe and maybe not.If this book is perfect in your eyes, if it really saved you, I am not discounting that experience. This book has a LOT of potential to bring about difficult discussions but I feel that the way it is written is problematic (to say the least). But again, this is one take on the novel. Audiobook CommentsThe one thing I couldn't fault this book on was the choice of narrators. Joel Johnstone and Debra Wiseman were absolutely perfect throughout this book. The way they played off of each other, the way they conveyed emotions - amazing through and through.The 2018 Finer Books Club Reading Challenge - A book with a number in the titleYouTube | Blog | Instagram | Twitter | Facebook | Snapchat @miranda_reads",2023-08-01,Fallback (Recent)
Thirteen Reasons Why,2018-01-27,4,"I have seen a lot of mixed reviews on this book. The subject matter - suicide - is controversial. The show they made of this book is controversial. Because of that, I am going to avoid too much commentary on the subject matter and just say that the content of this book is serious and does affect teenagers in different ways. I didn't have the easiest if teenage years, but I made it through okay, so it would be easy for me to say that this story is an overreaction. But, I would be a fool to not understand the we we all different and a cautionary tale like this one could result from the same events that another person might just brush off. It is important to keep that in mind.As to the book itself, I give it bonus points for creativity of delivery. Learning what happened along with the narrator and hearing his emotions since he was directly affected is pretty powerful. I did find myself a bit on the edge of my seat ready to find out what happens next. Also, this book is a quick read. I think this is important to help make it feel like we are along with the narrator in real time.Remember going in that the subject is suicide and if that bothers you, do not read this. However, if you are open to exploring the mind of someone going through this sort of pain, I think it could be a moving and enlightening experience.",2023-08-01,Fallback (Recent)
Thirteen Reasons Why,2017-09-20,2,"growing up, my parents taught me that no one but myself is responsible for my decisions. they are mine and mine alone. and that is a belief i still hold today. which is why i found it so difficult to empathise with hannah and her ‘thirteen reasons why’ she committed suicide - each reason/tape entirely placed the blame on someone else and she took none of the responsibility for her own actions.thats not to say people dont suck. yes, people can be mean and cruel and hurtful. but hannah took no action to fix those problems or right those wrongs. so if you ask me, hannah deserved her own tape.and thats the tea. ↠ 2 stars",2023-08-01,Fallback (Recent)
Crank,2021-11-06,4,"If there was ever a bookish anthem for ""just say no"" this would definitely be the title that comes to mind. I've read Ellen Hopkins before; however, I never delved into her most iconic series which details the experiences of her daughter’s descent into addiction to crystal meth. Please be mindful that this book has a plethora of content warnings ranging from drug use to rape. It's extremely heavy so take that into consideration before picking this up.Crank all too well illustrates how easy it is for some individuals to slip into addiction. For the main character Kristina, it simply takes a visit to her father. What follows next is Kristina's journey as she attempts to reckon with her addiction and hide it from family and friends. Hopkins utilizes the emergence of an alter-ego to explain how a shy and often unconfident young woman will do anything to maintain her supply of crystal meth. This definitely wasn't an easy read for me. While a quick and easy read due to it being written in free verse, I found so many different parts of Kristina’s story to be hard to navigate. There were moments when she wanted to tell someone of her addiction but grew fearful of the response or fearful of whether she would be able to survive without using. There were moments that I felt for Kristina's mother (who would be Ellen Hopkins as this is a fictionalized re-telling of her own experiences). How do you help your own child who has seemingly slipped into this dark world? Do you deny that they would ever be capable of such a thing? How do you get them help without isolating or pushing them way? Reading this as a parent had such a different meaning for me. While it is true that this can be read as a cautionary tale of the dangers of drug use, it is also clear that drug addiction at its core is a substance abuse disorder, a mental illness. Although Kristina is destroying herself and her family, there are so many moments when I wanted to reach into the pages of this novel and offer her a helping hand. The things experienced by a woman battling drug addiction are so clearly outlined by Hopkins that it will make a reader want to close the book and never return to its pages. There is something to be stated about a writer's ability to capture so many different emotions in a single story that is written in verse. I'm not sure if Hopkins was able to get any relief in writing this story, but I sincerely hope that she did.",2023-07-01,Fallback (Recent)
Crank,2021-04-05,4,"This was intense. The format that Ellen Hopkins wrote this in was well done for the content. Ellen Hopkins had a daughter to pull from for inspiration for this which breaks my heart for her. I love that she was able to pull herself out of the equation enough to make things seem real for Kristina/Bree and her relationship with her parents. I have someone close to me who, at one point, had a split in their personality due to drug use, Meth, and other things at the time. It was the craziest thing that I have ever experienced. This person was still this person, but they even talked to me in lingo and an accent they would have never normally used. As far as I can tell from speaking to them about it years later, although it is a delicate subject, I am 99% sure that they have zero memory of these other personality moments. So the split in personalities, mainly due to brain-altering substances, has always fascinated me. In another life, I am a psychotherapist or some similar field. In Crank, Kristina does not remember much of what happens when Bree takes over, but she IS aware of the effects and acknowledges when Bree comes out to play. I went with the audio version, so in the beginning, I was a bit confused about whether or not there were additional personalities. Still, these didn't come back out after leaving Albuquerque, so I wasn't sure if I was misinterpreting a chaotic moment. Overall, Laura Flanagan was an excellent pick for the narrator, as I think she was able to capture the mind of Kristina/Bree truly. She shone spectacularly in the first half of the book during the Albuquerque moments and in showing the mindset of the age with her inflections and tones. The return home to Reno was a lot weaker in terms of story-telling, but I was still interested, and there were more horrific events and struggles for what Kristina/Bree would go to for her fix for the ""monster,"" as she dubs her drug of choice. The ability to switch at convenience at times was a bit harder to wrap my mind around, as this is not impossible but extremely uncommon in splits. The ending felt a bit too neat. But I will be continuing with the story. I watched the movie several times over a decade ago, but I was still trying to connect how that and this matched up. Perhaps the rest of the series will show a better connection; maybe there will be different characters in play. I love the uniqueness, though.4 Solid stars from me. I was hooked and emotionally invested. My mom heart is hugging Ellen Hopkins.",2023-07-01,Fallback (Recent)
Crank,2017-05-20,5,"4.75 starsAs someone who had a close friend that fell into using drugs and sleeping around, this book really hit home. It made me feel like I was reliving seeing my friend fall apart, right before my very eyes. It hurt to read this at some parts, made me want to shake Kristina and beg her to ""please, stop"" to tell her she's ""better than this."" But of course, I knew that would do little good. It hadn't done much for my friend. In fact, it'd done nothing.I was surprised by how much I enjoyed the writing and structure of the novel. It's really unique and fitting for the story - because while you're on drugs nothing in life goes smoothy - just like the choppy chapters and pages in this novel. It was smart on Hopkins part to write it that way.It's also heartbreaking to hear that this happened to Hopkins own daughter. And that she began writing this soon after her daughter went to prison. That just made me realize how bad getting addicted to drugs is, and how my experience with watching my friend fall victim is only one case out of thousands. Which is honestly, scary stuff.Overall, this was something I didn't intend to like as much as I did. I expected to read it and think: ""Okay. It's unique."" But never did I think I would connect so much - as though I was living through my friends eyes, seeing why it was all so addicting. In a way, I'm glad to have seen what she went through. And for those wondering, yes, she's doing better now. After getting out of her bad family situation she moved out of the state with her sister. Now, they both attend University and live life happily and peacefully. Mainly stressing out about school and work. I'm proud of her new lifestyle, but I also know how easy it is to fall back to the ""Monster."" She tells me sometimes how that scares her more than anything else. That the need inside of her for the Monster will win, one day. I can only pray that will never happen.Either way, this was outstanding. I'll need to get my hands on the next two books. Soon.",2023-07-01,Fallback (Recent)
Crank,2016-12-07,5,"What is it with me and reading poetry/poetic prose in December? Last wonderful December, I really enjoyed Ariel by Sylvia Plath. Going through some things and I wanted to read something human, something personal for catharsis, to let it all go and I was about to reread Forbidden again when I chose this. Blew me away, such rawness. I'll say this and I'll say it again. Books help, they heal. Never stop reading. Oddly enough, the MC here reminded me of the one in Underwater by Marisa Reichardt. But what I really loved about this novel was that it had no real ending. I like that. Because life does not have an ending. And if you think Death is an end, then I am afraid you haven't been paying much attention.",2023-07-01,Fallback (Recent)
Crank,2016-10-16,5,"This book was... WOW. This book is one of the best books I have ever read on the subject of drug addiction. This book beautifully describes, in a verse form, how drugs completely and horribly destroyed a girls life. This book weaves together a tale of the dangers of drugs.The main character was very relatable, though I have never done drugs, one finds themselves sympathizing with her and her struggles. Even hating one of the characters so much for hurting the main character. The main character is were the book finds its strength and its beauty.I recommend this book to anyone who wants a very emotional read, and relatable characters.I honestly can't wait to read more of Ellen Hopkins' books.",2023-07-01,Fallback (Recent)
Identical,2024-05-20,4,The manner of the storytelling is disturbing the same way as the story itself.It’s worth reading.,2023-07-01,In Window
Identical,2024-06-04,5,"TW: Child sexual assult, Rape by a parent, Cutting, Suicide, ED, Addiction""Everyone here has parents. Maybe not together parents, and maybe some are substitute parents. Butno one has parents like mine. I'm a complete freak, and so alone.""این کتاب وحشتناک بود...به عنوان کتاب YA انتظار داشتم یه مرزی از دارک بودن رو رد نکنه ولی با اینکه هیچ صحنه‌ایش جوری توصیف نشده بود که مرز سنی رو رد کنه...وحشتناک دردناک بود.من یه آدمیم که تقریبا هیچ تریگری ندارم و هیچوقت با در نظر گرفتن تریگرهای یه کتاب انتخاب نمیکنم بخونمش یا نه ولی این کتاب حتی برای منم زیادی بود. یه جایی اینقدر سنگین شد و روی سلامت روانیم تاثیر داشت که بستمش و یه ماه بعد اومدم سراغش. تک‌تک صفحه‌های این کتاب درد بود. دردی که یه دختر بچه طی سال‌ها کشیده بود و هیچکس ندیده بود. دردی که تنهایی و تو سکوت کشیده بود و اینقدر راهی برای کمک پیدا کردن نداشت، تک‌تک راهای خطرناک رو برای فرار ازش رفته بود.""Did he not see Kaeleigh, screaming for help, the only way she could-wordlessly, helplessly, no one to hear?""چون آدمی که داشت بدترین کارا رو باهاش میکرد، آدمی بود که اولین وظیفه‌ش توی دنیا محافظت ازش بود. دو نفری که مسئولیت مراقبت و محافظت ازشو داشتن، دو نفری که باید امن‌ترین خونه رو براش میساختن، یکیشون به بدنش و روح و روانش تجاوز میکرد و اونیکی نبود که ببینه و اگرم بود چشماشو روش میبست.هیچوقت توی زندگیم اینقدر دلم نخواسته بود برم توی یه کتابی و یه شخصیتی رو نجات بدم. شاید غمگین‌ترین بخش این بود که من ایمیل‌هایی که الن هاپکینز داشته رو خوندم و دیدم چقدر آدم توی دنیای واقعی دقیقا همین تجربه‌ها رو داشتن و همین حسا رو تجربه کردن.و من با هر صفحه دلم هزار تیکه میشد برای کیلی‌های این دنیا.باید اعتراف کنم بارها توی این کتاب گریه کردم. گاهی با صحنه‌های خیلی بزرگ و وحشتناک و غمگینش و گاهی وقتا...با چیزای خیلی کوچیک. با خوشی‌ها و آرامش خیال‌هایی که همه‌ی بچه‌های نوجوون باید داشته باشن و خیلیا این حق ساده ازشون دزدیده شده. خیلیا به دست یکی از اعضای خانواده و خیلی وقتا به خاطر اینکه والدین شغل اصلیشونو درست انجام ندادن؛ مراقبت از بچه.""I Want to Shout, Leave me alone! What's wrong with you? Don't you remember who I am? Who you are? This is not a father's love!I want to scream, Can't you see what you are doing to me? What you've done to me? What you've made of me?I want to cry out, I am your little girl. I am not your girlfriend. I am not your whore.""حتی الان، خوندن این جمله‌ها برای چندمین بار باعث میشه قفسه‌ی سینه‌م سنگین شه و چشمام پر شه. چقدر نیاز داشتم یکی این بچه رو نجات بده...یکی از مبحث‌های این کتاب بخش ED کیلی بود. Bulimia. اینقدر عمیق ��رک میکردم صحنه‌هایی که توصیف میکردو که دلم میخواست کتابو ببندم بگم خب دیگه بسه! الن هاپکینز با قلم وحشتناک خوبی این حسو توصیف کرده بود که وقتی استرس داشت یا حالش خوب نبود اول با حجم زیادی از غذا حالشو بهتر میکرد و بعد حالش به خاطر اینکه خیلی غذا خورده بد میشد و مجبور بود کلشو بالا بیاره.و در آخر...من یه تریگر دارم که تا قبل این کتاب نمیدونستم. Cutting. اینکه چرا و چطوری بماند ولی هر صحنه‌ای که اشاره به این قضیه داشتو با عضلات منقبض میخوندم و شانس اوردم خیلی کم بود تعدادشون.""I'm Kind of Liking this blood thing. Fetish? Fixation? Not quite an obsession yet, but I can see it growing into that.Drip. Drip. Steady. Slow.Drip-drip. Quicker yet.Drip-drip-drip.Drip-drip-drip.Drip.DripDrip""و پایانش...امیدوار بودم قشنگ‌تر باشه. امیدوارم همه به چیزی که حقشو دارن برسن ولی...پایانشم مثل کلش شبیه زندگی واقعی بود. بهترین حالت ممکن.تنها چیزی که مهم بود این بود که خیلی از قربانیا همین راهو انتخاب میکنن و من درک میکنم...نمیدونم الن هاپکینز چطوری تونسته هر روز بشینه و اینو بنویسه. هر روز توی ذهن کیلی بیچاره باشه. هر روز این چیزا رو بنویسه ولی ازش ممنونم. ازش ممنونم که صدای این افراد شده، بهشون حس دیده شدن داده، تجربشونو درک کرده و به بقیه هم فهمونده.و سخت بود...خوندنش سخت بود ولی شدیدا خوشحالم که خوندمش. خوشحالم چون باید میتونستم درک کنم و نیاز داشتم که درک کنم. دلمو هزار تیکه کرد ولی...دونستنش واجب بود.",2023-07-01,In Window
The Kite Runner,2023-10-31,4,"What makes this book excellent is the complete honesty of the author and main character. He takes you his journey of the reckoning of his past and present, with the hope that it's never too late to be better and do better.",2023-07-01,In Window
The Handmaid's Tale,2023-12-30,3,"I read the actual book. It was okay. Not as exciting as I thought it would be. Although it was interesting in some spots it was slow. I know it’s a classic, but not just my style. ",2023-08-01,In Window
Tricks,2023-07-05,4,"I don’t think I want to go five but DAMN. Damn. I’m not going to forget this one ever. (Plus, there’s a sequel and I ordered immediately!) This novel in verse is often a banned book and I GET IT. It’s a hard hard haaaard book. I *thought* I got why it was banned very early into reading, but then it just kept piling on. (If you’re a content warning person- here’s the warning. For all of it. All of em. It’s ALL in here.) Going in 100% blind paid OFF on this one; sure, I know how Hopkins normally goes but this was Hopkins to the extreme. She went HARD. I’ll be very vague: What I thought this was about in the beginning…wasn’t what it ended up being about at all. I LOVED the progression of these five stories. I love what she did here. I love how she ultimately wove it together. It was scandalous and hard to read and so awful…but kinda wonderful too. VERY curious about the sequel.",2023-07-01,In Window
A Court of Mist and Fury,2022-08-29,5,RHYSAND PLS,2023-07-01,In Window
A Court of Mist and Fury,2023-12-29,5,I don’t even know what to say. I’m in a frenzy. This is the strongest attachment I’ve had to a series since Twilight. I’m so addicted to you know who and I hate you know who with every fiber of my being. I feel so blessed to have three more books waiting for me. I will savor them. I worship the ground Sarah J. Mass walks on. I’m embarrassed that I didn’t see the genius in the first book. I’d love to re-read ACOTAR knowing what I know now. I know I’m late to the game but I can’t and won’t shut up about this.,2023-07-01,In Window
A Court of Wings and Ruin,2023-05-28,5,"✨my favorite book of the series deserves an infinite number of stars ✨
this.
 this right here is why i read.this book made me forget i was even reading. i cried, i mourned, i smiled. i had to actually force myself to put this down and get some sleep. i even started to kind of like Nesta? it’s been 3 minutes and i already cannot wait to re-read this.",2023-07-01,In Window
A Court of Wings and Ruin,2024-01-04,5,I loved how this was simply a continuation of ACOMAF. It picked up right where the second book left off and I felt like I was reading one long book. I guess I just described what a series is actually. The last battle scene almost had me checking into the nearest psych ward. Really curious to see how Nesta and Elain’s characters develop. Onward.,2023-07-01,In Window
A Court of Wings and Ruin,2024-05-04,5," 5/5 ✧･ﾟ: *
""I would have waited five hundred more years for you. A thousand years.""
This was the easiest 5 stars of my life, and for sure my favourite book in the series. I wish I could attach the video of me hysterically crying. I felt so much for this story, world and characters. So many things like tugged my heartstrings, whilst being whimsical at the same time. I laughed and cried (sobbed) - this was just sooooo good. Getting into fantasy is really hard sometimes but this made it so easy. ⋆˙⟡♡╰┈➤ PlotI think this book is a lot more plot focused than ACOMAF. They're dealing with strained political bonds with a devastating war on the horizon. It was so cool to see the other courts and all their personalities, how they all had their own stories that tie in with our main characters. As a certified romance hater, this was much more my style. There is still a lot of romance to swoon for, between multiple characters and it was just *chef's kiss*. I will not stop talking about found family - these moments were responsible for me crying my eyes out.╰┈➤ CharactersPersonally, Feyre was a lot more likeable in this book. Less whining, more protective sister, protective family member. She's still not perfect and buts her nose into situations which I feel like she shouldn't, but it didn't make me dislike her, it's just a flaw. She has some very epic and real adventurous moments in this, and her anointment as High Lady of the Night Court only made me like her more.Rhysand, what a sweetheart. I love him to bits, he's soft on the inside but a bit of a powerful arrogant cheeky guy on the outside. He's sooooo sweet to Feyre and as someone who loves words of affirmation I found him so loveable. He loves his family so deeply and that is represented further in this book. I love Cassian more though. He's like a man man, also my style, but has a very soft spot for a girl. So adorable. Both Nesta and Elain made me fall in love with them. They're so different, and they developed differently during this story, but the outcome was still the same. Nesta was starting to get on my nerves at one point because she's a bit ice cold but it grows on you, as it grows on a particular Illyrian warrior. I love the fact that they both have a special power that contributes to their overall adventure/mission. I'm so excited to see them more in the next book. 𓍢ִ໋🌷͙֒╰┈➤ World/SettingListen - this world was beautifully painted. The characters in this were painted so vividly, I could imagine each of them and they were all beautiful. As we see a lot more of the different courts, we see how different they are, both in attitude and visual representation, which was so well done. I could see Autumn court, Summer court, Winter court, Day & Dawn, and it's just so cool. I can't decide which one I would prefer to live in, but I'm leaning towards Winter.╰┈➤ PacingSomething was always happening; there was always something to be interested in, laugh at, or cry at. There were some taut moments at the ends of chapters that kept me hooked, and this is a looooong book (703 pages). My ADHD struggled at times, but that doesn't reflect the story. ╰┈➤ EnjoymentAs you probably can tell, I enjoyed this so much. Like so so much. I felt the characters were invested in the story, and I kept wanting to read it. Personally the story had everything I wanted, found family, epic battles and high stakes. So good.╔═════ ❀•°❀°•❀ ═════╗score card:plot: 5/5characters: 5/5world/setting: 5/5pacing: 5/5enjoyment: 5/5total: 5/5ੈ✩‧₊˚╚═════ ❀•°❀°•❀ ═════╝ ₊˚⊹♡ reading log09/05 9:30am ୨ৎgod damn I hate tamlin so much I hate the spring court so much what a sad sad man GET A LIFE09/05 6:53am ୨ৎazriel and mor are positively killing me08/05 6:50am ୨ৎdid i get up at 6am to keep reading this? yes. is something awful about to go down in the story? yes.07/05 8:10pm ୨ৎi love this world, i love reading about these characters i love them all in their own unique way - but MAN this is long and my adhd cannot handle it - azriel is my favourite character so far, nesta's coldness is getting a little on my nerves but I'm sure its for a reason07/05 4:31pm ୨ৎnesta be like 🥶🥶🥶05/05 8:35pm ୨ৎoh good i've already cried, found family is my biggest weakness i can't05/05 6:44pm ୨ৎgod this book is long so much has happened and im only 13% of the way in 05/05 12:02pm ୨ৎtamlin is stupid ₊˚⊹♡ pre-readingit's tiimmeeeeee!! i've been DYING to know how this is going to play out i'm so excited the last one had me in an emotional ball on the floor - i expect nothing less from this one (although i know the second one is most people's favourite). i'm so excited to see more of nesta and elain!! and of course everyone's favourite book boyfriend, rhysand.　　✦　　　.　　. 　 ˚　.　　　　　 . ✦　　　 　˚　　　　 . ★⋆.　　　.   　　˚　✭　 　　*　　 　　✦　　　.　　.　　　✦　˚ 　　　　 ˚　.˚　　　　　✭　.　　. 　 ˚　.　　　　 　　 　　　　 ✦ may tbr:ಇ. salt to the seaಇ. powerlessಇ. house of earth and bloodಇ. everyone in my family has killed someoneಇ. brideಇ. listen for the lieಇ. she's not sorryಇ. love on the brainಇ. the familiarಇ. a court of wings and ruin",2023-07-01,In Window
A Court of Wings and Ruin,2022-12-29,5,I think this might be my favorite book in the series so far! I loved the romance plot in the second book but I LOVED the politics in this book. I found it so interesting. I wasn’t bored for a second in this book,2023-07-01,In Window
The Bluest Eye,2024-06-21,5,"i'm scared of who i'll become when i don't have any more toni morrison to read.there's no one like her on race, beauty, the cruelty of society, the way we carry past wounds with us, the attempt to love selflessly by people. the fact that this is a debut is unbelievable. possibly the best first book i've ever read.pecola is an unforgettable character, and the way this manages to tell her story even when it's through the perspective of others is masterful. everything in this book is thoughtful, everything down to the blue shirley temple cup contributing to the story of an unloved little girl, victim to the tragedy that befell her parents before her. i feel at a loss for words. i desperately want to convince you to read this painful and upsetting and brilliant book — likely my favorite of the year.bottom line: my 2000th read was a perfect one.",2023-07-01,In Window
The Bluest Eye,2024-05-05,3,"Toni Morrison stole my thunder! She says it best about The Bluest Eye.“If happiness is anticipation with certainty, we were happy.”Set in Loraine, Ohio in 1941, young girls, Claudia and Frieda MacTeer welcome an 11-year-old girl, Pecola Breedlove into their home. Pecola is temporarily sheltering with the MacTeer family while her father is in jail.“Each night, without fail, she prayed for blue eyes.”“He laughed the grown-up getting-ready-to-lie laugh.”The last half of the book presents the backstory of Pauline Williams (Mrs. Breedlove), Cholly Breedlove, and Mr. Henry.Who-eee! Sumptuous and majestic, Toni Morrison’s prose is like running your hand through stardust. Her prose is astoundingly sophisticated, whipped smooth—a phenomenon of a debut novel. The first half of the book is an electric triumph, a richly insightful tale of a cruel and broken world balanced with humor and the excitement of anticipation and hope. Unfortunately, the spell was broken in the last half of the book. While the bits of stardust still lingered, the enchantment was waning.To step back for just a moment, The Bluest Eye starts off with Claudia MacTeer’s first person narrative and shifts into a third person omniscient voice. Ugh! This did not work well.How does an author decide which parts of a story to include? To a certain extent, it boils down to personal choice.My personal philosophy closely alights with Philip Pullman, and he wrote a really great article that fits nicely here. In the essay, “The Path Through the Wood,” Pullman likens writing to a path through the woods. The danger is that authors might be tempted to get lost in world building (“the forest”). The idea is that when authors leave the path (stop moving the plot forward), readers lose interest.In The Bluest Eye, Morrison wants to build up her world by focusing on multiple characters. Because she casts the net wide, she can’t go deep, and the stories would have otherwise been stronger.At the same time, it is admirable that Morrison attempts to show the complexities of her characters. Cholly Breedlove isn’t merely a “baddie”; he is a nuanced character—a victim of trauma suffering abandonment and alienation.In another essay by Pullman, “The Writing of Stories”, he talks about where the author puts the camera, whose voice do we hear. Morrison’s indecision in selecting a narrative voice is amateurish and confusing.All that to say….You don’t have to take my word for it!Here is Toni Morrison:My solution—break the narrative into parts that had to be reassembled by the reader—seemed to me a good idea, the execution of which does not satisfy me now. Besides, it didn’t work; many readers remain touched but not moved.The Green Light at the End of the Dock (How much I spent):Softcover Text - $11.75 from AmazonAudiobook – Free through Libby2025 Reading ScheduleJan	A Town Like AliceFeb	BirdsongMar	Captain Corelli's Mandolin - Louis De BerniereApr	War and PeaceMay	The Woman in WhiteJun	AtonementJul	The Shadow of the WindAug	Jude the ObscureSep	UlyssesOct	Vanity FairNov	A Fine BalanceDec	GerminalConnect With Me!Blog Twitter BookTube Insta My Bookstore at Pango",2023-07-01,In Window
The Bluest Eye,2024-01-05,4,"4.5⭐️oh the magnitude of the issues- racism, incest, domestic violence and child molestation addressed by this poetry of a book 😭

There is really nothing more to say- except why. But since why is difficult to handle, one must take refuge in how.

The story is hard to believe but then it's not, because it's 1941 and 
maybe
 fiction. The story builds from horrors of racial oppression, but also violence and hurt upon women by men in their lives.The book follows a story of a young African-American girl named Pecola, about how she is consistently regarded as ""ugly"" due to her mannerisms and dark skin. As a result, she develops an inferiority complex, which fuels her desire for the blue eyes she equates with ""whiteness"". Her obsession with this throughout the book leads to a lot of actions and happenings which later leads to her insanity.The story is told from a third person pov- Claudia, the daughter of Pecola's foster parents. Claudia laments her belief that the whole community, herself included, has used Pecola as a scapegoat to make themselves feel prettier and happier.find the bluest eye on amazon ✨️***you know a book is going slap when it's banned in Pennsylvania, Florida, Texas and half a dozen other states 😌",2023-07-01,In Window
The Bluest Eye,2023-10-04,4,"I listened to The Bluest Eye which is written and narrated by Toni Morrison. Morrison's voice is lyrical, smooth and soothing with a juxtaposition of content about abuse, incest, violence, poverty, and disrespect. Pecola Breedlove prays that her eyes will turn blue because white girls with blonde hair and blue eyes are the epitome of beauty. Pecola's life is anything but beautiful. Haunting, poignant, disturbing and memorable. ",2023-07-01,In Window
The Bluest Eye,2023-01-18,5,"The Bluest Eye by Toni Morrison is the Author's Debut Novel!In Lorain, Ohio, Pecola Breedlove is an eleven-year-old Black girl who is told often, both directly and indirectly, that she is ugly. Her mother says she was born that way. Pecola prays for her eyes to turn blue. With blue eyes she'll be beautiful. With blue eyes she'll be seen and everything in her world will be different... The Bluest Eye is an authentic snapshot of a young Black girl who is accepting of the harshest of opinions by others, including her family. Told that she is ugly, weak, and without value to the degree that she may become, in her own mind, the person they tell her she is. This powerful debut novel is impossible to walk away from without recognizing the brilliance of this author. Toni Morrison's writing is pure beauty, word after word, but this story will rip you to shreds!The Bluest Eye was first published on June 1, 1970 and favorably reviewed by The New York Times for the author's writing style. The book was slow to take off until City University of New York, along with various other colleges, placed The Bluest Eye on its new Black Studies reading list resulting in a positive lift in sales. I highly recommend this book to everyone who can read, in whatever format suits your fancy! 5 beautifully written stars! ⭐⭐⭐⭐⭐",2023-07-01,In Window
The Bluest Eye,2024-03-30,4,"What a tremendously depressing and haunting read. Toni Morrison could definitely write and her prose is lovely, but now I remember why I haven't read anything by her since high school – sad books just aren't my thing. But, still, there's a reason that The Bluest Eye is a modern classic, and the audiobook is perfectly narrated by Morrison herself. 4.45 stars, rounded down.",2023-07-01,In Window
A Court of Frost and Starlight,2023-05-28,5,the snowball fight?? The solstice gifts?? The birthday cake?? The drunk decorating?? Azriel smiling and laughing for so much of this book?? I couldn't ask for more 🥹,2023-07-01,In Window
A Court of Frost and Starlight,2024-01-05,4,Nothing happened in this I love it though,2023-07-01,In Window
