book_title,ban_date,collection_successful,error,state,avg_search_before,avg_search_after,max_search_before,max_search_after,min_search_before,min_search_after,percent_change,absolute_change,volatility,data_collected
"100 Questions You'd Never Ask Your Parents: Straight Answers to Teens' Questions About Sex, Sexuality, and Health",2021-12-01,False,The request failed: Google returned a response with code 400,Texas,,,,,,,,,,
"Jane, Unlimited",2021-12-01,True,,Texas,0.0,0.0,0.0,0.0,0.0,0.0,0.0,0.0,0.0,2026-02-07 11:15:42
The Questions Within (Cutting Edge Series),2021-12-01,True,,Texas,0.0,0.0,0.0,0.0,0.0,0.0,0.0,0.0,0.0,2026-02-07 11:15:55
Are You LGBTQ?,2021-12-01,True,,Texas,1.11,0.0,100.0,0.0,0.0,0.0,-100.0,-1.11,10.48,2026-02-07 11:16:08
Caste: The Origins of Our Discontents,2021-12-01,True,,Texas,0.0,0.0,0.0,0.0,0.0,0.0,0.0,0.0,0.0,2026-02-07 11:16:22
Dear Martin,2021-12-01,True,,Wisconsin,17.14,18.59,100.0,100.0,0.0,0.0,8.43,1.44,26.38,2026-02-07 11:16:35
Away We Go,2021-12-01,True,,Texas,46.19,46.77,100.0,100.0,0.0,0.0,1.25,0.58,26.26,2026-02-07 11:16:48
"On the Come Up: A Novel, Based on a True Story",2021-12-01,True,,Texas,1.96,2.14,100.0,100.0,0.0,0.0,9.66,0.19,13.68,2026-02-07 11:17:02
"My Best Friend, Maybe",2021-12-01,True,,Texas,1.11,0.0,100.0,0.0,0.0,0.0,-100.0,-1.11,10.48,2026-02-07 11:17:15
Rethinking Normal: A Memoir in Transition,2021-12-01,True,,Texas,0.0,0.0,0.0,0.0,0.0,0.0,0.0,0.0,0.0,2026-02-07 11:17:28
The Black Flamingo,2021-12-01,True,,Texas,2.82,1.99,100.0,100.0,0.0,0.0,-29.53,-0.83,14.35,2026-02-07 11:17:41
The Gallery of Unfinished Girls,2021-12-01,True,,Texas,1.11,0.0,100.0,0.0,0.0,0.0,-100.0,-1.11,10.48,2026-02-07 11:17:54
Look Past,2021-12-01,True,,Texas,61.8,65.99,100.0,100.0,28.0,0.0,6.78,4.19,16.94,2026-02-07 11:18:08
Teenage Sex and Pregnancy,2021-12-01,True,,Texas,1.11,0.0,100.0,0.0,0.0,0.0,-100.0,-1.11,10.48,2026-02-07 11:18:21
Felix Ever After,2021-12-01,True,,Texas,0.0,0.0,0.0,0.0,0.0,0.0,0.0,0.0,0.0,2026-02-07 11:18:34
What Philosophy Can Do,2021-12-01,True,,Texas,3.99,8.84,100.0,100.0,0.0,0.0,121.73,4.86,22.39,2026-02-07 11:18:47
Drama: A Graphic Novel,2021-12-01,True,,Texas,0.0,0.0,0.0,0.0,0.0,0.0,0.0,0.0,0.0,2026-02-07 11:19:00
The New Jim Crow: Mass Incarceration in the Age of Colorblindness,2021-12-01,True,,Texas,1.11,0.0,100.0,0.0,0.0,0.0,-100.0,-1.11,10.48,2026-02-07 11:19:13
Gender Identity: The Search for Self,2021-12-01,True,,Texas,0.0,1.71,0.0,100.0,0.0,0.0,inf,1.71,11.86,2026-02-07 11:19:26
"Homosexuality Around the World: Safe Havens, Cultural Challenges",2021-12-01,True,,Texas,0.0,0.0,0.0,0.0,0.0,0.0,0.0,0.0,0.0,2026-02-07 11:19:39
Transgender Rights and Issues,2021-12-01,True,,Texas,0.0,0.0,0.0,0.0,0.0,0.0,0.0,0.0,0.0,2026-02-07 11:19:52
Between the World and Me,2021-12-01,True,,Texas,41.84,36.79,100.0,100.0,0.0,0.0,-12.08,-5.06,28.85,2026-02-07 11:20:06
The Year They Burned the Books,2021-12-01,True,,Texas,2.03,2.02,100.0,100.0,0.0,0.0,-0.55,-0.01,13.51,2026-02-07 11:20:19
All Boys Aren't Blue,2021-12-01,True,,Texas,3.23,9.62,100.0,100.0,0.0,0.0,197.59,6.39,19.54,2026-02-07 11:20:32
Little & Lion,2021-12-01,True,,Texas,2.1,1.11,100.0,100.0,0.0,0.0,-47.09,-0.99,12.35,2026-02-07 11:20:45
The Ultimate Guys' Body Book: Not-So-Stupid Questions About Your Body,2021-12-01,True,,Texas,0.0,0.0,0.0,0.0,0.0,0.0,0.0,0.0,0.0,2026-02-07 11:20:58
Aristotle and Dante Discover the Secrets of the Universe (Aristotle and Dante Series),2021-12-01,True,,Texas,0.0,0.0,0.0,0.0,0.0,0.0,0.0,0.0,0.0,2026-02-07 11:21:11
The Sweet Revenge of Celia Door,2021-12-01,True,,Texas,0.0,0.0,0.0,0.0,0.0,0.0,0.0,0.0,0.0,2026-02-07 11:21:24
Putting Makeup on the Fat Boy,2021-12-01,True,,Texas,0.0,0.0,0.0,0.0,0.0,0.0,0.0,0.0,0.0,2026-02-07 11:21:37
Gingerbread (Cyd Charisse Series),2021-12-01,True,,Texas,0.0,0.0,0.0,0.0,0.0,0.0,0.0,0.0,0.0,2026-02-07 11:21:50
Rick,2021-12-01,True,,Texas,42.32,68.01,100.0,100.0,31.0,53.0,60.7,25.69,16.68,2026-02-07 11:22:04
Forever for a Year,2021-12-01,True,,Texas,4.09,2.11,100.0,100.0,0.0,0.0,-48.37,-1.98,16.73,2026-02-07 11:22:18
"Bend, Don't Shatter: Poets on the Beginning of Desire",2021-12-01,True,,Texas,0.0,0.0,0.0,0.0,0.0,0.0,0.0,0.0,0.0,2026-02-07 11:22:31
It's Our Prom (So Deal With It),2021-12-01,True,,Texas,0.0,0.0,0.0,0.0,0.0,0.0,0.0,0.0,0.0,2026-02-07 11:22:44
The Devouring Gray (The Devouring Gray Series),2021-12-01,True,,Texas,1.11,0.0,100.0,0.0,0.0,0.0,-100.0,-1.11,10.48,2026-02-07 11:22:57
Not My Idea: A Book About Whiteness (Ordinary Terrible Things Series),2021-12-01,True,,Wisconsin,1.11,0.0,100.0,0.0,0.0,0.0,-100.0,-1.11,10.48,2026-02-07 11:23:10
Birth Control,2021-12-01,True,,Texas,77.59,72.36,100.0,100.0,54.0,46.0,-6.74,-5.23,9.07,2026-02-07 11:23:23
I'll Give You the Sun,2021-12-01,True,,Texas,2.17,2.36,100.0,100.0,0.0,0.0,8.72,0.19,13.82,2026-02-07 11:23:36
How It All Blew Up,2021-12-01,True,,Texas,0.0,0.0,0.0,0.0,0.0,0.0,0.0,0.0,0.0,2026-02-07 11:23:50
"Friendship, Dating, and Relationships (Teens: Being Gay, Lesbian, Bisexual, or Transgender)",2021-12-01,True,,Texas,1.11,0.0,100.0,0.0,0.0,0.0,-100.0,-1.11,10.48,2026-02-07 11:24:03
Homophobia: From Social Stigma to Hate Crimes,2021-12-01,True,,Texas,0.0,1.11,0.0,100.0,0.0,0.0,inf,1.11,10.48,2026-02-07 11:24:16
"Considering Hate: Violence, Goodness, and Justice in American Culture and Politics",2021-12-01,True,,Texas,0.0,0.0,0.0,0.0,0.0,0.0,0.0,0.0,0.0,2026-02-07 11:24:29
The Downstairs Girl,2021-12-01,True,,Texas,2.76,1.11,100.0,100.0,0.0,0.0,-59.68,-1.64,12.99,2026-02-07 11:24:42
The Breakaways,2021-12-01,True,,Texas,1.11,1.11,100.0,100.0,0.0,0.0,0.0,0.0,10.48,2026-02-07 11:24:55
LGBTQ Families: The Ultimate Teen Guide,2021-12-01,True,,Texas,1.11,0.0,100.0,0.0,0.0,0.0,-100.0,-1.11,10.48,2026-02-07 11:25:08
Heather Has Two Mommies,2021-12-01,True,,Pennsylvania,1.73,1.11,100.0,100.0,0.0,0.0,-35.9,-0.62,10.78,2026-02-07 11:25:21
SEX: If You're Scared of The Truth Don't Read This!,2021-12-01,True,,Texas,0.0,1.11,0.0,100.0,0.0,0.0,inf,1.11,10.48,2026-02-07 11:25:34
Gender Queer: A Memoir,2021-12-01,True,,Texas,2.59,0.0,100.0,0.0,0.0,0.0,-100.0,-2.59,14.34,2026-02-07 11:25:48
The Summer of Jordi Perez (And the Best Burger in Los Angeles),2021-12-01,True,,Texas,0.0,0.0,0.0,0.0,0.0,0.0,0.0,0.0,0.0,2026-02-07 11:26:01
Let's Talk About Love,2021-12-01,True,,Texas,1.11,1.11,100.0,100.0,0.0,0.0,0.0,0.0,10.48,2026-02-07 11:26:13
The Grief Keeper,2021-12-01,True,,Texas,0.0,0.0,0.0,0.0,0.0,0.0,0.0,0.0,0.0,2026-02-07 11:26:27
The House You Pass on the Way,2021-12-01,True,,Texas,0.0,0.0,0.0,0.0,0.0,0.0,0.0,0.0,0.0,2026-02-07 11:26:40
Coming Out: Telling Family and Friends,2021-12-01,True,,Texas,0.0,0.0,0.0,0.0,0.0,0.0,0.0,0.0,0.0,2026-02-07 11:26:53
All Boys Aren't Blue,2021-12-01,True,,Texas,3.23,9.62,100.0,100.0,0.0,0.0,197.59,6.39,19.54,2026-02-07 11:27:06
The Art of Saving the World,2021-12-01,True,,Texas,0.0,0.0,0.0,0.0,0.0,0.0,0.0,0.0,0.0,2026-02-07 11:27:19
"Hold Me Closer: The Tiny Cooper Story (Will Grayson, Will Grayson Series)",2021-12-01,True,,Texas,0.0,0.0,0.0,0.0,0.0,0.0,0.0,0.0,0.0,2026-02-07 11:27:32
Keeping You a Secret,2021-12-01,True,,Texas,0.0,1.92,0.0,100.0,0.0,0.0,inf,1.92,12.91,2026-02-07 11:27:45
Tips on Having a Gay (Ex) Boyfriend (Belle Series),2021-12-01,True,,Texas,0.0,0.0,0.0,0.0,0.0,0.0,0.0,0.0,0.0,2026-02-07 11:27:58
We Are the Ants,2021-12-01,True,,Texas,1.11,1.11,100.0,100.0,0.0,0.0,0.0,0.0,10.48,2026-02-07 11:28:11
Identity: A Story of Transitioning,2021-12-01,True,,Texas,0.0,0.0,0.0,0.0,0.0,0.0,0.0,0.0,0.0,2026-02-07 11:28:25
Flamer,2021-12-01,True,,Wisconsin,9.01,16.38,100.0,100.0,0.0,0.0,81.75,7.37,29.48,2026-02-07 11:28:38
"The Birds, the Bees, and You and Me",2021-12-01,True,,Texas,1.11,0.0,100.0,0.0,0.0,0.0,-100.0,-1.11,10.48,2026-02-07 11:28:51
The Cider House Rules,2021-12-01,True,,Texas,1.11,4.37,100.0,100.0,0.0,0.0,293.0,3.26,14.14,2026-02-07 11:29:04
Proxy (Proxy Series),2021-12-01,True,,Texas,0.0,2.13,0.0,100.0,0.0,0.0,inf,2.13,14.16,2026-02-07 11:29:18
All Boys Aren't Blue,2021-12-01,True,,Florida,3.23,9.62,100.0,100.0,0.0,0.0,197.59,6.39,19.54,2026-02-07 11:29:30
ttyl (Internet Girls Series),2021-12-01,True,,Wisconsin,0.0,0.0,0.0,0.0,0.0,0.0,0.0,0.0,0.0,2026-02-07 11:29:44
One of Those Hideous Books Where the Mother Dies,2021-12-01,True,,Texas,1.98,0.0,100.0,0.0,0.0,0.0,-100.0,-1.98,13.22,2026-02-07 11:29:57
The Breakaways,2021-12-01,True,,Texas,1.11,1.11,100.0,100.0,0.0,0.0,0.0,0.0,10.48,2026-02-07 11:30:10
"They, She, He Easy as ABC",2021-12-01,True,,Texas,0.0,0.0,0.0,0.0,0.0,0.0,0.0,0.0,0.0,2026-02-07 11:30:23
The Abortion Debate (Essential Viewpoints),2021-12-01,True,,Texas,0.0,1.11,0.0,100.0,0.0,0.0,inf,1.11,10.48,2026-02-07 11:30:36
Rainbow Revolutionaries: Fifty LGBTQ+ People Who Made History,2021-12-01,True,,Texas,3.62,12.23,100.0,100.0,0.0,0.0,237.73,8.61,20.48,2026-02-07 11:30:49
This One Summer,2021-12-01,True,,Texas,28.39,28.47,100.0,100.0,0.0,0.0,0.27,0.08,31.84,2026-02-07 11:31:02
Flamer,2021-12-01,True,,Texas,9.01,16.38,100.0,100.0,0.0,0.0,81.75,7.37,29.48,2026-02-07 11:31:15
Sonny's House of Spies,2021-12-01,True,,Texas,0.0,0.0,0.0,0.0,0.0,0.0,0.0,0.0,0.0,2026-02-07 11:31:29
"No Girls Allowed: Tales of Daring Women Dressed as Men for Love, Freedom and Adventure",2021-12-01,True,,Texas,0.0,0.0,0.0,0.0,0.0,0.0,0.0,0.0,0.0,2026-02-07 11:31:42
Lobizona: A Novel (Wolves of No World Series),2021-12-01,True,,Texas,2.14,0.0,100.0,0.0,0.0,0.0,-100.0,-2.14,14.23,2026-02-07 11:31:55
Stamped from the Beginning: The Definitive History of Racist Ideas in America,2021-12-01,True,,Texas,0.0,0.0,0.0,0.0,0.0,0.0,0.0,0.0,0.0,2026-02-07 11:32:08
Lies My Girlfriend Told Me,2021-12-01,True,,Texas,0.0,0.0,0.0,0.0,0.0,0.0,0.0,0.0,0.0,2026-02-07 11:32:21
Beyond Magenta: Transgender Teens Speak Out,2021-12-01,True,,Texas,0.0,0.0,0.0,0.0,0.0,0.0,0.0,0.0,0.0,2026-02-07 11:32:34
Laura Dean Keeps Breaking Up with Me,2021-12-01,True,,Texas,1.11,0.0,100.0,0.0,0.0,0.0,-100.0,-1.11,10.48,2026-02-07 11:32:48
Lawn Boy,2021-12-01,True,,Texas,24.29,23.48,100.0,100.0,0.0,0.0,-3.34,-0.81,18.33,2026-02-07 11:33:01
Feeling Wrong in Your Own Body: Understanding What It Means to Be Transgender,2021-12-01,True,,Texas,0.0,0.0,0.0,0.0,0.0,0.0,0.0,0.0,0.0,2026-02-07 11:33:14
The Miseducation of Cameron Post,2021-12-01,True,,Texas,3.78,3.08,100.0,100.0,0.0,0.0,-18.53,-0.7,17.18,2026-02-07 11:33:27
What Happened to Lani Garver,2021-12-01,True,,Texas,0.0,0.0,0.0,0.0,0.0,0.0,0.0,0.0,0.0,2026-02-07 11:33:40
The Blood Countess (Lady Slayers Series),2021-12-01,True,,Texas,0.0,0.0,0.0,0.0,0.0,0.0,0.0,0.0,0.0,2026-02-07 11:33:53
The Migration North,2021-12-01,True,,Texas,15.72,16.07,100.0,100.0,0.0,0.0,2.19,0.34,28.04,2026-02-07 11:34:06
Gender Identity (Teen Mental Health),2021-12-01,True,,Texas,0.0,0.0,0.0,0.0,0.0,0.0,0.0,0.0,0.0,2026-02-07 11:34:19
Gay and Lesbian Role Models,2021-12-01,True,,Texas,0.0,0.0,0.0,0.0,0.0,0.0,0.0,0.0,0.0,2026-02-07 11:34:33
7 Days at the Hot Corner,2021-12-01,True,,Texas,0.0,0.0,0.0,0.0,0.0,0.0,0.0,0.0,0.0,2026-02-07 11:34:46
The Mighty Heart of Sunny St. James,2021-12-01,True,,Texas,0.0,0.0,0.0,0.0,0.0,0.0,0.0,0.0,0.0,2026-02-07 11:34:59
White Rabbit,2021-12-01,True,,Texas,45.98,63.21,100.0,100.0,29.0,39.0,37.48,17.23,14.81,2026-02-07 11:35:32
"Far From the Tree: Parents, Children and the Search for Identity",2021-12-01,True,,Texas,0.0,0.0,0.0,0.0,0.0,0.0,0.0,0.0,0.0,2026-02-07 11:35:46
Killing Mr. Griffin,2021-12-01,True,,Florida,0.0,0.0,0.0,0.0,0.0,0.0,0.0,0.0,0.0,2026-02-07 11:35:59
What If It's Us (What If It's Us Series),2021-12-01,True,,Texas,0.0,1.11,0.0,100.0,0.0,0.0,inf,1.11,10.48,2026-02-07 11:36:12
Out of Darkness,2021-12-01,True,,Texas,13.48,45.17,100.0,100.0,0.0,0.0,235.12,31.69,27.41,2026-02-07 11:36:25
Absolute Brightness,2021-12-01,True,,Texas,0.0,4.19,0.0,100.0,0.0,0.0,inf,4.19,17.55,2026-02-07 11:36:38
How Prevalent Is Racism in Society?,2021-12-01,True,,Texas,1.11,1.11,100.0,100.0,0.0,0.0,0.0,0.0,10.48,2026-02-07 11:36:51
The Fire Never Goes Out: A Memoir in Pictures,2021-12-01,True,,Texas,0.0,0.0,0.0,0.0,0.0,0.0,0.0,0.0,0.0,2026-02-07 11:37:04
My Invented Life,2021-12-01,True,,Texas,0.0,1.11,0.0,100.0,0.0,0.0,inf,1.11,10.48,2026-02-07 11:37:18
La carta de Ivy Aberdeen al mundo/Ivy Aberdeen's Letter to the World,2021-12-01,True,,Texas,0.0,0.0,0.0,0.0,0.0,0.0,0.0,0.0,0.0,2026-02-07 11:37:31
Love Drugged,2021-12-01,True,,Texas,0.0,0.0,0.0,0.0,0.0,0.0,0.0,0.0,0.0,2026-02-07 11:37:44
Totally Joe (The Misfits Series),2021-12-01,True,,Texas,1.11,1.11,100.0,100.0,0.0,0.0,0.0,0.0,10.48,2026-02-07 11:37:58
High Drama (Suspended Series),2021-12-01,True,,Texas,1.11,0.0,100.0,0.0,0.0,0.0,-100.0,-1.11,10.48,2026-02-07 11:38:11
Let it Snow: Three Holiday Romances,2021-12-01,True,,Wisconsin,0.0,1.11,0.0,100.0,0.0,0.0,inf,1.11,10.48,2026-02-07 11:38:24
Ana on the Edge,2021-12-01,True,,Texas,0.0,1.11,0.0,100.0,0.0,0.0,inf,1.11,10.48,2026-02-07 11:38:37
Girls Like Us (2015),2021-12-01,True,,Texas,1.11,0.0,100.0,0.0,0.0,0.0,-100.0,-1.11,10.48,2026-02-07 11:38:50
The Gods of Tango,2021-12-01,True,,Texas,1.11,0.0,100.0,0.0,0.0,0.0,-100.0,-1.11,10.48,2026-02-07 11:39:03
Melissa (George),2021-12-01,True,,Texas,22.02,9.87,100.0,100.0,0.0,0.0,-55.2,-12.16,22.74,2026-02-07 11:39:16
The Barren Grounds (The Misewa Saga Series),2021-12-01,True,,Texas,0.0,0.0,0.0,0.0,0.0,0.0,0.0,0.0,0.0,2026-02-07 11:39:29
The Less-dead,2021-12-01,True,,Texas,0.0,0.0,0.0,0.0,0.0,0.0,0.0,0.0,0.0,2026-02-07 11:39:42
Rage: A Love Story,2021-12-01,True,,Texas,0.0,0.0,0.0,0.0,0.0,0.0,0.0,0.0,0.0,2026-02-07 11:39:55
Girls vs. Guys: Surprising Differences Between the Sexes,2021-12-01,True,,Texas,1.11,0.0,100.0,0.0,0.0,0.0,-100.0,-1.11,10.48,2026-02-07 11:40:08
The Difference Between You and Me,2021-12-01,True,,Texas,34.81,35.48,100.0,100.0,0.0,0.0,1.92,0.67,34.25,2026-02-07 11:40:22
Fan Art,2021-12-01,True,,Texas,78.44,81.68,100.0,100.0,63.0,56.0,4.12,3.23,9.25,2026-02-07 11:40:35
Honestly Ben (Openly Straight Series),2021-12-01,True,,Texas,0.0,0.0,0.0,0.0,0.0,0.0,0.0,0.0,0.0,2026-02-07 11:40:48
The Baby Tree,2021-12-01,True,,Texas,31.81,26.17,100.0,100.0,0.0,0.0,-17.74,-5.64,28.86,2026-02-07 11:41:01
Underneath It All: A History of Women's Underwear,2021-12-01,True,,Texas,0.0,1.11,0.0,100.0,0.0,0.0,inf,1.11,10.48,2026-02-07 11:41:14
The Art of Being Normal,2021-12-01,True,,Texas,0.0,0.0,0.0,0.0,0.0,0.0,0.0,0.0,0.0,2026-02-07 11:41:28
"Middle School's a Drag, You Better Werk!",2021-12-01,True,,Texas,0.0,0.0,0.0,0.0,0.0,0.0,0.0,0.0,0.0,2026-02-07 11:41:41
Crank (Crank Series),2021-12-01,True,,Wisconsin,1.11,4.06,100.0,100.0,0.0,0.0,265.0,2.94,14.44,2026-02-07 11:41:54
It's Not Like It's a Secret,2021-12-01,True,,Texas,0.0,0.0,0.0,0.0,0.0,0.0,0.0,0.0,0.0,2026-02-07 11:42:07
Tell Me Again How a Crush Should Feel,2021-12-01,True,,Texas,0.0,0.0,0.0,0.0,0.0,0.0,0.0,0.0,0.0,2026-02-07 11:42:20
Birthday,2021-12-01,True,,Texas,32.04,66.37,100.0,100.0,22.0,50.0,107.11,34.32,19.75,2026-02-07 11:42:34
"Girl, (Nearly) 16: Absolute Torture",2021-12-01,True,,Texas,0.0,0.0,0.0,0.0,0.0,0.0,0.0,0.0,0.0,2026-02-07 11:42:47
Everybody Sees the Ants,2021-12-01,True,,Indiana,0.0,0.0,0.0,0.0,0.0,0.0,0.0,0.0,0.0,2026-02-07 11:43:00
Burn Baby Burn,2021-12-01,True,,Indiana,52.6,52.32,100.0,100.0,0.0,0.0,-0.53,-0.28,18.8,2026-02-07 11:43:13
"Ready or Not?: A Girl's Guide to Making Her Own Decisions about Dating, Love, and Sex",2021-12-01,True,,Texas,1.11,0.0,100.0,0.0,0.0,0.0,-100.0,-1.11,10.48,2026-02-07 11:43:26
Thirteen Reasons Why,2021-12-01,True,,Florida,5.97,11.82,100.0,100.0,0.0,0.0,98.14,5.86,24.31,2026-02-07 11:43:39
All Boys Aren't Blue,2021-12-01,True,,Texas,3.23,9.62,100.0,100.0,0.0,0.0,197.59,6.39,19.54,2026-02-07 11:43:52
"Gays and Mental Health: Fighting Depression, Saying No to Suicide",2021-12-01,True,,Texas,1.11,0.0,100.0,0.0,0.0,0.0,-100.0,-1.11,10.48,2026-02-07 11:44:05
In Our Mothers' House,2021-12-01,True,,Texas,0.0,1.11,0.0,100.0,0.0,0.0,inf,1.11,10.48,2026-02-07 11:44:18
Abortion,2021-12-01,True,,Texas,15.72,26.78,100.0,100.0,6.0,14.0,70.32,11.06,14.09,2026-02-07 11:44:32
Tomboy: A Graphic Memoir,2021-12-01,True,,Texas,1.11,0.0,100.0,0.0,0.0,0.0,-100.0,-1.11,10.48,2026-02-07 11:44:45
The Dear One,2021-12-01,True,,Texas,11.59,15.43,100.0,100.0,0.0,0.0,33.17,3.84,28.03,2026-02-07 11:44:58
Homegoing,2021-12-01,True,,Texas,41.26,42.57,100.0,100.0,0.0,0.0,3.18,1.31,31.48,2026-02-07 11:45:11
The Handmaid's Tale,2021-12-01,True,,Texas,34.86,61.76,100.0,100.0,21.0,35.0,77.18,26.9,17.56,2026-02-07 11:45:25
Under Threat,2021-12-01,True,,Texas,22.39,24.01,100.0,100.0,0.0,0.0,7.25,1.62,30.23,2026-02-07 11:45:38
Living with Religion and Faith,2021-12-01,True,,Texas,0.0,1.11,0.0,100.0,0.0,0.0,inf,1.11,10.48,2026-02-07 11:45:51
Daughters Unto Devils,2021-12-01,True,,Texas,0.0,0.0,0.0,0.0,0.0,0.0,0.0,0.0,0.0,2026-02-07 11:46:04
"101 Questions About Sex and Sexuality: With Answers for the Curious, Cautious, and Confused",2021-12-01,True,,Texas,0.0,0.0,0.0,0.0,0.0,0.0,0.0,0.0,0.0,2026-02-07 11:46:17
Rainbow High (Rainbow Trilogy Series),2021-12-01,True,,Texas,0.0,0.0,0.0,0.0,0.0,0.0,0.0,0.0,0.0,2026-02-07 11:46:30
The Red Scrolls of Magic,2021-12-01,True,,Texas,1.11,0.0,100.0,0.0,0.0,0.0,-100.0,-1.11,10.48,2026-02-07 11:46:44
10 Things I Can See from Here,2021-12-01,True,,Texas,0.0,1.11,0.0,100.0,0.0,0.0,inf,1.11,10.48,2026-02-07 11:46:57
The Last Exit to Normal,2021-12-01,True,,Texas,1.11,1.11,100.0,100.0,0.0,0.0,0.0,0.0,10.48,2026-02-07 11:47:10
Two Boys Kissing,2021-12-01,True,,Florida,0.0,0.0,0.0,0.0,0.0,0.0,0.0,0.0,0.0,2026-02-07 11:47:23
Ship It,2021-12-01,True,,Texas,82.61,73.04,100.0,100.0,64.0,52.0,-11.58,-9.57,9.75,2026-02-07 11:47:37
Trans Mission: My Quest to a Beard,2021-12-01,True,,Texas,0.0,1.11,0.0,100.0,0.0,0.0,inf,1.11,10.48,2026-02-07 11:47:50
Kaleidoscope Song,2021-12-01,True,,Texas,1.11,2.04,100.0,100.0,0.0,0.0,84.0,0.93,12.16,2026-02-07 11:48:03
The Edge of the Water (Whidbey Island Saga Series),2021-12-01,True,,Texas,0.0,0.0,0.0,0.0,0.0,0.0,0.0,0.0,0.0,2026-02-07 11:48:16
Draw the Line,2021-12-01,True,,Texas,64.9,45.51,100.0,100.0,0.0,0.0,-29.88,-19.39,25.61,2026-02-07 11:48:29
Everything You Love Will Burn: Inside the Rebirth of White Nationalism in America,2021-12-01,True,,Texas,0.0,0.0,0.0,0.0,0.0,0.0,0.0,0.0,0.0,2026-02-07 11:48:43
Say the Word,2021-12-01,True,,Texas,78.64,64.06,100.0,100.0,58.0,35.0,-18.55,-14.59,14.24,2026-02-07 11:48:56
Drama: A Graphic Novel,2021-12-01,True,,Texas,0.0,0.0,0.0,0.0,0.0,0.0,0.0,0.0,0.0,2026-02-07 11:49:09
Between Mom and Jo,2021-12-01,True,,Texas,0.0,0.0,0.0,0.0,0.0,0.0,0.0,0.0,0.0,2026-02-07 11:49:22
"Gone, Gone, Gone",2021-12-01,True,,Texas,1.11,0.0,100.0,0.0,0.0,0.0,-100.0,-1.11,10.48,2026-02-07 11:49:35
The Moon Within,2021-12-01,True,,Texas,3.94,7.66,100.0,100.0,0.0,0.0,94.08,3.71,21.04,2026-02-07 11:49:48
Dreadnought (Nemesis Series),2021-12-01,True,,Texas,1.11,0.0,100.0,0.0,0.0,0.0,-100.0,-1.11,10.48,2026-02-07 11:50:01
"Gay People of Color: Facing Prejudices, Forging Identities",2021-12-01,True,,Texas,1.11,0.0,100.0,0.0,0.0,0.0,-100.0,-1.11,10.48,2026-02-07 11:50:14
Two Boys Kissing,2021-12-01,True,,Texas,0.0,0.0,0.0,0.0,0.0,0.0,0.0,0.0,0.0,2026-02-07 11:50:27
Middlesex,2021-12-01,True,,Texas,65.62,65.79,100.0,100.0,35.0,38.0,0.25,0.17,12.03,2026-02-07 11:50:41
I Hope You're Listening,2021-12-01,True,,Texas,0.0,0.0,0.0,0.0,0.0,0.0,0.0,0.0,0.0,2026-02-07 11:50:54
Wayward Witch (Brooklyn Brujas Series),2021-12-01,True,,Texas,1.11,0.0,100.0,0.0,0.0,0.0,-100.0,-1.11,10.48,2026-02-07 11:51:07
The Deep & Dark Blue,2021-12-01,True,,Texas,0.0,0.0,0.0,0.0,0.0,0.0,0.0,0.0,0.0,2026-02-07 11:51:20
"Tomorrow Will Be Different: Love, Loss, and the Fight for Trans Equality",2021-12-01,True,,Texas,0.0,0.0,0.0,0.0,0.0,0.0,0.0,0.0,0.0,2026-02-07 11:51:33
"Invisible Man, Got the Whole World Watching: A Young Black Man's Education",2021-12-01,True,,Texas,1.11,0.0,100.0,0.0,0.0,0.0,-100.0,-1.11,10.48,2026-02-07 11:51:46
Darius the Great Deserves Better (Darius the Great Series),2021-12-01,True,,Texas,0.0,0.0,0.0,0.0,0.0,0.0,0.0,0.0,0.0,2026-02-07 11:51:59
Roe v. Wade: The Untold Story of the Landmark Supreme Court Decision that Made Abortion Legal,2021-12-01,True,,Texas,0.0,0.0,0.0,0.0,0.0,0.0,0.0,0.0,0.0,2026-02-07 11:52:13
At the Edge of the Universe,2021-12-01,True,,Texas,1.11,0.0,100.0,0.0,0.0,0.0,-100.0,-1.11,10.48,2026-02-07 11:52:26
Jacob's Room to Choose,2021-12-01,True,,Texas,0.0,0.0,0.0,0.0,0.0,0.0,0.0,0.0,0.0,2026-02-07 11:52:39
Being the Change: Lessons and Strategies to Teach Social Comprehension,2021-12-01,True,,Texas,0.0,0.0,0.0,0.0,0.0,0.0,0.0,0.0,0.0,2026-02-07 11:52:52
Suicide Notes,2021-12-01,True,,Texas,5.94,6.32,100.0,100.0,0.0,0.0,6.36,0.38,21.06,2026-02-07 11:53:04
When We Were Magic,2021-12-01,True,,Texas,0.0,0.0,0.0,0.0,0.0,0.0,0.0,0.0,0.0,2026-02-07 11:53:18
Playing the Field,2021-12-01,True,,Texas,14.81,24.44,100.0,100.0,0.0,0.0,65.04,9.63,21.23,2026-02-07 11:53:30
Beyond Dreams (Hamilton High Series),2021-12-01,True,,Texas,1.11,0.0,100.0,0.0,0.0,0.0,-100.0,-1.11,10.48,2026-02-07 11:53:43
"It's Perfectly Normal: Changing Bodies, Growing Up, Sex, and Sexual Health",2021-12-01,True,,Wisconsin,0.0,1.11,0.0,100.0,0.0,0.0,inf,1.11,10.48,2026-02-07 11:53:57
Julián at the Wedding (Julián Series),2021-12-01,True,,Texas,1.11,0.0,100.0,0.0,0.0,0.0,-100.0,-1.11,10.48,2026-02-07 11:54:10
En el bosque,2021-12-01,True,,Texas,24.61,21.41,100.0,100.0,0.0,0.0,-13.0,-3.2,26.34,2026-02-07 11:54:24
Abortion: A Documentary and Reference Guide,2021-12-01,True,,Texas,0.0,0.0,0.0,0.0,0.0,0.0,0.0,0.0,0.0,2026-02-07 11:54:37
101 Questions About Reproduction: Or How 1 + 1 = 3 or 4 or More,2021-12-01,True,,Texas,12.73,12.19,100.0,100.0,0.0,0.0,-4.28,-0.54,27.01,2026-02-07 11:54:50
Miles Away from You,2021-12-01,True,,Texas,3.99,8.53,100.0,100.0,0.0,0.0,113.93,4.54,20.49,2026-02-07 11:55:03
Dear Martin,2021-12-01,True,,Missouri,17.14,18.59,100.0,100.0,0.0,0.0,8.43,1.44,26.38,2026-02-07 11:55:16
Gender Queer: A Memoir,2021-12-01,True,,Texas,2.59,0.0,100.0,0.0,0.0,0.0,-100.0,-2.59,14.34,2026-02-07 11:55:29
You Know Me Well,2021-12-01,True,,Texas,50.59,53.08,100.0,100.0,0.0,0.0,4.92,2.49,25.4,2026-02-07 11:55:42
La tormenta,2021-12-01,True,,Texas,11.23,33.4,100.0,100.0,0.0,0.0,197.33,22.17,21.63,2026-02-07 11:55:56
Raise the Stakes,2021-12-01,True,,Texas,1.11,1.86,100.0,100.0,0.0,0.0,67.0,0.74,11.57,2026-02-07 11:56:09
The Traitor Game,2021-12-01,True,,Texas,0.0,0.0,0.0,0.0,0.0,0.0,0.0,0.0,0.0,2026-02-07 11:56:21
So You Want to Talk About Race,2021-12-01,True,,Texas,1.97,1.11,100.0,100.0,0.0,0.0,-43.5,-0.86,11.9,2026-02-07 11:56:35
GLBTQ*: The Survival Guide for Queer & Questioning Teens,2021-12-01,True,,Texas,1.11,0.0,100.0,0.0,0.0,0.0,-100.0,-1.11,10.48,2026-02-07 11:56:48
Fun Home: A Family Tragicomic,2021-12-01,True,,Rhode Island,0.0,0.0,0.0,0.0,0.0,0.0,0.0,0.0,0.0,2026-02-07 11:57:01
The Magic Fish,2021-12-01,True,,Texas,0.0,1.11,0.0,100.0,0.0,0.0,inf,1.11,10.48,2026-02-07 11:57:14
My Heart Underwater,2021-12-01,True,,Texas,0.0,1.11,0.0,100.0,0.0,0.0,inf,1.11,10.48,2026-02-07 11:57:27
Taking Responsibility: A Teen's Guide to Contraception and Pregnancy,2021-12-01,True,,Texas,0.0,0.0,0.0,0.0,0.0,0.0,0.0,0.0,0.0,2026-02-07 11:57:41
The Accidental Adventures of India McAllister,2021-12-01,True,,Texas,0.0,1.11,0.0,100.0,0.0,0.0,inf,1.11,10.48,2026-02-07 11:57:54
One Man Guy,2021-12-01,True,,Texas,16.07,14.17,100.0,100.0,0.0,0.0,-11.83,-1.9,28.79,2026-02-07 11:58:08
Me and Earl and the Dying Girl,2021-12-01,True,,Texas,4.86,5.84,100.0,100.0,0.0,0.0,20.37,0.99,19.58,2026-02-07 11:58:21
Whistle Me Home,2021-12-01,True,,Texas,0.0,0.0,0.0,0.0,0.0,0.0,0.0,0.0,0.0,2026-02-07 11:58:34
Citizen: An American Lyric,2021-12-01,True,,Texas,0.0,1.11,0.0,100.0,0.0,0.0,inf,1.11,10.48,2026-02-07 11:58:47
We Were Eight Years in Power: An American Tragedy,2021-12-01,True,,Texas,0.0,0.0,0.0,0.0,0.0,0.0,0.0,0.0,0.0,2026-02-07 11:59:00
All American Boys,2021-12-01,True,,Texas,24.66,26.73,100.0,100.0,0.0,0.0,8.43,2.08,28.58,2026-02-07 11:59:14
Black Rabbit Summer,2021-12-01,True,,Texas,1.11,0.0,100.0,0.0,0.0,0.0,-100.0,-1.11,10.48,2026-02-07 11:59:27
Gay Believers: Homosexuality and Religion,2021-12-01,True,,Texas,1.11,0.0,100.0,0.0,0.0,0.0,-100.0,-1.11,10.48,2026-02-07 11:59:40
Cut Both Ways,2021-12-01,True,,Texas,0.0,1.11,0.0,100.0,0.0,0.0,inf,1.11,10.48,2026-02-07 11:59:53
The Hookup Artist,2021-12-01,True,,Texas,1.11,1.11,100.0,100.0,0.0,0.0,0.0,0.0,10.48,2026-02-07 12:00:07
Annie on My Mind,2021-12-01,True,,Texas,0.0,0.0,0.0,0.0,0.0,0.0,0.0,0.0,0.0,2026-02-07 12:00:20
Ash,2021-12-01,True,,Texas,75.17,27.34,100.0,100.0,66.0,19.0,-63.62,-47.82,25.52,2026-02-07 12:00:34
Ask the Passengers,2021-12-01,True,,Texas,1.11,0.0,100.0,0.0,0.0,0.0,-100.0,-1.11,10.48,2026-02-07 12:00:47
Hot Dog Girl,2021-12-01,True,,Texas,11.13,13.47,100.0,100.0,0.0,0.0,20.96,2.33,24.29,2026-02-07 12:01:00
Victor and Nora: A Gotham Love Story,2021-12-01,True,,Wisconsin,0.0,0.0,0.0,0.0,0.0,0.0,0.0,0.0,0.0,2026-02-07 12:01:13
Roe v. Wade: The Untold Story of the Landmark Supreme Court Decision that Made Abortion Legal,2021-12-01,True,,Texas,0.0,0.0,0.0,0.0,0.0,0.0,0.0,0.0,0.0,2026-02-07 12:01:26
"More Than a Game: Race, Gender, and Politics in Sports",2021-12-01,True,,Texas,1.11,1.11,100.0,100.0,0.0,0.0,0.0,0.0,10.48,2026-02-07 12:01:39
Alan Cole Is Not a Coward,2021-12-01,True,,Texas,1.11,0.0,100.0,0.0,0.0,0.0,-100.0,-1.11,10.48,2026-02-07 12:01:52
Orphea Proud,2021-12-01,True,,Texas,1.11,0.0,100.0,0.0,0.0,0.0,-100.0,-1.11,10.48,2026-02-07 12:02:06
Far from the Tree,2021-12-01,True,,Indiana,35.56,32.38,100.0,100.0,0.0,0.0,-8.94,-3.18,20.52,2026-02-07 12:02:19
"Alison, Who Went Away",2021-12-01,True,,Texas,0.0,0.0,0.0,0.0,0.0,0.0,0.0,0.0,0.0,2026-02-07 12:02:32
"Will Grayson, Will Grayson (Will Grayson, Will Grayson Series)",2021-12-01,True,,Texas,0.0,0.0,0.0,0.0,0.0,0.0,0.0,0.0,0.0,2026-02-07 12:02:45
"Hang-ups, Hook-ups, and Holding Out: Stuff You Need to Know about Your Body, Sex, and Dating",2021-12-01,True,,Texas,0.0,1.11,0.0,100.0,0.0,0.0,inf,1.11,10.48,2026-02-07 12:02:59
GLBT Teens and Society,2021-12-01,True,,Texas,0.0,0.0,0.0,0.0,0.0,0.0,0.0,0.0,0.0,2026-02-07 12:03:11
"Love, Creekwood: A Simonverse Novella (Simonverse Series)",2021-12-01,True,,Texas,1.97,0.0,100.0,0.0,0.0,0.0,-100.0,-1.97,13.16,2026-02-07 12:03:25
#BlackLivesMatter: Protesting Racism,2021-12-01,True,,Texas,0.0,0.0,0.0,0.0,0.0,0.0,0.0,0.0,0.0,2026-02-07 12:03:38
And Tango Makes Three,2021-12-01,True,,Texas,0.0,0.0,0.0,0.0,0.0,0.0,0.0,0.0,0.0,2026-02-07 12:03:51
Combat Zone,2021-12-01,True,,Texas,19.56,26.97,100.0,100.0,0.0,0.0,37.9,7.41,32.26,2026-02-07 12:04:04
"Gabi, a Girl in Pieces",2021-12-01,True,,Texas,0.0,0.0,0.0,0.0,0.0,0.0,0.0,0.0,0.0,2026-02-07 12:04:17
Highly Illogical Behavior,2021-12-01,True,,Texas,0.0,0.0,0.0,0.0,0.0,0.0,0.0,0.0,0.0,2026-02-07 12:04:31
Queer: The Ultimate LGBTQ Guide for Teens,2021-12-01,True,,Wisconsin,0.0,0.0,0.0,0.0,0.0,0.0,0.0,0.0,0.0,2026-02-07 12:04:44
Pearl,2021-12-01,True,,Texas,40.07,28.46,100.0,100.0,29.0,19.0,-28.98,-11.61,13.64,2026-02-07 12:04:58
Echo After Echo,2021-12-01,True,,Texas,10.98,19.44,100.0,100.0,0.0,0.0,77.13,8.47,26.8,2026-02-07 12:05:11
Hello Now,2021-12-01,True,,Texas,12.03,22.98,100.0,100.0,0.0,0.0,90.95,10.94,30.1,2026-02-07 12:05:24
Symptoms of Being Human,2021-12-01,True,,Texas,0.0,1.98,0.0,100.0,0.0,0.0,inf,1.98,13.22,2026-02-07 12:05:37
Beautiful Music for Ugly Children,2021-12-01,True,,Texas,0.0,0.0,0.0,0.0,0.0,0.0,0.0,0.0,0.0,2026-02-07 12:05:50
This Is Kind of an Epic Love Story,2021-12-01,True,,Texas,0.0,0.0,0.0,0.0,0.0,0.0,0.0,0.0,0.0,2026-02-07 12:06:04
"It Gets Better: Coming Out, Overcoming Bullying, and Creating a Life Worth Living",2021-12-01,True,,Texas,0.0,0.0,0.0,0.0,0.0,0.0,0.0,0.0,0.0,2026-02-07 12:06:17
Not My Idea: A Book About Whiteness (Ordinary Terrible Things Series),2021-12-01,True,,Texas,1.11,0.0,100.0,0.0,0.0,0.0,-100.0,-1.11,10.48,2026-02-07 12:06:30
Far from the Tree: How Children and Their Parents Learn to Accept One Another . . . Our Differences Unite Us,2021-12-01,False,The request failed: Google returned a response with code 400,Texas,,,,,,,,,,
Chainbreaker (Timekeeper Series),2021-12-01,True,,Texas,0.0,0.0,0.0,0.0,0.0,0.0,0.0,0.0,0.0,2026-02-07 12:06:51
New Kid,2021-12-01,True,,Texas,33.03,29.11,100.0,100.0,22.0,15.0,-11.87,-3.92,14.24,2026-02-07 12:07:05
Zenobia July,2021-12-01,True,,Texas,0.0,0.0,0.0,0.0,0.0,0.0,0.0,0.0,0.0,2026-02-07 12:07:18
Me and Earl and the Dying Girl,2021-12-01,True,,Texas,4.68,5.84,100.0,100.0,0.0,0.0,24.94,1.17,19.29,2026-02-07 12:07:31
Each of Us a Desert,2021-12-01,True,,Texas,0.0,0.0,0.0,0.0,0.0,0.0,0.0,0.0,0.0,2026-02-07 12:07:44
The Breakaways,2021-12-01,True,,Texas,1.11,1.11,100.0,100.0,0.0,0.0,0.0,0.0,10.48,2026-02-07 12:07:57
Marco Impossible,2021-12-01,True,,Texas,0.0,1.11,0.0,100.0,0.0,0.0,inf,1.11,10.48,2026-02-07 12:08:10
Great,2021-12-01,True,,Texas,85.99,80.09,100.0,100.0,74.0,60.0,-6.86,-5.9,6.56,2026-02-07 12:08:24
Getting It,2021-12-01,True,,Texas,85.56,73.91,100.0,100.0,66.0,51.0,-13.61,-11.64,10.74,2026-02-07 12:08:37
Things That Make White People Uncomfortable (Adapted for Young Adults),2021-12-01,True,,Texas,0.0,0.0,0.0,0.0,0.0,0.0,0.0,0.0,0.0,2026-02-07 12:08:50
We Are Lost and Found,2021-12-01,True,,Texas,0.0,0.0,0.0,0.0,0.0,0.0,0.0,0.0,0.0,2026-02-07 12:09:03
History Is All You Left Me,2021-12-01,True,,Texas,0.0,1.71,0.0,100.0,0.0,0.0,inf,1.71,11.86,2026-02-07 12:09:16
Happy families,2021-12-01,True,,Texas,4.13,4.23,100.0,100.0,0.0,0.0,2.42,0.1,17.03,2026-02-07 12:09:29
Class Act,2021-12-01,True,,Texas,59.96,55.87,100.0,100.0,29.0,24.0,-6.82,-4.09,14.61,2026-02-07 12:09:42
Firestarter (Timekeeper Series),2021-12-01,True,,Texas,0.0,0.0,0.0,0.0,0.0,0.0,0.0,0.0,0.0,2026-02-07 12:09:56
Safe Sex 101: An Overview for Teens,2021-12-01,True,,Texas,0.0,0.0,0.0,0.0,0.0,0.0,0.0,0.0,0.0,2026-02-07 12:10:08
Wonders of the Invisible World,2021-12-01,True,,Texas,1.11,3.66,100.0,100.0,0.0,0.0,229.0,2.54,14.28,2026-02-07 12:10:21
I Am Not Your Perfect Mexican Daughter,2021-12-01,True,,Wisconsin,3.11,0.0,100.0,0.0,0.0,0.0,-100.0,-3.11,16.78,2026-02-07 12:10:34
The Kite Runner,2021-12-01,True,,Florida,53.13,43.47,100.0,100.0,0.0,0.0,-18.19,-9.67,21.93,2026-02-07 12:10:47
As I Descended,2021-12-01,True,,Texas,0.0,0.0,0.0,0.0,0.0,0.0,0.0,0.0,0.0,2026-02-07 12:11:00
And Tango Makes Three,2021-12-01,True,,Florida,0.0,0.0,0.0,0.0,0.0,0.0,0.0,0.0,0.0,2026-02-07 12:11:13
Love Is the Higher Law,2021-12-01,True,,Texas,0.0,0.0,0.0,0.0,0.0,0.0,0.0,0.0,0.0,2026-02-07 12:11:26
Protect and Defend (Kerry Kilcannon Series),2021-12-01,True,,Texas,0.0,0.0,0.0,0.0,0.0,0.0,0.0,0.0,0.0,2026-02-07 12:11:39
Gender Identity: The Ultimate Teen Guide,2021-12-01,True,,Texas,0.0,0.0,0.0,0.0,0.0,0.0,0.0,0.0,0.0,2026-02-07 12:11:52
Guardian (Proxy Series),2021-12-01,True,,Texas,0.0,0.0,0.0,0.0,0.0,0.0,0.0,0.0,0.0,2026-02-07 12:12:05
Hook Up,2021-12-01,True,,Texas,79.0,53.39,100.0,100.0,63.0,38.0,-32.42,-25.61,15.76,2026-02-07 12:12:18
And Still I Rise,2021-12-01,True,,Texas,1.93,10.64,100.0,100.0,0.0,0.0,450.57,8.71,18.83,2026-02-07 12:12:31
"Doing It Right: Making Smart, Safe, and Satisfying Choices About Sex",2021-12-01,True,,Texas,0.0,1.11,0.0,100.0,0.0,0.0,inf,1.11,10.48,2026-02-07 12:12:44
Should Teens Have Access to Birth Control?,2021-12-01,True,,Texas,1.11,0.0,100.0,0.0,0.0,0.0,-100.0,-1.11,10.48,2026-02-07 12:12:57
The Teenage Body Book,2021-12-01,True,,Texas,1.11,0.0,100.0,0.0,0.0,0.0,-100.0,-1.11,10.48,2026-02-07 12:13:10
Of Ice and Shadows (Of Fire and Stars Series),2021-12-01,True,,Texas,0.0,0.0,0.0,0.0,0.0,0.0,0.0,0.0,0.0,2026-02-07 12:13:23
Autoboyography,2021-12-01,True,,Texas,2.08,1.11,100.0,100.0,0.0,0.0,-46.52,-0.97,12.27,2026-02-07 12:13:36
Star-Crossed,2021-12-01,True,,Texas,2.77,1.71,100.0,100.0,0.0,0.0,-38.15,-1.06,12.79,2026-02-07 12:13:50
Morris Micklewhite and the Tangerine Dress,2021-12-01,True,,Texas,0.0,0.0,0.0,0.0,0.0,0.0,0.0,0.0,0.0,2026-02-07 12:14:03
"My Most Excellent Year: A Novel of Love, Mary Poppins, and Fenway Park",2021-12-01,True,,Texas,0.0,0.0,0.0,0.0,0.0,0.0,0.0,0.0,0.0,2026-02-07 12:14:16
Parrotfish,2021-12-01,True,,Texas,6.77,11.97,100.0,100.0,0.0,0.0,76.85,5.2,26.19,2026-02-07 12:14:29
Deposing Nathan,2021-12-01,True,,Texas,0.0,0.0,0.0,0.0,0.0,0.0,0.0,0.0,0.0,2026-02-07 12:14:42
Red at the Bone,2021-12-01,True,,Texas,5.26,4.67,100.0,100.0,0.0,0.0,-11.21,-0.59,20.58,2026-02-07 12:14:55
Some Assembly Required: The Not-So-Secret Life of a Transgender Teen,2021-12-01,True,,Texas,0.0,0.0,0.0,0.0,0.0,0.0,0.0,0.0,0.0,2026-02-07 12:15:08
Three Little Words: A Memoir,2021-12-01,True,,Indiana,0.0,1.11,0.0,100.0,0.0,0.0,inf,1.11,10.48,2026-02-07 12:15:21
Saturdays with Hitchcock,2021-12-01,True,,Texas,0.0,0.0,0.0,0.0,0.0,0.0,0.0,0.0,0.0,2026-02-07 12:15:34
My Life as a Rhombus,2021-12-01,True,,Texas,0.0,0.0,0.0,0.0,0.0,0.0,0.0,0.0,0.0,2026-02-07 12:15:48
All We Can Do Is Wait,2021-12-01,True,,Texas,0.0,0.0,0.0,0.0,0.0,0.0,0.0,0.0,0.0,2026-02-07 12:16:01
"This Book Is Anti-Racist: 20 Lessons on How to Wake Up, Take Action, and Do the Work",2021-12-01,True,,Texas,1.11,0.0,100.0,0.0,0.0,0.0,-100.0,-1.11,10.48,2026-02-07 12:16:14
All Eyes on Us,2021-12-01,True,,Texas,3.04,6.08,100.0,100.0,0.0,0.0,99.64,3.03,18.46,2026-02-07 12:16:27
"It's Perfectly Normal: Changing Bodies, Growing Up, Sex, and Sexual Health",2021-12-01,True,,Texas,0.0,1.11,0.0,100.0,0.0,0.0,inf,1.11,10.48,2026-02-07 12:16:40
Gender Queer: A Memoir,2021-12-01,True,,Illinois,2.59,0.0,100.0,0.0,0.0,0.0,-100.0,-2.59,14.34,2026-02-07 12:16:53
ttfn (Internet Girls Series),2021-12-01,True,,Wisconsin,0.0,0.0,0.0,0.0,0.0,0.0,0.0,0.0,0.0,2026-02-07 12:17:06
The Abortion Debate: Understanding the Issues (Issues in Focus Today),2021-12-01,True,,Texas,0.0,0.0,0.0,0.0,0.0,0.0,0.0,0.0,0.0,2026-02-07 12:17:19
Ask Me How I Got Here,2021-12-01,True,,Texas,1.11,0.0,100.0,0.0,0.0,0.0,-100.0,-1.11,10.48,2026-02-07 12:17:32
The Cutting Room Floor,2021-12-01,True,,Texas,1.11,1.91,100.0,100.0,0.0,0.0,72.0,0.8,11.73,2026-02-07 12:17:45
In the Role of Brie Hutchens...,2021-12-01,True,,Texas,0.0,0.0,0.0,0.0,0.0,0.0,0.0,0.0,0.0,2026-02-07 12:17:59
How to Love,2021-12-01,True,,Texas,87.53,67.32,100.0,100.0,78.0,53.0,-23.09,-20.21,12.23,2026-02-07 12:18:13
Rainbow Road (Rainbow Trilogy Series),2021-12-01,True,,Texas,1.11,0.0,100.0,0.0,0.0,0.0,-100.0,-1.11,10.48,2026-02-07 12:18:26
And She Was,2021-12-01,True,,Texas,63.41,49.4,100.0,100.0,29.0,15.0,-22.1,-14.01,19.85,2026-02-07 12:18:40
The Last Time I Wore a Dress,2021-12-01,True,,Texas,0.0,0.0,0.0,0.0,0.0,0.0,0.0,0.0,0.0,2026-02-07 12:18:53
Tattoo Atlas,2021-12-01,True,,Texas,0.0,4.93,0.0,100.0,0.0,0.0,inf,4.93,20.41,2026-02-07 12:19:06
Sister Mischief,2021-12-01,True,,Texas,0.0,0.0,0.0,0.0,0.0,0.0,0.0,0.0,0.0,2026-02-07 12:19:19
One True Way,2021-12-01,True,,Texas,62.12,46.27,100.0,100.0,0.0,0.0,-25.52,-15.86,25.62,2026-02-07 12:19:32
Kiss Number 8,2021-12-01,True,,Texas,1.11,0.0,100.0,0.0,0.0,0.0,-100.0,-1.11,10.48,2026-02-07 12:19:45
The Deepest Breath,2021-12-01,True,,Texas,0.0,1.11,0.0,100.0,0.0,0.0,inf,1.11,10.48,2026-02-07 12:19:58
Shine,2021-12-01,True,,Wisconsin,70.78,66.69,100.0,100.0,42.0,50.0,-5.78,-4.09,10.53,2026-02-07 12:20:12
Openly Straight (Openly Straight Series),2021-12-01,True,,Texas,0.0,0.0,0.0,0.0,0.0,0.0,0.0,0.0,0.0,2026-02-07 12:20:25
Shine,2021-12-01,True,,Texas,70.78,66.69,100.0,100.0,42.0,50.0,-5.78,-4.09,10.53,2026-02-07 12:20:38
Jaya and Rasa: A Love Story,2021-12-01,True,,Texas,0.0,0.0,0.0,0.0,0.0,0.0,0.0,0.0,0.0,2026-02-07 12:20:51
The Confessions of Nat Turner,2021-12-01,True,,Texas,0.0,0.0,0.0,0.0,0.0,0.0,0.0,0.0,0.0,2026-02-07 12:21:04
When the Moon Was Ours,2021-12-01,True,,Texas,0.0,0.0,0.0,0.0,0.0,0.0,0.0,0.0,0.0,2026-02-07 12:21:17
Everything Leads to You,2021-12-01,True,,Texas,0.0,1.11,0.0,100.0,0.0,0.0,inf,1.11,10.48,2026-02-07 12:21:30
Brave Face: A Memoir,2021-12-01,True,,Texas,0.0,0.0,0.0,0.0,0.0,0.0,0.0,0.0,0.0,2026-02-07 12:21:43
A Home for Goddesses and Dogs,2021-12-01,True,,Texas,1.11,0.0,100.0,0.0,0.0,0.0,-100.0,-1.11,10.48,2026-02-07 12:21:56
Spinning,2021-12-01,True,,Texas,72.88,81.86,100.0,100.0,63.0,68.0,12.32,8.98,7.95,2026-02-07 12:22:11
Melissa (George),2021-12-01,True,,Florida,22.02,9.87,100.0,100.0,0.0,0.0,-55.2,-12.16,22.74,2026-02-07 12:22:24
Life in Outer Space,2021-12-01,True,,Texas,0.0,0.0,0.0,0.0,0.0,0.0,0.0,0.0,0.0,2026-02-07 12:22:37
The Past and Other Things That Should Stay Buried,2021-12-01,True,,Texas,1.11,1.11,100.0,100.0,0.0,0.0,0.0,0.0,10.48,2026-02-07 12:22:51
Blood Sport,2021-12-01,True,,Texas,23.48,30.09,100.0,100.0,0.0,0.0,28.16,6.61,28.63,2026-02-07 12:23:04
"Gay Issues and Politics: Marriage, the Military, & Work Place Discrimination",2021-12-01,True,,Texas,1.11,0.0,100.0,0.0,0.0,0.0,-100.0,-1.11,10.48,2026-02-07 12:23:17
How Not to Ask a Boy to Prom,2021-12-01,True,,Texas,0.0,0.0,0.0,0.0,0.0,0.0,0.0,0.0,0.0,2026-02-07 12:23:30
Cinderella Is Dead,2021-12-01,True,,Texas,1.11,1.93,100.0,100.0,0.0,0.0,74.0,0.82,11.8,2026-02-07 12:23:43
October Mourning: A Song for Matthew Shepard,2021-12-01,True,,Texas,1.11,0.0,100.0,0.0,0.0,0.0,-100.0,-1.11,10.48,2026-02-07 12:23:56
Pink,2021-12-01,True,,Texas,79.02,83.52,100.0,100.0,62.0,66.0,5.69,4.5,7.89,2026-02-07 12:24:10
All Boys Aren't Blue,2021-12-01,True,,Texas,3.23,9.62,100.0,100.0,0.0,0.0,197.59,6.39,19.54,2026-02-07 12:24:23
"Love, Hate & Other Filters",2021-12-01,True,,Wisconsin,0.0,0.0,0.0,0.0,0.0,0.0,0.0,0.0,0.0,2026-02-07 12:24:36
Magic To Brew (Moonstruck Series),2021-12-01,True,,Texas,0.0,0.0,0.0,0.0,0.0,0.0,0.0,0.0,0.0,2026-02-07 12:24:50
"Gender Danger: Survivors of Rape, Human Trafficking, and Honor Killings",2021-12-01,True,,Texas,0.0,0.0,0.0,0.0,0.0,0.0,0.0,0.0,0.0,2026-02-07 12:25:03
The Sin-Eater's Confession,2021-12-01,True,,Texas,0.0,0.0,0.0,0.0,0.0,0.0,0.0,0.0,0.0,2026-02-07 12:25:16
"Hello, I Lied",2021-12-01,True,,Texas,0.0,0.0,0.0,0.0,0.0,0.0,0.0,0.0,0.0,2026-02-07 12:25:29
yolo (Internet Girls Series),2021-12-01,True,,Wisconsin,0.0,0.0,0.0,0.0,0.0,0.0,0.0,0.0,0.0,2026-02-07 12:25:42
Something Like Gravity,2021-12-01,True,,Texas,1.11,1.11,100.0,100.0,0.0,0.0,0.0,0.0,10.48,2026-02-07 12:25:55
The Infinite Moment of Us,2021-12-01,True,,Indiana,0.0,1.11,0.0,100.0,0.0,0.0,inf,1.11,10.48,2026-02-07 12:26:09
Every Day (Every Day Series),2021-12-01,True,,Indiana,1.11,1.11,100.0,100.0,0.0,0.0,0.0,0.0,10.48,2026-02-07 12:26:22
The Truth about Keeping Secrets,2021-12-01,True,,Texas,0.0,1.11,0.0,100.0,0.0,0.0,inf,1.11,10.48,2026-02-07 12:26:35
Girl Mans Up,2021-12-01,True,,Texas,0.0,0.0,0.0,0.0,0.0,0.0,0.0,0.0,0.0,2026-02-07 12:26:48
Tessa Masterson Will Go to Prom,2021-12-01,True,,Texas,0.0,0.0,0.0,0.0,0.0,0.0,0.0,0.0,0.0,2026-02-07 12:27:01
Just Kill Me,2021-12-01,True,,Texas,14.57,12.16,100.0,100.0,0.0,0.0,-16.55,-2.41,27.72,2026-02-07 12:27:14
Who I Was with Her,2021-12-01,True,,Texas,54.71,36.44,100.0,100.0,0.0,0.0,-33.39,-18.27,26.16,2026-02-07 12:27:28
Forever for a Year,2021-12-01,True,,Texas,4.09,2.11,100.0,100.0,0.0,0.0,-48.37,-1.98,16.73,2026-02-07 12:27:41
Detour for Emmy,2021-12-01,True,,Texas,0.0,1.11,0.0,100.0,0.0,0.0,inf,1.11,10.48,2026-02-07 12:27:54
Pride: The Story of Harvey Milk and the Rainbow Flag,2021-12-01,True,,Texas,0.0,0.0,0.0,0.0,0.0,0.0,0.0,0.0,0.0,2026-02-07 12:28:07
Pride: Celebrating Diversity & Community,2021-12-01,True,,Texas,0.0,0.0,0.0,0.0,0.0,0.0,0.0,0.0,0.0,2026-02-07 12:28:21
V for Vendetta,2021-12-01,True,,Texas,11.9,59.56,100.0,100.0,6.0,36.0,400.47,47.66,27.45,2026-02-07 12:28:34
The Last to Let Go,2021-12-01,True,,Texas,1.11,1.11,100.0,100.0,0.0,0.0,0.0,0.0,10.48,2026-02-07 12:28:47
Lily and Dunkin,2021-12-01,True,,Texas,0.0,0.0,0.0,0.0,0.0,0.0,0.0,0.0,0.0,2026-02-07 12:29:00
The Meaning of Birds,2021-12-01,True,,Texas,6.63,13.04,100.0,100.0,0.0,0.0,96.65,6.41,24.97,2026-02-07 12:29:13
Teens & Sex,2021-12-01,True,,Texas,0.0,1.11,0.0,100.0,0.0,0.0,inf,1.11,10.48,2026-02-07 12:29:26
Teen Legal Rights,2021-12-01,True,,Texas,0.0,1.11,0.0,100.0,0.0,0.0,inf,1.11,10.48,2026-02-07 12:29:39
"Boy Erased: A Memoir of Identity, Faith, and Family",2021-12-01,True,,Texas,0.0,0.0,0.0,0.0,0.0,0.0,0.0,0.0,0.0,2026-02-07 12:29:52
Far from You,2021-12-01,True,,Texas,85.92,71.49,100.0,100.0,68.0,49.0,-16.8,-14.43,12.45,2026-02-07 12:30:06
Rainbow Boys (Rainbow Trilogy Series),2021-12-01,True,,Texas,0.0,0.0,0.0,0.0,0.0,0.0,0.0,0.0,0.0,2026-02-07 12:30:19
Alex As Well,2021-12-01,True,,Texas,0.0,0.0,0.0,0.0,0.0,0.0,0.0,0.0,0.0,2026-02-07 12:30:32
Beloved,2021-12-01,True,,Florida,32.88,69.23,100.0,100.0,21.0,35.0,110.58,36.36,21.7,2026-02-07 12:30:45
"Dating, Relationships, And Sexuality: What Teens Should Know",2021-12-01,True,,Texas,0.0,0.0,0.0,0.0,0.0,0.0,0.0,0.0,0.0,2026-02-07 12:30:58
Afterworlds (Afterworlds Series),2021-12-01,True,,Texas,1.11,1.11,100.0,100.0,0.0,0.0,0.0,0.0,10.48,2026-02-07 12:31:12
Monday's Not Coming,2021-12-01,True,,Texas,2.1,0.0,100.0,0.0,0.0,0.0,-100.0,-2.1,13.95,2026-02-07 12:31:25
More Happy Than Not,2021-12-01,True,,Texas,4.11,9.43,100.0,100.0,0.0,0.0,129.46,5.32,20.45,2026-02-07 12:31:38
"Rainbow Revolutions: Power, Pride and Protest in the Fight for Queer Rights",2021-12-01,True,,Texas,0.0,1.11,0.0,100.0,0.0,0.0,inf,1.11,10.48,2026-02-07 12:31:51
Gender Issues (Living with a Special Need),2021-12-01,True,,Texas,0.0,0.0,0.0,0.0,0.0,0.0,0.0,0.0,0.0,2026-02-07 12:32:04
My Mixed-Up Berry Blue Summer,2021-12-01,True,,Texas,0.0,0.0,0.0,0.0,0.0,0.0,0.0,0.0,0.0,2026-02-07 12:32:17
Teens and Gender Dysphoria,2021-12-01,True,,Texas,1.11,0.0,100.0,0.0,0.0,0.0,-100.0,-1.11,10.48,2026-02-07 12:32:30
In the Dream House,2021-12-01,True,,Texas,59.56,54.37,100.0,100.0,0.0,0.0,-8.71,-5.19,21.91,2026-02-07 12:32:44
None of the Above,2021-12-01,True,,Texas,50.22,36.23,100.0,100.0,0.0,0.0,-27.85,-13.99,23.04,2026-02-07 12:32:57
"Jess, Chunk, and the Road Trip to Infinity",2021-12-01,True,,Texas,1.11,0.0,100.0,0.0,0.0,0.0,-100.0,-1.11,10.48,2026-02-07 12:33:10
Finding Community,2021-12-01,True,,Texas,3.98,11.31,100.0,100.0,0.0,0.0,184.36,7.33,23.4,2026-02-07 12:33:23
We Now Return to Regular Life,2021-12-01,True,,Texas,0.0,0.0,0.0,0.0,0.0,0.0,0.0,0.0,0.0,2026-02-07 12:33:37
Willful Machines,2021-12-01,True,,Texas,0.0,1.11,0.0,100.0,0.0,0.0,inf,1.11,10.48,2026-02-07 12:33:50
Masked,2021-12-01,True,,Texas,22.13,10.42,100.0,100.0,7.0,4.0,-52.91,-11.71,16.8,2026-02-07 12:34:03
The Whispers,2021-12-01,True,,Texas,67.14,63.69,100.0,100.0,28.0,41.0,-5.15,-3.46,13.21,2026-02-07 12:34:17
Striving for Equality: LGBTQ Athletes Claim the Field,2021-12-01,True,,Texas,0.0,0.0,0.0,0.0,0.0,0.0,0.0,0.0,0.0,2026-02-07 12:34:30
Late to the Party,2021-12-01,True,,Texas,29.79,32.72,100.0,100.0,0.0,0.0,9.85,2.93,31.07,2026-02-07 12:34:43
The Nerdy and the Dirty,2021-12-01,True,,Texas,0.0,0.0,0.0,0.0,0.0,0.0,0.0,0.0,0.0,2026-02-07 12:34:56
The Upside of Unrequited (Simonverse Series),2021-12-01,True,,Texas,0.0,1.11,0.0,100.0,0.0,0.0,inf,1.11,10.48,2026-02-07 12:35:09
The LGBT Community,2021-12-01,True,,Texas,0.0,3.88,0.0,100.0,0.0,0.0,inf,3.88,18.1,2026-02-07 12:35:22
We the Students: Supreme Court Cases for and about Students,2021-12-01,True,,Texas,0.0,0.0,0.0,0.0,0.0,0.0,0.0,0.0,0.0,2026-02-07 12:35:36
Stained,2021-12-01,True,,Texas,83.36,77.79,100.0,100.0,72.0,58.0,-6.68,-5.57,8.42,2026-02-07 12:35:49
Kissing Kate,2021-12-01,True,,Texas,1.11,1.11,100.0,100.0,0.0,0.0,0.0,0.0,10.48,2026-02-07 12:36:02
A Guy's Guide to Sexuality and Sexual Identity in the 21st Century,2021-12-01,True,,Texas,0.0,0.0,0.0,0.0,0.0,0.0,0.0,0.0,0.0,2026-02-07 12:36:15
Ash,2021-12-01,True,,Texas,75.17,27.34,100.0,100.0,66.0,19.0,-63.62,-47.82,25.52,2026-02-07 12:36:29
Scars,2021-12-01,True,,Texas,84.96,81.8,100.0,100.0,66.0,65.0,-3.71,-3.16,7.59,2026-02-07 12:36:42
So Hard to Say,2021-12-01,True,,Texas,24.37,26.59,100.0,100.0,0.0,0.0,9.12,2.22,28.48,2026-02-07 12:36:55
Will,2021-12-01,True,,Texas,82.33,73.59,100.0,100.0,69.0,60.0,-10.62,-8.74,8.1,2026-02-07 12:37:09
Hurricane Child,2021-12-01,True,,Texas,1.82,0.0,100.0,0.0,0.0,0.0,-100.0,-1.82,12.38,2026-02-07 12:37:22
Girl Crushed,2021-12-01,True,,Texas,1.11,0.0,100.0,0.0,0.0,0.0,-100.0,-1.11,10.48,2026-02-07 12:37:35
Crush,2021-12-01,True,,Texas,76.88,76.3,100.0,100.0,66.0,61.0,-0.75,-0.58,6.33,2026-02-07 12:38:14
Beast,2021-12-01,True,,Texas,74.91,78.07,100.0,100.0,63.0,60.0,4.21,3.16,9.45,2026-02-07 12:38:49
Out of Darkness,2021-12-01,True,,Wisconsin,13.48,45.17,100.0,100.0,0.0,0.0,235.12,31.69,27.41,2026-02-07 12:39:02
Almost Perfect,2021-12-01,True,,Texas,9.4,15.99,100.0,100.0,0.0,0.0,70.09,6.59,28.01,2026-02-07 12:39:15
This Book Is Gay,2021-12-01,True,,Wisconsin,1.89,0.0,100.0,0.0,0.0,0.0,-100.0,-1.89,12.73,2026-02-07 12:39:28
The Underground Girls of Kabul: in Search of a Hidden Resistance in Afghanistan,2021-12-01,True,,Texas,1.11,0.0,100.0,0.0,0.0,0.0,-100.0,-1.11,10.48,2026-02-07 12:39:41
"Two Parties, One Tux, and a Very Short Film about The Grapes of Wrath",2021-12-01,True,,Texas,0.0,0.0,0.0,0.0,0.0,0.0,0.0,0.0,0.0,2026-02-07 12:39:54
They Called Themselves The K.K.K.: The Birth of an American Terrorist Group,2021-12-01,True,,Texas,0.0,0.0,0.0,0.0,0.0,0.0,0.0,0.0,0.0,2026-02-07 12:40:08
Another Kind of Cowboy,2021-12-01,True,,Texas,0.0,0.0,0.0,0.0,0.0,0.0,0.0,0.0,0.0,2026-02-07 12:40:21
Freak Show,2021-12-01,True,,Texas,65.61,61.34,100.0,100.0,28.0,36.0,-6.5,-4.27,14.96,2026-02-07 12:40:34
The Fight (Surviving Southside Series),2021-12-01,True,,Texas,0.0,1.11,0.0,100.0,0.0,0.0,inf,1.11,10.48,2026-02-07 12:40:47
The Other Boy,2021-12-01,True,,Texas,52.89,54.44,100.0,100.0,0.0,0.0,2.94,1.56,24.09,2026-02-07 12:41:01
The Test (Bluford High Series),2021-12-01,True,,Texas,0.0,0.0,0.0,0.0,0.0,0.0,0.0,0.0,0.0,2026-02-07 12:41:14
Best Best Colors: Los mejores colores,2021-12-01,True,,Texas,0.0,1.11,0.0,100.0,0.0,0.0,inf,1.11,10.48,2026-02-07 12:41:27
What They Always Tell Us,2021-12-01,True,,Texas,1.11,2.16,100.0,100.0,0.0,0.0,94.0,1.04,12.55,2026-02-07 12:41:40
Understanding Gender,2021-12-01,True,,Texas,7.28,13.97,100.0,100.0,0.0,0.0,91.91,6.69,27.49,2026-02-07 12:41:53
The Opposite of Innocent,2021-12-01,True,,Wisconsin,0.0,1.11,0.0,100.0,0.0,0.0,inf,1.11,10.48,2026-02-07 12:42:06
Lizard Radio,2021-12-01,True,,Texas,0.0,0.0,0.0,0.0,0.0,0.0,0.0,0.0,0.0,2026-02-07 12:42:19
Jane Against the World: Roe v. Wade and the Fight for Reproductive Rights,2021-12-01,True,,Texas,0.0,0.0,0.0,0.0,0.0,0.0,0.0,0.0,0.0,2026-02-07 12:42:33
Her Royal Highness,2021-12-01,True,,Texas,2.19,0.0,100.0,0.0,0.0,0.0,-100.0,-2.19,14.52,2026-02-07 12:42:46
Unpregnant,2021-12-01,True,,Texas,3.27,5.3,100.0,100.0,0.0,0.0,62.24,2.03,16.26,2026-02-07 12:42:59
An African American and Latinx History of the United States,2021-12-01,True,,Texas,0.0,0.0,0.0,0.0,0.0,0.0,0.0,0.0,0.0,2026-02-07 12:43:12
See You at Harry's,2021-12-01,True,,Texas,0.0,0.0,0.0,0.0,0.0,0.0,0.0,0.0,0.0,2026-02-07 12:43:26
The Vast Fields of Ordinary,2021-12-01,True,,Texas,0.0,0.0,0.0,0.0,0.0,0.0,0.0,0.0,0.0,2026-02-07 12:43:39
Death Wind,2021-12-01,True,,Texas,13.6,26.1,100.0,100.0,0.0,0.0,91.91,12.5,30.07,2026-02-07 12:43:52
"l8r, g8r",2021-12-01,True,,Wisconsin,1.11,0.0,100.0,0.0,0.0,0.0,-100.0,-1.11,10.48,2026-02-07 12:44:05
Everything You Love Will Burn: Inside the Rebirth of White Nationalism in America,2021-12-01,True,,Texas,0.0,0.0,0.0,0.0,0.0,0.0,0.0,0.0,0.0,2026-02-07 12:44:18
This Book Is Gay,2021-12-01,True,,Texas,1.89,0.0,100.0,0.0,0.0,0.0,-100.0,-1.89,12.73,2026-02-07 12:44:31
Iron Heart (Crier's War Series),2022-02-01,True,,Tennessee,0.0,1.88,0.0,100.0,0.0,0.0,inf,1.88,12.67,2026-02-07 12:44:44
Trans Mission: My Quest to a Beard,2022-02-01,True,,Tennessee,1.11,0.0,100.0,0.0,0.0,0.0,-100.0,-1.11,10.48,2026-02-07 12:44:58
Love & Other Carnivorous Plants,2022-02-01,True,,Tennessee,0.0,0.0,0.0,0.0,0.0,0.0,0.0,0.0,0.0,2026-02-07 12:45:11
All the Invisible Things,2022-02-01,True,,Tennessee,0.0,2.07,0.0,100.0,0.0,0.0,inf,2.07,13.75,2026-02-07 12:45:24
Aristotle and Dante Dive into the Waters of the World (Aristotle and Dante Series),2022-02-01,True,,Tennessee,1.71,0.0,100.0,0.0,0.0,0.0,-100.0,-1.71,11.86,2026-02-07 12:45:37
The Coldest Touch,2022-02-01,True,,Tennessee,0.0,0.0,0.0,0.0,0.0,0.0,0.0,0.0,0.0,2026-02-07 12:45:50
Indivisible,2022-02-01,True,,Tennessee,36.3,67.34,100.0,100.0,0.0,0.0,85.52,31.04,25.24,2026-02-07 12:46:03
Afterworlds (Afterworlds Series),2022-02-01,True,,Tennessee,1.83,0.0,100.0,0.0,0.0,0.0,-100.0,-1.83,12.44,2026-02-07 12:46:16
Heartstopper: Volume Two (Heartstopper Series),2022-02-01,True,,Tennessee,2.19,0.0,100.0,0.0,0.0,0.0,-100.0,-2.19,14.52,2026-02-07 12:46:29
Anger Is a Gift,2022-02-01,True,,Tennessee,0.0,0.0,0.0,0.0,0.0,0.0,0.0,0.0,0.0,2026-02-07 12:46:42
Here the Whole Time,2022-02-01,True,,Tennessee,1.11,2.18,100.0,100.0,0.0,0.0,96.0,1.07,12.63,2026-02-07 12:46:55
When You Get the Chance,2022-02-01,True,,Tennessee,7.54,18.23,100.0,100.0,0.0,0.0,141.68,10.69,26.07,2026-02-07 12:47:08
The Fever King (Feverwake Series),2022-02-01,True,,Tennessee,0.0,0.0,0.0,0.0,0.0,0.0,0.0,0.0,0.0,2026-02-07 12:47:21
The Poet X,2022-02-01,True,,New York,4.37,16.87,100.0,100.0,0.0,0.0,286.26,12.5,23.71,2026-02-07 12:47:34
Any Way the Wind Blows (Simon Snow Series),2022-02-01,True,,Tennessee,1.11,0.0,100.0,0.0,0.0,0.0,-100.0,-1.11,10.48,2026-02-07 12:47:48
Jay's Gay Agenda,2022-02-01,True,,Tennessee,0.0,0.0,0.0,0.0,0.0,0.0,0.0,0.0,0.0,2026-02-07 12:48:00
Summer in the City of Roses,2022-02-01,True,,Tennessee,0.0,0.0,0.0,0.0,0.0,0.0,0.0,0.0,0.0,2026-02-07 12:48:14
This Book Is Gay,2022-02-01,True,,Tennessee,0.0,0.0,0.0,0.0,0.0,0.0,0.0,0.0,0.0,2026-02-07 12:48:27
"Real Live Boyfriends: Yes. Boyfriends, Plural. If My Life Weren't Complicated, I Wouldn't Be Ruby Oliver",2022-02-01,False,The request failed: Google returned a response with code 400,Florida,,,,,,,,,,
Jack,2022-02-01,True,,Tennessee,69.09,70.97,100.0,100.0,53.0,57.0,2.72,1.88,8.86,2026-02-07 12:48:49
The Sky Blues,2022-02-01,True,,Tennessee,0.0,3.16,0.0,100.0,0.0,0.0,inf,3.16,17.01,2026-02-07 12:49:02
White Rabbit,2022-02-01,True,,Tennessee,60.61,62.91,100.0,100.0,36.0,39.0,3.79,2.3,11.84,2026-02-07 12:49:15
19 Love Songs,2022-02-01,True,,Tennessee,1.11,0.0,100.0,0.0,0.0,0.0,-100.0,-1.11,10.48,2026-02-07 12:49:29
The Watcher's Test (Deadendia Series),2022-02-01,True,,Tennessee,0.0,0.0,0.0,0.0,0.0,0.0,0.0,0.0,0.0,2026-02-07 12:49:42
"The Legend of Korra: Turf Wars, Part One",2022-02-01,True,,Tennessee,1.11,0.0,100.0,0.0,0.0,0.0,-100.0,-1.11,10.48,2026-02-07 12:49:56
These Witches Don't Burn (These Witches Don't Burn Series),2022-02-01,True,,Tennessee,0.0,1.11,0.0,100.0,0.0,0.0,inf,1.11,10.48,2026-02-07 12:50:09
Always Human (Always Human Series),2022-02-01,True,,Tennessee,0.0,0.0,0.0,0.0,0.0,0.0,0.0,0.0,0.0,2026-02-07 12:50:22
Fragile Remedy,2022-02-01,True,,Tennessee,0.0,0.0,0.0,0.0,0.0,0.0,0.0,0.0,0.0,2026-02-07 12:50:35
"No Way, They Were Gay?: Hidden Lives and Secret Loves",2022-02-01,True,,Tennessee,0.0,0.0,0.0,0.0,0.0,0.0,0.0,0.0,0.0,2026-02-07 12:50:48
Being Transgender: What You Should Know,2022-02-01,True,,Tennessee,0.0,0.0,0.0,0.0,0.0,0.0,0.0,0.0,0.0,2026-02-07 12:51:02
My Whole Truth,2022-02-01,True,,Tennessee,1.11,1.11,100.0,100.0,0.0,0.0,0.0,0.0,10.48,2026-02-07 12:51:15
The Will of the Empress (The Circle Reforged Series),2022-02-01,True,,Tennessee,0.0,0.0,0.0,0.0,0.0,0.0,0.0,0.0,0.0,2026-02-07 12:51:28
Baby & Solo,2022-02-01,True,,Tennessee,0.0,0.0,0.0,0.0,0.0,0.0,0.0,0.0,0.0,2026-02-07 12:51:42
Be Dazzled,2022-02-01,True,,Tennessee,2.19,1.11,100.0,100.0,0.0,0.0,-49.24,-1.08,12.68,2026-02-07 12:51:55
To All the Boys I've Loved Before (To All the Boys I've Loved Before Series),2022-02-01,True,,Texas,0.0,0.0,0.0,0.0,0.0,0.0,0.0,0.0,0.0,2026-02-07 12:52:08
Amelia Westlake Was Never Here,2022-02-01,True,,Tennessee,0.0,1.11,0.0,100.0,0.0,0.0,inf,1.11,10.48,2026-02-07 12:52:21
Rebel Girl Revolution (Fat Angie Series),2022-02-01,True,,Tennessee,0.0,1.11,0.0,100.0,0.0,0.0,inf,1.11,10.48,2026-02-07 12:52:35
The Great American Whatever,2022-02-01,True,,Tennessee,1.11,0.0,100.0,0.0,0.0,0.0,-100.0,-1.11,10.48,2026-02-07 12:52:48
Gearbreakers (Gearbreakers Series),2022-02-01,True,,Tennessee,0.0,0.0,0.0,0.0,0.0,0.0,0.0,0.0,0.0,2026-02-07 12:53:01
The Hammer of Thor (Magnus Chase and the Gods of Asgard Series),2022-02-01,True,,Tennessee,2.03,0.0,100.0,0.0,0.0,0.0,-100.0,-2.03,13.55,2026-02-07 12:53:14
"Blue Flag, Vol. 5 (Blue Flag Series)",2022-02-01,True,,Tennessee,0.0,0.0,0.0,0.0,0.0,0.0,0.0,0.0,0.0,2026-02-07 12:53:27
This Book Is Gay,2022-02-01,True,,Idaho,0.0,0.0,0.0,0.0,0.0,0.0,0.0,0.0,0.0,2026-02-07 12:53:40
The Year Shakespeare Ruined My Life,2022-02-01,True,,Tennessee,0.0,0.0,0.0,0.0,0.0,0.0,0.0,0.0,0.0,2026-02-07 12:53:54
On a Sunbeam (On a Sunbeam Series),2022-02-01,True,,Tennessee,0.0,1.11,0.0,100.0,0.0,0.0,inf,1.11,10.48,2026-02-07 12:54:06
Out Now: Queer We Go Again!,2022-02-01,True,,Tennessee,0.0,0.0,0.0,0.0,0.0,0.0,0.0,0.0,0.0,2026-02-07 12:54:20
Things We Couldn't Say,2022-02-01,True,,Tennessee,0.0,1.11,0.0,100.0,0.0,0.0,inf,1.11,10.48,2026-02-07 12:54:33
Sword in the Stars (Once & Future Series),2022-02-01,True,,Tennessee,0.0,1.11,0.0,100.0,0.0,0.0,inf,1.11,10.48,2026-02-07 12:54:46
Blankets,2022-02-01,True,,Missouri,57.77,67.7,100.0,100.0,32.0,53.0,17.2,9.93,12.6,2026-02-07 12:55:00
Beyond the Gender Binary,2022-02-01,True,,Tennessee,1.11,0.0,100.0,0.0,0.0,0.0,-100.0,-1.11,10.48,2026-02-07 12:55:13
"The Legend of Korra: Turf Wars, Part Three",2022-02-01,True,,Tennessee,1.11,0.0,100.0,0.0,0.0,0.0,-100.0,-1.11,10.48,2026-02-07 12:55:26
What We Devour,2022-02-01,True,,Tennessee,0.0,1.11,0.0,100.0,0.0,0.0,inf,1.11,10.48,2026-02-07 12:55:39
Lawn Boy,2022-02-01,True,,Texas,24.16,48.79,100.0,100.0,0.0,0.0,101.98,24.63,24.55,2026-02-07 12:55:52
The Henna Wars,2022-02-01,True,,Tennessee,2.14,0.0,100.0,0.0,0.0,0.0,-100.0,-2.14,14.23,2026-02-07 12:56:05
The Dark Prophecy (The Trials of Apollo Series),2022-02-01,True,,Tennessee,1.11,0.0,100.0,0.0,0.0,0.0,-100.0,-1.11,10.48,2026-02-07 12:56:20
Gender Issues and Sexuality: Essential Primary Sources,2022-02-01,True,,Tennessee,1.11,0.0,100.0,0.0,0.0,0.0,-100.0,-1.11,10.48,2026-02-07 12:56:33
Echo After Echo,2022-02-01,True,,Tennessee,13.38,34.67,100.0,100.0,0.0,0.0,159.14,21.29,31.93,2026-02-07 12:56:47
Girl Made of Stars,2022-02-01,True,,Tennessee,1.11,0.0,100.0,0.0,0.0,0.0,-100.0,-1.11,10.48,2026-02-07 12:57:00
I'll Give You the Sun,2022-02-01,True,,Tennessee,2.5,2.14,100.0,100.0,0.0,0.0,-14.22,-0.36,14.05,2026-02-07 12:57:13
Crown of Feathers (Crown of Feathers Series),2022-02-01,True,,Tennessee,0.0,0.0,0.0,0.0,0.0,0.0,0.0,0.0,0.0,2026-02-07 12:57:26
Cinderella Is Dead,2022-02-01,True,,Tennessee,0.0,2.54,0.0,100.0,0.0,0.0,inf,2.54,14.11,2026-02-07 12:57:39
The Girls Are Never Gone,2022-02-01,True,,Tennessee,0.0,0.0,0.0,0.0,0.0,0.0,0.0,0.0,0.0,2026-02-07 12:57:52
Sasha Masha,2022-02-01,True,,Tennessee,0.0,1.11,0.0,100.0,0.0,0.0,inf,1.11,10.48,2026-02-07 12:58:05
It Goes Like This,2022-02-01,True,,Tennessee,18.82,43.56,100.0,100.0,0.0,0.0,131.4,24.73,33.21,2026-02-07 12:58:19
Saints of Augustine,2022-02-01,True,,Tennessee,0.0,1.11,0.0,100.0,0.0,0.0,inf,1.11,10.48,2026-02-07 12:58:32
Living Proud! Coming Out and Seeking Support (Living Proud! Growing Up Lgbtq),2022-02-01,True,,Tennessee,0.0,0.0,0.0,0.0,0.0,0.0,0.0,0.0,0.0,2026-02-07 12:58:45
The Pull of the Stars,2022-02-01,True,,Tennessee,0.0,5.27,0.0,100.0,0.0,0.0,inf,5.27,19.97,2026-02-07 12:58:58
"Nonbinary Gender Identities: History, Culture, Resources",2022-02-01,True,,Tennessee,0.0,0.0,0.0,0.0,0.0,0.0,0.0,0.0,0.0,2026-02-07 12:59:11
The Stars and the Blackness Between Them,2022-02-01,True,,Tennessee,1.11,1.11,100.0,100.0,0.0,0.0,0.0,0.0,10.48,2026-02-07 12:59:25
Homecoming (Fat Angie Series),2022-02-01,True,,Tennessee,0.0,0.0,0.0,0.0,0.0,0.0,0.0,0.0,0.0,2026-02-07 12:59:38
"RIPPED-APART Understanding, Coping and Living with Gender Dysphoria",2022-02-01,True,,Tennessee,0.0,0.0,0.0,0.0,0.0,0.0,0.0,0.0,0.0,2026-02-07 12:59:51
Ramona Blue,2022-02-01,True,,Tennessee,0.0,1.11,0.0,100.0,0.0,0.0,inf,1.11,10.48,2026-02-07 13:00:04
Once & Future,2022-02-01,True,,Tennessee,1.11,1.11,100.0,100.0,0.0,0.0,0.0,0.0,10.48,2026-02-07 13:00:17
Cemetery Boys,2022-02-01,True,,Tennessee,0.0,2.6,0.0,100.0,0.0,0.0,inf,2.6,14.31,2026-02-07 13:00:30
I'll Be the One,2022-02-01,True,,Tennessee,22.36,56.48,100.0,100.0,0.0,0.0,152.63,34.12,35.46,2026-02-07 13:00:43
Bloom,2022-02-01,True,,Tennessee,77.08,71.07,100.0,100.0,62.0,51.0,-7.8,-6.01,9.69,2026-02-07 13:00:57
Golden Boy,2022-02-01,True,,Tennessee,49.11,52.36,100.0,100.0,27.0,36.0,6.61,3.24,11.12,2026-02-07 13:01:10
Lair of Dreams (The Diviners Series),2022-02-01,True,,Tennessee,0.0,0.0,0.0,0.0,0.0,0.0,0.0,0.0,0.0,2026-02-07 13:01:23
Sister Mischief,2022-02-01,True,,Tennessee,0.0,0.0,0.0,0.0,0.0,0.0,0.0,0.0,0.0,2026-02-07 13:01:36
Pulp,2022-02-01,True,,Tennessee,73.38,53.06,100.0,100.0,59.0,41.0,-27.7,-20.32,12.98,2026-02-07 13:01:50
Brave Face: A Memoir,2022-02-01,True,,Tennessee,0.0,0.0,0.0,0.0,0.0,0.0,0.0,0.0,0.0,2026-02-07 13:02:03
A Perfect Blank,2022-02-01,True,,Tennessee,1.11,0.0,100.0,0.0,0.0,0.0,-100.0,-1.11,10.48,2026-02-07 13:02:16
"Blue Flag, Vol. 1 (Blue Flag Series)",2022-02-01,True,,Tennessee,0.0,0.0,0.0,0.0,0.0,0.0,0.0,0.0,0.0,2026-02-07 13:02:29
The Perks of Being a Wallflower,2022-02-01,True,,Missouri,39.38,60.03,100.0,100.0,24.0,32.0,52.45,20.66,16.83,2026-02-07 13:02:42
I Hope You're Listening,2022-02-01,True,,Tennessee,0.0,1.11,0.0,100.0,0.0,0.0,inf,1.11,10.48,2026-02-07 13:02:56
Black and White,2022-02-01,True,,New Jersey,79.28,80.56,100.0,100.0,64.0,60.0,1.61,1.28,7.59,2026-02-07 13:03:11
The (Un)Popular Vote,2022-02-01,True,,Tennessee,0.0,0.0,0.0,0.0,0.0,0.0,0.0,0.0,0.0,2026-02-07 13:03:24
A Lesson in Vengeance,2022-02-01,True,,Tennessee,0.0,0.0,0.0,0.0,0.0,0.0,0.0,0.0,0.0,2026-02-07 13:03:37
"Jane, Unlimited",2022-02-01,True,,Tennessee,0.0,0.0,0.0,0.0,0.0,0.0,0.0,0.0,0.0,2026-02-07 13:03:50
How It All Blew Up,2022-02-01,True,,Tennessee,0.0,0.0,0.0,0.0,0.0,0.0,0.0,0.0,0.0,2026-02-07 13:04:03
Girl Crushed,2022-02-01,True,,Tennessee,0.0,1.11,0.0,100.0,0.0,0.0,inf,1.11,10.48,2026-02-07 13:04:16
Kate in Waiting,2022-02-01,True,,Tennessee,0.0,0.0,0.0,0.0,0.0,0.0,0.0,0.0,0.0,2026-02-07 13:04:29
Far from the Tree: How Children and Their Parents Learn to Accept One Another . . . Our Differences Unite Us,2022-02-01,False,The request failed: Google returned a response with code 400,Tennessee,,,,,,,,,,
Labyrinth Lost (Brooklyn Brujas Series),2022-02-01,True,,Tennessee,0.0,0.0,0.0,0.0,0.0,0.0,0.0,0.0,0.0,2026-02-07 13:04:50
Tarnished Are the Stars,2022-02-01,True,,Tennessee,0.0,0.0,0.0,0.0,0.0,0.0,0.0,0.0,0.0,2026-02-07 13:05:04
Can't Take That Away,2022-02-01,True,,Tennessee,1.99,4.01,100.0,100.0,0.0,0.0,101.68,2.02,16.23,2026-02-07 13:05:17
The ABC's of LGBT+,2022-02-01,True,,Tennessee,0.0,0.0,0.0,0.0,0.0,0.0,0.0,0.0,0.0,2026-02-07 13:05:30
You Should See Me in a Crown,2022-02-01,True,,Tennessee,4.96,11.26,100.0,100.0,0.0,0.0,127.13,6.3,21.92,2026-02-07 13:05:43
The Falling in Love Montage,2022-02-01,True,,Tennessee,0.0,1.11,0.0,100.0,0.0,0.0,inf,1.11,10.48,2026-02-07 13:05:56
All Boys Aren't Blue,2022-02-01,True,,Tennessee,5.84,8.58,100.0,100.0,0.0,0.0,46.77,2.73,21.3,2026-02-07 13:06:09
Dark and Deepest Red,2022-02-01,True,,Tennessee,0.0,0.0,0.0,0.0,0.0,0.0,0.0,0.0,0.0,2026-02-07 13:06:22
The Bluest Eye,2022-02-01,True,,Missouri,19.53,46.57,100.0,100.0,0.0,0.0,138.4,27.03,24.4,2026-02-07 13:06:35
Leah on the Offbeat (Simonverse Series),2022-02-01,True,,Tennessee,0.0,1.11,0.0,100.0,0.0,0.0,inf,1.11,10.48,2026-02-07 13:06:48
Unbecoming,2022-02-01,True,,Tennessee,13.12,14.59,100.0,100.0,0.0,0.0,11.18,1.47,24.13,2026-02-07 13:07:01
The Magic Fish,2022-02-01,True,,Tennessee,1.11,4.18,100.0,100.0,0.0,0.0,276.0,3.07,15.69,2026-02-07 13:07:15
Beyond Magenta: Transgender Teens Speak Out,2022-02-01,True,,Georgia,0.0,1.11,0.0,100.0,0.0,0.0,inf,1.11,10.48,2026-02-07 13:07:28
May the Best Man Win,2022-02-01,True,,Tennessee,2.97,1.64,100.0,100.0,0.0,0.0,-44.57,-1.32,14.01,2026-02-07 13:07:42
The Bridge,2022-02-01,True,,Tennessee,56.06,72.59,100.0,100.0,44.0,58.0,29.49,16.53,11.36,2026-02-07 13:07:55
The Lucky List,2022-02-01,True,,Tennessee,3.01,1.11,100.0,100.0,0.0,0.0,-63.1,-1.9,13.73,2026-02-07 13:08:09
Elevation,2022-02-01,True,,Tennessee,71.06,76.38,100.0,100.0,55.0,61.0,7.49,5.32,8.95,2026-02-07 13:08:22
SELF-ish: A Transgender Awakening,2022-02-01,True,,Tennessee,1.11,0.0,100.0,0.0,0.0,0.0,-100.0,-1.11,10.48,2026-02-07 13:08:35
The Passing Playbook,2022-02-01,True,,Tennessee,0.0,0.0,0.0,0.0,0.0,0.0,0.0,0.0,0.0,2026-02-07 13:08:48
The Inexplicable Logic of My Life,2022-02-01,True,,Tennessee,0.0,0.0,0.0,0.0,0.0,0.0,0.0,0.0,0.0,2026-02-07 13:09:01
Perfect on Paper,2022-02-01,True,,Tennessee,0.0,3.96,0.0,100.0,0.0,0.0,inf,3.96,18.4,2026-02-07 13:09:15
Dear Martin,2022-02-01,True,,New York,15.76,38.98,100.0,100.0,0.0,0.0,147.39,23.22,28.08,2026-02-07 13:09:28
Little & Lion,2022-02-01,True,,Tennessee,2.06,0.0,100.0,0.0,0.0,0.0,-100.0,-2.06,13.68,2026-02-07 13:09:41
Speak No Evil,2022-02-01,True,,Tennessee,16.93,48.41,100.0,100.0,0.0,0.0,185.89,31.48,24.48,2026-02-07 13:09:54
They Both Die at the End,2022-02-01,True,,Tennessee,56.52,45.69,100.0,100.0,0.0,21.0,-19.17,-10.83,15.57,2026-02-07 13:10:08
The Porcupine of Truth,2022-02-01,True,,Tennessee,0.0,1.11,0.0,100.0,0.0,0.0,inf,1.11,10.48,2026-02-07 13:10:21
How to Be an Antiracist,2022-02-01,True,,Tennessee,2.09,4.77,100.0,100.0,0.0,0.0,128.19,2.68,15.68,2026-02-07 13:10:34
Heiress Apparently (Daughters of the Dynasty Series),2022-02-01,True,,Tennessee,0.0,0.0,0.0,0.0,0.0,0.0,0.0,0.0,0.0,2026-02-07 13:10:47
Girl on the Line,2022-02-01,True,,Tennessee,6.41,17.44,100.0,100.0,0.0,0.0,172.1,11.03,27.31,2026-02-07 13:11:00
The House You Pass on the Way,2022-02-01,True,,Tennessee,0.0,0.0,0.0,0.0,0.0,0.0,0.0,0.0,0.0,2026-02-07 13:11:14
Just Ash,2022-02-01,True,,Tennessee,0.0,3.84,0.0,100.0,0.0,0.0,inf,3.84,14.2,2026-02-07 13:11:27
The Summer of Jordi Perez,2022-02-01,True,,Tennessee,1.11,1.11,100.0,100.0,0.0,0.0,0.0,0.0,10.48,2026-02-07 13:11:40
The Music of What Happens,2022-02-01,True,,Tennessee,3.18,13.21,100.0,100.0,0.0,0.0,315.73,10.03,24.9,2026-02-07 13:11:53
The Gravity of Us (The Gravity of Us Series),2022-02-01,True,,Tennessee,0.0,1.93,0.0,100.0,0.0,0.0,inf,1.93,12.97,2026-02-07 13:12:06
In Deeper Waters,2022-02-01,True,,Tennessee,0.0,0.0,0.0,0.0,0.0,0.0,0.0,0.0,0.0,2026-02-07 13:12:19
My Heart Underwater,2022-02-01,True,,Tennessee,1.11,0.0,100.0,0.0,0.0,0.0,-100.0,-1.11,10.48,2026-02-07 13:12:33
Ask the Passengers,2022-02-01,True,,Tennessee,1.11,1.11,100.0,100.0,0.0,0.0,0.0,0.0,10.48,2026-02-07 13:12:46
Of Ice and Shadows (Of Fire and Stars Series),2022-02-01,True,,Tennessee,1.11,1.11,100.0,100.0,0.0,0.0,0.0,0.0,10.48,2026-02-07 13:12:59
The Hate U Give,2022-02-01,True,,Tennessee,46.61,23.07,100.0,100.0,19.0,10.0,-50.51,-23.54,17.18,2026-02-07 13:13:12
Summer Bird Blue,2022-02-01,True,,Tennessee,1.11,2.0,100.0,100.0,0.0,0.0,80.0,0.89,12.01,2026-02-07 13:13:26
10 Things I Can See from Here,2022-02-01,True,,Tennessee,0.0,1.11,0.0,100.0,0.0,0.0,inf,1.11,10.48,2026-02-07 13:13:39
When They Call You a Terrorist (Young Adult Edition): A Story of Black Lives Matter and the Power to Change the World,2022-02-01,False,The request failed: Google returned a response with code 400,Tennessee,,,,,,,,,,
We Set the Dark on Fire (We Set the Dark on Fire Series),2022-02-01,True,,Tennessee,0.0,0.0,0.0,0.0,0.0,0.0,0.0,0.0,0.0,2026-02-07 13:14:00
Her Royal Highness (Royals Series),2022-02-01,True,,Tennessee,1.11,0.0,100.0,0.0,0.0,0.0,-100.0,-1.11,10.48,2026-02-07 13:14:13
Gold Wings Rising (Skybound Series),2022-02-01,True,,Tennessee,0.0,0.0,0.0,0.0,0.0,0.0,0.0,0.0,0.0,2026-02-07 13:14:26
You Brought Me the Ocean,2022-02-01,True,,Tennessee,3.04,1.11,100.0,100.0,0.0,0.0,-63.5,-1.93,13.84,2026-02-07 13:14:40
What If It's Us (What If It's Us Series),2022-02-01,True,,Tennessee,0.0,0.0,0.0,0.0,0.0,0.0,0.0,0.0,0.0,2026-02-07 13:14:53
When We Were Magic,2022-02-01,True,,Tennessee,0.0,0.0,0.0,0.0,0.0,0.0,0.0,0.0,0.0,2026-02-07 13:15:06
A Quick & Easy Guide to They/Them Pronouns,2022-02-01,True,,Tennessee,2.04,0.0,100.0,0.0,0.0,0.0,-100.0,-2.04,13.61,2026-02-07 13:15:19
Encyclopedia of Sex & Gender: 4 Volume Set,2022-02-01,True,,Tennessee,0.0,1.11,0.0,100.0,0.0,0.0,inf,1.11,10.48,2026-02-07 13:15:32
The Tyrant’s Tomb (The Trials of Apollo Series),2022-02-01,True,,Tennessee,0.0,1.57,0.0,100.0,0.0,0.0,inf,1.57,11.28,2026-02-07 13:15:46
The Glass Castle,2022-02-01,True,,Missouri,56.63,55.18,100.0,100.0,0.0,19.0,-2.57,-1.46,19.9,2026-02-07 13:15:59
"Blue Flag, Vol. 3 (Blue Flag Series)",2022-02-01,True,,Tennessee,0.0,0.0,0.0,0.0,0.0,0.0,0.0,0.0,0.0,2026-02-07 13:16:12
The Perks of Being a Wallflower,2022-02-01,True,,Tennessee,38.84,59.3,100.0,100.0,22.0,30.0,52.66,20.46,16.9,2026-02-07 13:16:25
The Scapegracers (Scapegracers Series),2022-02-01,True,,Tennessee,0.0,0.0,0.0,0.0,0.0,0.0,0.0,0.0,0.0,2026-02-07 13:16:38
How Beautiful the Ordinary: Twelve Stories of Identity,2022-02-01,True,,Tennessee,0.0,0.0,0.0,0.0,0.0,0.0,0.0,0.0,0.0,2026-02-07 13:16:51
Fire Song,2022-02-01,True,,Tennessee,63.9,71.5,100.0,100.0,41.0,53.0,11.89,7.6,10.74,2026-02-07 13:17:05
Last Night at the Telegraph Club,2022-02-01,True,,Tennessee,4.23,6.27,100.0,100.0,0.0,0.0,48.03,2.03,19.91,2026-02-07 13:17:18
The Life and (Medieval) Times of Kit Sweetly,2022-02-01,True,,Tennessee,1.9,0.0,100.0,0.0,0.0,0.0,-100.0,-1.9,12.79,2026-02-07 13:17:31
Ship It,2022-02-01,True,,Tennessee,68.88,82.77,100.0,100.0,49.0,64.0,20.16,13.89,10.9,2026-02-07 13:17:44
Ember Queen (Ash Princess Trilogy Series),2022-02-01,True,,Tennessee,0.0,0.0,0.0,0.0,0.0,0.0,0.0,0.0,0.0,2026-02-07 13:17:57
Late to the Party,2022-02-01,True,,Tennessee,26.49,47.32,100.0,100.0,0.0,0.0,78.65,20.83,29.83,2026-02-07 13:18:11
All We Can Do Is Wait,2022-02-01,True,,Tennessee,0.0,1.11,0.0,100.0,0.0,0.0,inf,1.11,10.48,2026-02-07 13:18:24
Act Cool,2022-02-01,True,,Tennessee,7.03,24.49,100.0,100.0,0.0,0.0,248.18,17.46,27.96,2026-02-07 13:18:37
Dragonwings,2022-02-01,True,,Tennessee,1.88,4.1,100.0,100.0,0.0,0.0,118.34,2.22,14.56,2026-02-07 13:18:50
How to Make a Wish,2022-02-01,True,,Tennessee,41.52,46.03,100.0,100.0,0.0,0.0,10.86,4.51,25.65,2026-02-07 13:19:03
Carry On (Simon Snow Series),2022-02-01,True,,Tennessee,0.0,0.0,0.0,0.0,0.0,0.0,0.0,0.0,0.0,2026-02-07 13:19:16
Night Shine (Night Shine Series),2022-02-01,True,,Tennessee,0.0,1.11,0.0,100.0,0.0,0.0,inf,1.11,10.48,2026-02-07 13:19:29
Between Perfect and Real,2022-02-01,True,,Tennessee,0.0,1.94,0.0,100.0,0.0,0.0,inf,1.94,13.03,2026-02-07 13:19:42
A Better Bad Idea,2022-02-01,True,,Tennessee,0.0,1.98,0.0,100.0,0.0,0.0,inf,1.98,13.22,2026-02-07 13:19:55
I'm a Wild Seed: My Graphic Memoir on Queerness and Decolonizing the World,2022-02-01,True,,Tennessee,0.0,0.0,0.0,0.0,0.0,0.0,0.0,0.0,0.0,2026-02-07 13:20:08
"Blue Flag, Vol. 4 (Blue Flag Series)",2022-02-01,True,,Tennessee,0.0,0.0,0.0,0.0,0.0,0.0,0.0,0.0,0.0,2026-02-07 13:20:21
Flamer,2022-02-01,True,,Texas,9.58,19.48,100.0,100.0,0.0,0.0,103.36,9.9,28.16,2026-02-07 13:20:34
The Upside of Unrequited (Simonverse Series),2022-02-01,True,,Tennessee,1.11,0.0,100.0,0.0,0.0,0.0,-100.0,-1.11,10.48,2026-02-07 13:20:47
The City Beautiful,2022-02-01,True,,Tennessee,41.49,56.84,100.0,100.0,0.0,0.0,37.01,15.36,30.76,2026-02-07 13:21:00
"Trans+: Love, Sex, Romance, and Being You",2022-02-01,True,,Tennessee,73.37,59.16,100.0,100.0,59.0,44.0,-19.37,-14.21,10.51,2026-02-07 13:21:14
The Hidden Oracle (The Trials of Apollo Series),2022-02-01,True,,Tennessee,0.0,1.11,0.0,100.0,0.0,0.0,inf,1.11,10.48,2026-02-07 13:21:27
Heartstopper: Volume Three (Heartstopper Series),2022-02-01,True,,Tennessee,0.0,0.0,0.0,0.0,0.0,0.0,0.0,0.0,0.0,2026-02-07 13:21:41
The Dangerous Art of Blending In,2022-02-01,True,,Tennessee,1.11,0.0,100.0,0.0,0.0,0.0,-100.0,-1.11,10.48,2026-02-07 13:21:54
Aesop Lake,2022-02-01,True,,Tennessee,2.17,1.11,100.0,100.0,0.0,0.0,-48.72,-1.06,12.59,2026-02-07 13:22:07
If We Were Us,2022-02-01,True,,Tennessee,24.41,44.26,100.0,100.0,0.0,0.0,81.29,19.84,24.87,2026-02-07 13:22:20
That Inevitable Victorian Thing,2022-02-01,True,,Tennessee,1.11,0.0,100.0,0.0,0.0,0.0,-100.0,-1.11,10.48,2026-02-07 13:22:33
Darius the Great Deserves Better (Darius the Great Series),2022-02-01,True,,Tennessee,0.0,1.11,0.0,100.0,0.0,0.0,inf,1.11,10.48,2026-02-07 13:22:46
The Black Flamingo,2022-02-01,True,,Tennessee,1.99,0.0,100.0,0.0,0.0,0.0,-100.0,-1.99,13.29,2026-02-07 13:22:59
"Date Me, Bryson Keller",2022-02-01,True,,Tennessee,0.0,0.0,0.0,0.0,0.0,0.0,0.0,0.0,0.0,2026-02-07 13:23:13
Influence,2022-02-01,True,,Tennessee,45.29,67.31,100.0,100.0,13.0,36.0,48.63,22.02,21.15,2026-02-07 13:23:26
The Summer of Everything,2022-02-01,True,,Tennessee,0.0,1.11,0.0,100.0,0.0,0.0,inf,1.11,10.48,2026-02-07 13:23:39
The Red Scrolls of Magic (The Eldest Curses Series),2022-02-01,True,,Tennessee,1.11,0.0,100.0,0.0,0.0,0.0,-100.0,-1.11,10.48,2026-02-07 13:23:53
The Pride Guide: A Guide to Sexual and Social Health for LGBTQ Youth,2022-02-01,True,,Tennessee,0.0,1.11,0.0,100.0,0.0,0.0,inf,1.11,10.48,2026-02-07 13:24:06
Verona Comics,2022-02-01,True,,Tennessee,0.0,0.0,0.0,0.0,0.0,0.0,0.0,0.0,0.0,2026-02-07 13:24:19
The New Queer Conscience,2022-02-01,True,,Tennessee,0.0,0.0,0.0,0.0,0.0,0.0,0.0,0.0,0.0,2026-02-07 13:24:32
Teaching When the World Is on Fire,2022-02-01,True,,Tennessee,1.11,1.11,100.0,100.0,0.0,0.0,0.0,0.0,10.48,2026-02-07 13:24:46
Queer: The Ultimate LGBTQ Guide for Teens,2022-02-01,True,,Tennessee,0.0,1.11,0.0,100.0,0.0,0.0,inf,1.11,10.48,2026-02-07 13:24:59
Geography Club (Russel Middlebrook Series),2022-02-01,True,,Tennessee,0.0,0.0,0.0,0.0,0.0,0.0,0.0,0.0,0.0,2026-02-07 13:25:12
Crier's War (Crier's War Series),2022-02-01,True,,Tennessee,2.08,0.0,100.0,0.0,0.0,0.0,-100.0,-2.08,13.82,2026-02-07 13:25:25
Here's to Us,2022-02-01,True,,Tennessee,6.64,10.6,100.0,100.0,0.0,0.0,59.53,3.96,23.84,2026-02-07 13:25:38
The Weight of the Stars,2022-02-01,True,,Tennessee,3.26,3.92,100.0,100.0,0.0,0.0,20.48,0.67,17.92,2026-02-07 13:25:52
The Witch King (The Witch King Series),2022-02-01,True,,Tennessee,0.0,1.11,0.0,100.0,0.0,0.0,inf,1.11,10.48,2026-02-07 13:26:05
Being Jazz: My Life as a (Transgender) Teen,2022-02-01,True,,Tennessee,1.11,0.0,100.0,0.0,0.0,0.0,-100.0,-1.11,10.48,2026-02-07 13:26:18
The Burning Maze (The Trials of Apollo Series),2022-02-01,True,,Tennessee,0.0,0.0,0.0,0.0,0.0,0.0,0.0,0.0,0.0,2026-02-07 13:26:31
Simon vs. the Homo Sapiens Agenda (Simonverse Series),2022-02-01,True,,Tennessee,0.0,0.0,0.0,0.0,0.0,0.0,0.0,0.0,0.0,2026-02-07 13:26:44
Gideon the Ninth (The Locked Tomb Series),2022-02-01,True,,Tennessee,0.0,0.0,0.0,0.0,0.0,0.0,0.0,0.0,0.0,2026-02-07 13:26:58
Follow Your Arrow,2022-02-01,True,,Tennessee,1.11,4.61,100.0,100.0,0.0,0.0,315.0,3.5,15.52,2026-02-07 13:27:11
"Stamped: Racism, Antiracism, and You",2022-02-01,True,,Tennessee,1.11,1.11,100.0,100.0,0.0,0.0,0.0,0.0,10.48,2026-02-07 13:27:24
Sister Outsider: Essays and Speeches,2022-02-01,True,,Tennessee,1.11,1.11,100.0,100.0,0.0,0.0,0.0,0.0,10.48,2026-02-07 13:27:37
Bingo Love #1,2022-02-01,True,,Tennessee,0.0,0.0,0.0,0.0,0.0,0.0,0.0,0.0,0.0,2026-02-07 13:27:50
The Bride Was a Boy,2022-02-01,True,,Tennessee,0.0,1.11,0.0,100.0,0.0,0.0,inf,1.11,10.48,2026-02-07 13:28:03
The Book of Essie,2022-02-01,True,,Tennessee,1.11,1.11,100.0,100.0,0.0,0.0,0.0,0.0,10.48,2026-02-07 13:28:17
Birthday,2022-02-01,True,,Tennessee,61.73,67.04,100.0,100.0,45.0,56.0,8.6,5.31,8.56,2026-02-07 13:28:30
I am Jazz,2022-02-01,True,,Georgia,32.07,12.33,100.0,100.0,7.0,0.0,-61.54,-19.73,18.32,2026-02-07 13:28:43
"Allies: Real Talk About Showing Up, Screwing Up, And Trying Again",2022-02-01,True,,Tennessee,1.11,0.0,100.0,0.0,0.0,0.0,-100.0,-1.11,10.48,2026-02-07 13:28:56
I Kissed Alice,2022-02-01,True,,Tennessee,0.0,1.11,0.0,100.0,0.0,0.0,inf,1.11,10.48,2026-02-07 13:29:09
Pride: Celebrating Diversity & Community,2022-02-01,True,,Tennessee,0.0,0.0,0.0,0.0,0.0,0.0,0.0,0.0,0.0,2026-02-07 13:29:22
Sometime After Midnight,2022-02-01,True,,Tennessee,0.0,0.0,0.0,0.0,0.0,0.0,0.0,0.0,0.0,2026-02-07 13:29:35
A Complicated Love Story Set in Space,2022-02-01,True,,Tennessee,0.0,1.11,0.0,100.0,0.0,0.0,inf,1.11,10.48,2026-02-07 13:29:48
Beloved,2022-02-01,True,,Texas,62.48,70.64,100.0,100.0,30.0,57.0,13.07,8.17,13.21,2026-02-07 13:30:02
As I Descended,2022-02-01,True,,Tennessee,0.0,0.0,0.0,0.0,0.0,0.0,0.0,0.0,0.0,2026-02-07 13:30:14
The Marvelous,2022-02-01,True,,Tennessee,55.33,26.67,100.0,100.0,27.0,9.0,-51.81,-28.67,22.51,2026-02-07 13:30:28
No Ashes in the Fire: Coming of Age Black and Free in America,2022-02-01,True,,Tennessee,0.0,0.0,0.0,0.0,0.0,0.0,0.0,0.0,0.0,2026-02-07 13:30:41
"Blue Flag, Vol. 6 (Blue Flag Series)",2022-02-01,True,,Tennessee,0.0,0.0,0.0,0.0,0.0,0.0,0.0,0.0,0.0,2026-02-07 13:30:54
"Kings, Queens, and In-Betweens",2022-02-01,True,,Tennessee,1.11,0.0,100.0,0.0,0.0,0.0,-100.0,-1.11,10.48,2026-02-07 13:31:07
Blanca & Roja,2022-02-01,True,,Tennessee,0.0,1.11,0.0,100.0,0.0,0.0,inf,1.11,10.48,2026-02-07 13:31:21
The Black Lives Matter Movement,2022-02-01,True,,Tennessee,4.72,19.86,100.0,100.0,0.0,0.0,320.47,15.13,27.51,2026-02-07 13:31:34
Wayward Son (Simon Snow Series),2022-02-01,True,,Tennessee,0.0,0.0,0.0,0.0,0.0,0.0,0.0,0.0,0.0,2026-02-07 13:31:47
Cool for the Summer,2022-02-01,True,,Tennessee,4.0,40.77,100.0,100.0,0.0,0.0,919.17,36.77,31.09,2026-02-07 13:32:00
Flawless (Pretty Little Liars Series),2022-02-01,True,,Tennessee,0.0,1.11,0.0,100.0,0.0,0.0,inf,1.11,10.48,2026-02-07 13:32:13
As Far As You'll Take Me,2022-02-01,True,,Tennessee,0.0,0.0,0.0,0.0,0.0,0.0,0.0,0.0,0.0,2026-02-07 13:32:26
Symptoms of Being Human,2022-02-01,True,,Tennessee,1.98,1.11,100.0,100.0,0.0,0.0,-43.82,-0.87,11.94,2026-02-07 13:32:39
Aristotle and Dante Discover the Secrets of the Universe (Aristotle and Dante Series),2022-02-01,True,,Tennessee,0.0,0.0,0.0,0.0,0.0,0.0,0.0,0.0,0.0,2026-02-07 13:32:53
Your Rights as an LGBTQ+ Teen,2022-02-01,True,,Tennessee,83.91,71.6,100.0,100.0,64.0,59.0,-14.67,-12.31,8.96,2026-02-07 13:33:08
The Witch Owl Parliament (Clockwork Curandera Series),2022-02-01,True,,Tennessee,0.0,0.0,0.0,0.0,0.0,0.0,0.0,0.0,0.0,2026-02-07 13:33:23
Black Wings Beating (Skybound Series),2022-02-01,True,,Tennessee,0.0,0.0,0.0,0.0,0.0,0.0,0.0,0.0,0.0,2026-02-07 13:33:38
Get a Clue (Bookish Boyfriends Series),2022-02-01,True,,Tennessee,0.0,0.0,0.0,0.0,0.0,0.0,0.0,0.0,0.0,2026-02-07 13:34:18
"Blue Flag, Vol. 2 (Blue Flag Series)",2022-02-01,True,,Tennessee,0.0,0.0,0.0,0.0,0.0,0.0,0.0,0.0,0.0,2026-02-07 13:34:32
The Witch's Hand (The Montague Twins),2022-02-01,True,,Tennessee,0.0,1.11,0.0,100.0,0.0,0.0,inf,1.11,10.48,2026-02-07 13:34:45
The Darkness Outside Us,2022-02-01,True,,Tennessee,1.11,0.0,100.0,0.0,0.0,0.0,-100.0,-1.11,10.48,2026-02-07 13:34:58
Heartstopper: Volume One (Heartstopper Series),2022-02-01,True,,Tennessee,0.0,0.0,0.0,0.0,0.0,0.0,0.0,0.0,0.0,2026-02-07 13:35:11
"#Hockey (Check, Please! Series)",2022-02-01,True,,Tennessee,0.0,0.0,0.0,0.0,0.0,0.0,0.0,0.0,0.0,2026-02-07 13:35:24
Trans Mission: My Quest to a Beard,2022-02-01,True,,Texas,1.11,0.0,100.0,0.0,0.0,0.0,-100.0,-1.11,10.48,2026-02-07 13:35:38
All Our Hidden Gifts (All Our Hidden Gifts Series),2022-02-01,True,,Tennessee,0.0,0.0,0.0,0.0,0.0,0.0,0.0,0.0,0.0,2026-02-07 13:35:51
The Love Curse of Melody McIntyre,2022-02-01,True,,Tennessee,0.0,0.0,0.0,0.0,0.0,0.0,0.0,0.0,0.0,2026-02-07 13:36:04
Short Stuff: A Young Adult LGBTQ+ Anthology,2022-02-01,True,,Tennessee,58.77,42.33,100.0,100.0,41.0,31.0,-27.96,-16.43,11.97,2026-02-07 13:36:17
Speak for Yourself,2022-02-01,True,,Tennessee,18.39,23.12,100.0,100.0,0.0,0.0,25.74,4.73,27.3,2026-02-07 13:36:31
And She Was,2022-02-01,True,,Tennessee,45.8,59.96,100.0,100.0,16.0,31.0,30.91,14.16,18.18,2026-02-07 13:36:44
"Blue Flag, Vol. 7 (Blue Flag Series)",2022-02-01,True,,Tennessee,0.0,0.0,0.0,0.0,0.0,0.0,0.0,0.0,0.0,2026-02-07 13:36:57
Body Talk: 37 Voices Explore Our Radical Anatomy,2022-02-01,True,,Tennessee,0.0,1.11,0.0,100.0,0.0,0.0,inf,1.11,10.48,2026-02-07 13:37:10
Darius the Great Is Not Okay (Darius the Great Series),2022-02-01,True,,Tennessee,0.0,0.0,0.0,0.0,0.0,0.0,0.0,0.0,0.0,2026-02-07 13:37:23
Understanding Gender Identity,2022-02-01,True,,Tennessee,0.0,1.11,0.0,100.0,0.0,0.0,inf,1.11,10.48,2026-02-07 13:37:36
Wings of Shadow (Crown of Feathers Series),2022-02-01,True,,Tennessee,0.0,0.0,0.0,0.0,0.0,0.0,0.0,0.0,0.0,2026-02-07 13:37:49
Death Prefers Blondes,2022-02-01,True,,Tennessee,0.0,0.0,0.0,0.0,0.0,0.0,0.0,0.0,0.0,2026-02-07 13:38:03
Master of One,2022-02-01,True,,Tennessee,56.31,52.94,100.0,100.0,0.0,26.0,-5.98,-3.37,19.05,2026-02-07 13:38:16
Yesterday Is History,2022-02-01,True,,Tennessee,2.18,2.66,100.0,100.0,0.0,0.0,21.94,0.48,14.52,2026-02-07 13:38:29
The Fell of Dark,2022-02-01,True,,Tennessee,0.0,1.11,0.0,100.0,0.0,0.0,inf,1.11,10.48,2026-02-07 13:38:42
The Girls I've Been,2022-02-01,True,,Tennessee,1.11,1.11,100.0,100.0,0.0,0.0,0.0,0.0,10.48,2026-02-07 13:38:55
We Are Okay,2022-02-01,True,,Tennessee,8.92,42.77,100.0,100.0,0.0,0.0,379.33,33.84,35.01,2026-02-07 13:39:09
The Lost Book of the White (The Eldest Curses Series),2022-02-01,True,,Tennessee,0.0,1.11,0.0,100.0,0.0,0.0,inf,1.11,10.48,2026-02-07 13:39:22
Of Fire and Stars (Of Fire and Stars Series),2022-02-01,True,,Tennessee,0.0,0.0,0.0,0.0,0.0,0.0,0.0,0.0,0.0,2026-02-07 13:39:35
Gender Identity: Beyond Pronouns and Bathrooms,2022-02-01,True,,Tennessee,1.11,0.0,100.0,0.0,0.0,0.0,-100.0,-1.11,10.48,2026-02-07 13:39:48
Almost Perfect,2022-02-01,True,,North Carolina,9.48,35.17,100.0,100.0,0.0,0.0,271.04,25.69,29.99,2026-02-07 13:40:01
More Happy Than Not,2022-02-01,True,,Tennessee,5.31,21.72,100.0,100.0,0.0,0.0,309.0,16.41,25.95,2026-02-07 13:40:14
"It Doesn't Have to Be Awkward: Dealing with Relationships, Consent, and Other Hard-to-Talk-About Stuff",2022-02-01,False,The request failed: Google returned a response with code 400,Tennessee,,,,,,,,,,
A Quick & Easy Guide to Queer & Trans Identities,2022-02-01,True,,Tennessee,0.0,0.0,0.0,0.0,0.0,0.0,0.0,0.0,0.0,2026-02-07 13:40:35
"The Legend of Korra: Turf Wars, Part Two",2022-02-01,True,,Tennessee,1.11,0.0,100.0,0.0,0.0,0.0,-100.0,-1.11,10.48,2026-02-07 13:40:49
Girls Made of Snow and Glass,2022-02-01,True,,Tennessee,0.0,0.0,0.0,0.0,0.0,0.0,0.0,0.0,0.0,2026-02-07 13:41:02
Gender Queer: A Memoir,2022-02-01,True,,Washington,1.98,0.0,100.0,0.0,0.0,0.0,-100.0,-1.98,13.22,2026-02-07 13:41:15
Fat Angie (Fat Angie Series),2022-02-01,True,,Tennessee,0.0,0.0,0.0,0.0,0.0,0.0,0.0,0.0,0.0,2026-02-07 13:41:28
Wayward Witch (Brooklyn Brujas Series),2022-02-01,True,,Tennessee,0.0,0.0,0.0,0.0,0.0,0.0,0.0,0.0,0.0,2026-02-07 13:41:41
Witchlight,2022-02-01,True,,Tennessee,26.86,41.8,100.0,100.0,0.0,0.0,55.65,14.94,32.09,2026-02-07 13:41:54
Gender Queer: A Memoir,2022-02-01,True,,Idaho,1.98,0.0,100.0,0.0,0.0,0.0,-100.0,-1.98,13.22,2026-02-07 13:42:07
Tricks (Tricks Series),2022-02-01,True,,Georgia,1.92,1.11,100.0,100.0,0.0,0.0,-42.2,-0.81,11.77,2026-02-07 13:42:20
The Sky Is Mine,2022-02-01,True,,Tennessee,1.11,0.0,100.0,0.0,0.0,0.0,-100.0,-1.11,10.48,2026-02-07 13:42:33
Every Heart a Doorway (Seanan McGuire Series),2022-02-01,True,,Tennessee,1.11,0.0,100.0,0.0,0.0,0.0,-100.0,-1.11,10.48,2026-02-07 13:42:47
Not My Problem,2022-02-01,True,,Tennessee,49.57,63.79,100.0,100.0,0.0,29.0,28.69,14.22,15.46,2026-02-07 13:43:00
The Gentleman's Guide to Vice and Virtue (Montague Siblings Series),2022-02-01,True,,Tennessee,0.0,0.0,0.0,0.0,0.0,0.0,0.0,0.0,0.0,2026-02-07 13:43:13
Who I Was with Her,2022-02-01,True,,Tennessee,43.22,51.27,100.0,100.0,0.0,13.0,18.61,8.04,25.23,2026-02-07 13:43:26
The Art of Fielding,2022-02-01,True,,Tennessee,1.11,0.0,100.0,0.0,0.0,0.0,-100.0,-1.11,10.48,2026-02-07 13:43:39
The Midnight Lie (Forgotten Gods Series),2022-02-01,True,,Tennessee,0.0,0.0,0.0,0.0,0.0,0.0,0.0,0.0,0.0,2026-02-07 13:43:52
The Key to You and Me,2022-02-01,True,,Tennessee,1.9,18.49,100.0,100.0,0.0,0.0,873.1,16.59,25.84,2026-02-07 13:44:05
Somebody Told Me,2022-02-01,True,,Tennessee,43.52,67.78,100.0,100.0,0.0,27.0,55.73,24.26,20.96,2026-02-07 13:44:18
Me Myself & Him,2022-02-01,True,,Tennessee,0.0,0.0,0.0,0.0,0.0,0.0,0.0,0.0,0.0,2026-02-07 13:44:31
Six of Crows (Six of Crows Series),2022-02-01,True,,Tennessee,3.0,3.5,100.0,100.0,0.0,0.0,16.67,0.5,15.73,2026-02-07 13:44:44
Out of Darkness,2022-02-01,True,,Texas,26.13,60.49,100.0,100.0,0.0,0.0,131.46,34.36,25.0,2026-02-07 13:44:57
Ghost Wood Song,2022-02-01,True,,Tennessee,1.11,0.0,100.0,0.0,0.0,0.0,-100.0,-1.11,10.48,2026-02-07 13:45:10
Cheer Up: Love and Pompoms,2022-02-01,True,,Tennessee,1.11,1.11,100.0,100.0,0.0,0.0,0.0,0.0,10.48,2026-02-07 13:45:23
Bruja Born (Brooklyn Brujas Series),2022-02-01,True,,Tennessee,1.11,0.0,100.0,0.0,0.0,0.0,-100.0,-1.11,10.48,2026-02-07 13:45:36
And I Darken (The Conqueror's Saga Series),2022-02-01,True,,Tennessee,0.0,1.11,0.0,100.0,0.0,0.0,inf,1.11,10.48,2026-02-07 13:45:50
Fancy White Trash,2022-02-01,True,,Tennessee,0.0,1.11,0.0,100.0,0.0,0.0,inf,1.11,10.48,2026-02-07 13:46:03
The Ballad of Ami Miles,2022-02-01,True,,Tennessee,0.0,0.0,0.0,0.0,0.0,0.0,0.0,0.0,0.0,2026-02-07 13:46:16
And Tango Makes Three,2022-02-01,True,,Florida,0.0,0.0,0.0,0.0,0.0,0.0,0.0,0.0,0.0,2026-02-07 13:46:29
The 57 Bus: A True Story of Two Teenagers and the Crime That Changed Their Lives,2022-02-01,True,,Tennessee,0.0,0.0,0.0,0.0,0.0,0.0,0.0,0.0,0.0,2026-02-07 13:46:42
The Gender Quest Workbook: A Guide for Teens and Young Adults Exploring Gender Identity,2022-02-01,True,,Tennessee,1.11,0.0,100.0,0.0,0.0,0.0,-100.0,-1.11,10.48,2026-02-07 13:46:56
Tonight We Rule the World,2022-02-01,True,,Tennessee,1.11,0.0,100.0,0.0,0.0,0.0,-100.0,-1.11,10.48,2026-02-07 13:47:09
The Storm of Life (The Brilliant Death Series),2022-02-01,True,,Tennessee,0.0,0.0,0.0,0.0,0.0,0.0,0.0,0.0,0.0,2026-02-07 13:47:22
Bonds of Brass,2022-02-01,True,,Tennessee,0.0,0.0,0.0,0.0,0.0,0.0,0.0,0.0,0.0,2026-02-07 13:47:35
If I Was Your Girl,2022-02-01,True,,Tennessee,0.0,4.98,0.0,100.0,0.0,0.0,inf,4.98,20.59,2026-02-07 13:47:48
Girls at the Edge of the World,2022-02-01,True,,Tennessee,0.0,0.0,0.0,0.0,0.0,0.0,0.0,0.0,0.0,2026-02-07 13:48:02
Soul of Cinder (Heart of Thorns Series),2022-02-01,True,,Tennessee,0.0,0.0,0.0,0.0,0.0,0.0,0.0,0.0,0.0,2026-02-07 13:48:14
I Wish You All the Best (I Wish You All the Best Series),2022-02-01,True,,Tennessee,0.0,0.0,0.0,0.0,0.0,0.0,0.0,0.0,0.0,2026-02-07 13:48:28
Victories Greater Than Death (Unstoppable Series),2022-02-01,True,,Tennessee,1.11,0.0,100.0,0.0,0.0,0.0,-100.0,-1.11,10.48,2026-02-07 13:48:41
The Lady's Guide to Petticoats and Piracy (Montague Siblings Series),2022-02-01,True,,Tennessee,0.0,1.11,0.0,100.0,0.0,0.0,inf,1.11,10.48,2026-02-07 13:48:54
"Be Strong, Be Wise: The Young Adult’s Guide to Sexual Assault Awareness and Personal Safety",2022-02-01,True,,Tennessee,0.0,0.0,0.0,0.0,0.0,0.0,0.0,0.0,0.0,2026-02-07 13:49:08
"Sticks & Scones (Check, Please! Series)",2022-02-01,True,,Tennessee,0.0,0.0,0.0,0.0,0.0,0.0,0.0,0.0,0.0,2026-02-07 13:49:22
"Gabi, a Girl in Pieces",2022-02-01,True,,Tennessee,0.0,0.0,0.0,0.0,0.0,0.0,0.0,0.0,0.0,2026-02-07 13:49:35
The Imitation Game: Alan Turing Decoded,2022-02-01,True,,Tennessee,1.11,0.0,100.0,0.0,0.0,0.0,-100.0,-1.11,10.48,2026-02-07 13:49:48
Rapture Practice: A True Story About Growing Up Gay in an Evangelical Family,2022-02-01,True,,Tennessee,0.0,1.11,0.0,100.0,0.0,0.0,inf,1.11,10.48,2026-02-07 13:50:01
We Are Not Broken,2022-02-01,True,,Tennessee,1.11,12.19,100.0,100.0,0.0,0.0,997.0,11.08,21.65,2026-02-07 13:50:15
Synchro Boy,2022-02-01,True,,Tennessee,1.11,0.0,100.0,0.0,0.0,0.0,-100.0,-1.11,10.48,2026-02-07 13:50:28
Burn Our Bodies Down,2022-02-01,True,,Tennessee,0.0,0.0,0.0,0.0,0.0,0.0,0.0,0.0,0.0,2026-02-07 13:50:41
Heart of Flames (Crown of Feathers Series),2022-02-01,True,,Tennessee,0.0,0.0,0.0,0.0,0.0,0.0,0.0,0.0,0.0,2026-02-07 13:50:54
The Kite Runner,2022-02-01,True,,Georgia,41.53,46.8,100.0,100.0,0.0,0.0,12.68,5.27,21.66,2026-02-07 13:51:07
Bruised,2022-02-01,True,,Tennessee,18.84,78.53,100.0,100.0,9.0,66.0,316.75,59.69,32.67,2026-02-07 13:51:20
Stay Gold,2022-02-01,True,,Tennessee,64.01,56.06,100.0,100.0,31.0,34.0,-12.43,-7.96,15.13,2026-02-07 13:51:34
Channel Kindness: Stories of Kindness and Community,2022-02-01,True,,Tennessee,2.06,0.0,100.0,0.0,0.0,0.0,-100.0,-2.06,13.68,2026-02-07 13:51:47
The Bluest Eye,2022-02-01,True,,Florida,19.53,46.57,100.0,100.0,0.0,0.0,138.4,27.03,24.4,2026-02-07 13:52:00
Music from Another World,2022-02-01,True,,Tennessee,1.11,0.0,100.0,0.0,0.0,0.0,-100.0,-1.11,10.48,2026-02-07 13:52:14
Say Her Name,2022-02-01,True,,Tennessee,23.07,48.49,100.0,100.0,0.0,0.0,110.21,25.42,32.07,2026-02-07 13:52:27
The Friend Scheme,2022-02-01,True,,Tennessee,1.94,1.11,100.0,100.0,0.0,0.0,-42.86,-0.83,11.83,2026-02-07 13:52:41
I Think I Love You,2022-02-01,True,,Tennessee,58.37,76.1,100.0,100.0,31.0,45.0,30.38,17.73,14.46,2026-02-07 13:52:54
The Afterward,2022-02-01,True,,Tennessee,1.88,18.56,100.0,100.0,0.0,0.0,888.17,16.68,25.97,2026-02-07 13:53:07
All Boys Aren't Blue,2022-02-01,True,,Maryland,5.84,7.4,100.0,100.0,0.0,0.0,26.62,1.56,19.78,2026-02-07 13:53:21
It's Not Like It's a Secret,2022-02-01,True,,Tennessee,0.0,0.0,0.0,0.0,0.0,0.0,0.0,0.0,0.0,2026-02-07 13:53:34
Bright World (The Hazards of Love Series),2022-02-01,True,,Tennessee,0.0,0.0,0.0,0.0,0.0,0.0,0.0,0.0,0.0,2026-02-07 13:53:47
We Used to Be Friends,2022-02-01,True,,Tennessee,0.0,7.11,0.0,100.0,0.0,0.0,inf,7.11,21.9,2026-02-07 13:54:00
The Electric Heir (Feverwake Series),2022-02-01,True,,Tennessee,0.0,0.0,0.0,0.0,0.0,0.0,0.0,0.0,0.0,2026-02-07 13:54:13
Fifteen Hundred Miles from the Sun,2022-02-01,True,,Tennessee,0.0,0.0,0.0,0.0,0.0,0.0,0.0,0.0,0.0,2026-02-07 13:54:26
These Feathered Flames (These Feathered Flames Series),2022-02-01,True,,Tennessee,0.0,2.09,0.0,100.0,0.0,0.0,inf,2.09,13.88,2026-02-07 13:54:39
The Extraordinaries (The Extraordinaries Series),2022-02-01,True,,Tennessee,0.0,0.0,0.0,0.0,0.0,0.0,0.0,0.0,0.0,2026-02-07 13:54:52
What Drowns the Flowers in Your Mouth: A Memoir of Brotherhood,2022-02-01,True,,Tennessee,0.0,1.11,0.0,100.0,0.0,0.0,inf,1.11,10.48,2026-02-07 13:55:05
Black Girl Unlimited: The Remarkable Story of a Teenage Wizard,2022-02-01,True,,Missouri,1.11,0.0,100.0,0.0,0.0,0.0,-100.0,-1.11,10.48,2026-02-07 13:55:19
This Is Kind of an Epic Love Story,2022-02-01,True,,Tennessee,0.0,0.0,0.0,0.0,0.0,0.0,0.0,0.0,0.0,2026-02-07 13:55:32
Heart of Thorns (Heart of Thorns Series),2022-02-01,True,,Tennessee,0.0,1.11,0.0,100.0,0.0,0.0,inf,1.11,10.48,2026-02-07 13:55:45
Each of Us a Desert,2022-02-01,True,,Tennessee,0.0,0.0,0.0,0.0,0.0,0.0,0.0,0.0,0.0,2026-02-07 13:55:58
Another Kind of Cowboy,2022-02-01,True,,Tennessee,0.0,0.0,0.0,0.0,0.0,0.0,0.0,0.0,0.0,2026-02-07 13:56:11
The Brilliant Death (The Brilliant Death Series),2022-02-01,True,,Tennessee,0.0,0.0,0.0,0.0,0.0,0.0,0.0,0.0,0.0,2026-02-07 13:56:24
Not So Pure and Simple,2022-02-01,True,,Tennessee,0.0,1.11,0.0,100.0,0.0,0.0,inf,1.11,10.48,2026-02-07 13:56:38
Seeing Gender: An Illustrated Guide to Identity and Expression,2022-02-01,True,,Tennessee,0.0,0.0,0.0,0.0,0.0,0.0,0.0,0.0,0.0,2026-02-07 13:56:51
"Will Grayson, Will Grayson (Will Grayson, Will Grayson Series)",2022-02-01,True,,Tennessee,0.0,0.0,0.0,0.0,0.0,0.0,0.0,0.0,0.0,2026-02-07 13:57:04
Looking for Alaska,2022-02-01,True,,Missouri,48.74,53.37,100.0,100.0,23.0,0.0,9.48,4.62,14.71,2026-02-07 13:57:18
Highly Illogical Behavior,2022-02-01,True,,Tennessee,0.0,0.0,0.0,0.0,0.0,0.0,0.0,0.0,0.0,2026-02-07 13:57:31
Love Is for Losers,2022-02-01,True,,Tennessee,0.0,1.11,0.0,100.0,0.0,0.0,inf,1.11,10.48,2026-02-07 13:57:44
Lobizona (Wolves of No World Series),2022-02-01,True,,Tennessee,0.0,0.0,0.0,0.0,0.0,0.0,0.0,0.0,0.0,2026-02-07 13:57:57
The Last Confession of Autumn Casterly,2022-02-01,True,,Tennessee,0.0,0.0,0.0,0.0,0.0,0.0,0.0,0.0,0.0,2026-02-07 13:58:10
Rise to the Sun,2022-02-01,True,,Tennessee,31.91,57.13,100.0,100.0,0.0,0.0,79.04,25.22,28.98,2026-02-07 13:58:23
I Am Water,2022-02-01,True,,Tennessee,62.7,79.09,100.0,100.0,38.0,56.0,26.14,16.39,13.6,2026-02-07 13:58:36
The Field Guide to the North American Teenager,2022-02-01,True,,Texas,0.0,0.0,0.0,0.0,0.0,0.0,0.0,0.0,0.0,2026-02-07 13:58:49
The Dark Tide,2022-02-01,True,,Tennessee,1.11,1.98,100.0,100.0,0.0,0.0,78.0,0.87,11.94,2026-02-07 13:59:03
Edie in Between,2022-02-01,True,,Tennessee,0.0,0.0,0.0,0.0,0.0,0.0,0.0,0.0,0.0,2026-02-07 13:59:16
"She/He/They/Me: For the Sisters, Misters, and Binary Resisters",2022-02-01,True,,Tennessee,0.0,0.0,0.0,0.0,0.0,0.0,0.0,0.0,0.0,2026-02-07 13:59:29
"It Gets Better: Coming Out, Overcoming Bullying, and Creating a Life Worth Living",2022-02-01,True,,Tennessee,0.0,0.0,0.0,0.0,0.0,0.0,0.0,0.0,0.0,2026-02-07 13:59:42
Chicken Girl,2022-02-01,True,,Tennessee,49.46,61.4,100.0,100.0,23.0,45.0,24.15,11.94,14.01,2026-02-07 13:59:55
On the Other Side of Freedom: The Case for Hope,2022-02-01,True,,Tennessee,1.11,0.0,100.0,0.0,0.0,0.0,-100.0,-1.11,10.48,2026-02-07 14:00:09
This Golden Flame,2022-02-01,True,,Tennessee,0.0,1.11,0.0,100.0,0.0,0.0,inf,1.11,10.48,2026-02-07 14:00:22
Squad,2022-02-01,True,,Tennessee,70.97,61.23,100.0,100.0,57.0,49.0,-13.72,-9.73,10.18,2026-02-07 14:00:36
Grasshopper Jungle (Grasshopper Jungle Series),2022-02-01,True,,Tennessee,2.14,0.0,100.0,0.0,0.0,0.0,-100.0,-2.14,14.23,2026-02-07 14:00:49
Another Day (Every Day Series),2022-02-01,True,,North Carolina,1.11,0.0,100.0,0.0,0.0,0.0,-100.0,-1.11,10.48,2026-02-07 14:01:02
Indestructible Object,2022-02-01,False,"HTTPSConnectionPool(host='trends.google.com', port=443): Max retries exceeded with url: /trends/api/explore?hl=en-US&tz=360&req=%7B%22comparisonItem%22%3A+%5B%7B%22keyword%22%3A+%22Indestructible+Object%22%2C+%22time%22%3A+%222021-11-03+2022-01-31%22%2C+%22geo%22%3A+%22US%22%7D%5D%2C+%22category%22%3A+0%2C+%22property%22%3A+%22%22%7D (Caused by ConnectTimeoutError(<HTTPSConnection(host='trends.google.com', port=443) at 0x125c4aad0>, 'Connection to trends.google.com timed out. (connect timeout=2)'))",Tennessee,,,,,,,,,,
Tears of Frost (Heart of Thorns Series),2022-02-01,False,"HTTPSConnectionPool(host='trends.google.com', port=443): Max retries exceeded with url: /trends/api/explore?hl=en-US&tz=360&req=%7B%22comparisonItem%22%3A+%5B%7B%22keyword%22%3A+%22Tears+of+Frost+%28Heart+of+Thorns+Series%29%22%2C+%22time%22%3A+%222021-11-03+2022-01-31%22%2C+%22geo%22%3A+%22US%22%7D%5D%2C+%22category%22%3A+0%2C+%22property%22%3A+%22%22%7D (Caused by NameResolutionError(""HTTPSConnection(host='trends.google.com', port=443): Failed to resolve 'trends.google.com' ([Errno 8] nodename nor servname provided, or not known)""))",Tennessee,,,,,,,,,,
A Curse of Roses,2022-02-01,False,"HTTPSConnectionPool(host='trends.google.com', port=443): Max retries exceeded with url: /trends/api/explore?hl=en-US&tz=360&req=%7B%22comparisonItem%22%3A+%5B%7B%22keyword%22%3A+%22A+Curse+of+Roses%22%2C+%22time%22%3A+%222021-11-03+2022-01-31%22%2C+%22geo%22%3A+%22US%22%7D%5D%2C+%22category%22%3A+0%2C+%22property%22%3A+%22%22%7D (Caused by NameResolutionError(""HTTPSConnection(host='trends.google.com', port=443): Failed to resolve 'trends.google.com' ([Errno 8] nodename nor servname provided, or not known)""))",Tennessee,,,,,,,,,,
Rising Out,2022-02-01,True,,Tennessee,58.89,68.8,100.0,100.0,0.0,40.0,16.83,9.91,14.13,2026-02-07 14:01:42
Flamer,2022-02-01,True,,Tennessee,9.58,19.48,100.0,100.0,0.0,0.0,103.36,9.9,28.16,2026-02-07 14:01:55
The Past and Other Things That Should Stay Buried,2022-02-01,True,,Tennessee,1.11,0.0,100.0,0.0,0.0,0.0,-100.0,-1.11,10.48,2026-02-07 14:02:08
We Are the Ants,2022-02-01,True,,Tennessee,1.11,3.1,100.0,100.0,0.0,0.0,179.0,1.99,14.01,2026-02-07 14:02:22
"This Book Is Anti-Racist: 20 Lessons on How to Wake Up, Take Action, and Do the Work",2022-02-01,True,,Tennessee,0.0,0.0,0.0,0.0,0.0,0.0,0.0,0.0,0.0,2026-02-07 14:02:35
Where We Go From Here,2022-02-01,True,,Tennessee,16.69,27.58,100.0,100.0,0.0,0.0,65.25,10.89,26.96,2026-02-07 14:02:48
"Be Gay, Do Comics: Queer History, Memoir, and Satire from The Nib",2022-02-01,True,,Tennessee,0.0,1.11,0.0,100.0,0.0,0.0,inf,1.11,10.48,2026-02-07 14:03:01
"Good Girl, Bad Blood (A Good Girl's Guide to Murder Series)",2022-01-01,True,,Texas,1.11,1.11,100.0,100.0,0.0,0.0,0.0,0.0,10.48,2026-02-07 14:03:15
"Queer, There and Everywhere: 23 People Who Changed the World",2022-01-01,True,,Texas,2.19,1.11,100.0,100.0,0.0,0.0,-49.24,-1.08,12.68,2026-02-07 14:03:28
Chik Chak Shabbat,2022-01-01,True,,Florida,0.0,0.0,0.0,0.0,0.0,0.0,0.0,0.0,0.0,2026-02-07 14:03:41
Molly of Denali: Berry Itchy Day,2022-01-01,True,,Florida,0.0,0.0,0.0,0.0,0.0,0.0,0.0,0.0,0.0,2026-02-07 14:03:54
Yang the Third and Her Impossible Family (The Yang Family Series),2022-01-01,True,,Florida,0.0,0.0,0.0,0.0,0.0,0.0,0.0,0.0,0.0,2026-02-07 14:04:07
Carter Reads the Newspaper,2022-01-01,True,,Florida,0.0,0.0,0.0,0.0,0.0,0.0,0.0,0.0,0.0,2026-02-07 14:04:20
It Began with a Page: How Gyo Fujikawa Drew the Way,2022-01-01,True,,Florida,1.11,0.0,100.0,0.0,0.0,0.0,-100.0,-1.11,10.48,2026-02-07 14:04:34
Encounter,2022-01-01,True,,Florida,33.78,72.89,100.0,100.0,24.0,54.0,115.79,39.11,21.96,2026-02-07 14:04:47
Perfect Chemistry (Perfect Chemistry Series),2022-01-01,True,,Georgia,0.0,0.0,0.0,0.0,0.0,0.0,0.0,0.0,0.0,2026-02-07 14:05:01
Flamer,2022-01-01,True,,Texas,10.14,16.58,100.0,100.0,0.0,0.0,63.42,6.43,28.19,2026-02-07 14:05:14
Jack,2022-01-01,True,,Texas,66.98,66.28,100.0,100.0,55.0,51.0,-1.05,-0.7,8.49,2026-02-07 14:05:27
Jack of Hearts (and other parts),2022-01-01,True,,Washington,0.0,0.0,0.0,0.0,0.0,0.0,0.0,0.0,0.0,2026-02-07 14:05:40
The Handmaid's Tale,2022-01-01,True,,Georgia,77.94,64.26,100.0,100.0,51.0,48.0,-17.56,-13.69,12.19,2026-02-07 14:05:53
Firestarter (Timekeeper Series),2022-01-01,True,,Texas,0.0,0.0,0.0,0.0,0.0,0.0,0.0,0.0,0.0,2026-02-07 14:06:06
Melissa (George),2022-01-01,True,,Florida,24.31,10.6,100.0,100.0,0.0,0.0,-56.4,-13.71,23.32,2026-02-07 14:06:20
Afterworlds (Afterworlds Series),2022-01-01,True,,Texas,1.83,0.0,100.0,0.0,0.0,0.0,-100.0,-1.83,12.44,2026-02-07 14:06:33
All Boys Aren't Blue,2022-01-01,True,,Washington,3.23,9.62,100.0,100.0,0.0,0.0,197.59,6.39,19.54,2026-02-07 14:06:46
What They Always Tell Us,2022-01-01,True,,Texas,1.11,2.16,100.0,100.0,0.0,0.0,94.0,1.04,12.55,2026-02-07 14:06:59
Melissa (George),2022-01-01,True,,Texas,24.31,10.6,100.0,100.0,0.0,0.0,-56.4,-13.71,23.32,2026-02-07 14:07:12
Stella Brings the Family,2022-01-01,True,,Florida,0.0,1.11,0.0,100.0,0.0,0.0,inf,1.11,10.48,2026-02-07 14:07:25
The Double Life of Pocahontas,2022-01-01,True,,Florida,1.11,0.0,100.0,0.0,0.0,0.0,-100.0,-1.11,10.48,2026-02-07 14:07:38
Sally and The Magical Sneeze,2022-01-01,True,,Florida,0.0,0.0,0.0,0.0,0.0,0.0,0.0,0.0,0.0,2026-02-07 14:07:51
The Flag of Childhood: Poems From the Middle East,2022-01-01,True,,Florida,0.0,0.0,0.0,0.0,0.0,0.0,0.0,0.0,0.0,2026-02-07 14:08:05
On Mother's Lap,2022-01-01,True,,Florida,0.0,0.0,0.0,0.0,0.0,0.0,0.0,0.0,0.0,2026-02-07 14:08:18
Celebrating Different Beliefs,2022-01-01,True,,Florida,0.0,0.0,0.0,0.0,0.0,0.0,0.0,0.0,0.0,2026-02-07 14:08:31
Coolies,2022-01-01,True,,Florida,37.28,49.17,100.0,100.0,0.0,0.0,31.89,11.89,25.33,2026-02-07 14:08:44
Everywhere Babies,2022-01-01,True,,Florida,1.11,1.92,100.0,100.0,0.0,0.0,73.0,0.81,11.77,2026-02-07 14:08:57
"Dad, Jackie, and Me",2022-01-01,True,,Florida,0.0,0.0,0.0,0.0,0.0,0.0,0.0,0.0,0.0,2026-02-07 14:09:11
Maus II: A Survivor's Tale: And Here My Troubles Began,2022-01-01,True,,Texas,1.11,0.0,100.0,0.0,0.0,0.0,-100.0,-1.11,10.48,2026-02-07 14:09:24
The Rough-Face Girl,2022-01-01,True,,Florida,0.0,1.11,0.0,100.0,0.0,0.0,inf,1.11,10.48,2026-02-07 14:09:37
Early Sunday Morning,2022-01-01,True,,Florida,0.0,0.0,0.0,0.0,0.0,0.0,0.0,0.0,0.0,2026-02-07 14:09:51
Running the Road to ABC,2022-01-01,True,,Florida,0.0,0.0,0.0,0.0,0.0,0.0,0.0,0.0,0.0,2026-02-07 14:10:04
The Bluest Eye,2022-01-01,True,,Georgia,33.49,40.23,100.0,100.0,0.0,0.0,20.14,6.74,28.23,2026-02-07 14:10:17
Jack of Hearts (and other parts),2022-01-01,True,,Texas,0.0,0.0,0.0,0.0,0.0,0.0,0.0,0.0,0.0,2026-02-07 14:10:30
Death Wind,2022-01-01,True,,Texas,16.37,29.24,100.0,100.0,0.0,0.0,78.68,12.88,30.4,2026-02-07 14:10:43
A Case of Sense,2022-01-01,True,,Florida,3.46,7.32,100.0,100.0,0.0,0.0,111.9,3.87,19.04,2026-02-07 14:10:56
Target,2022-01-01,True,,Texas,44.1,79.12,100.0,100.0,29.0,62.0,79.42,35.02,20.95,2026-02-07 14:11:10
Lawn Boy,2022-01-01,True,,Texas,33.14,39.44,100.0,100.0,0.0,0.0,19.01,6.3,21.23,2026-02-07 14:11:23
Amina's Voice (Amina's Voice Series),2022-01-01,True,,Florida,0.0,0.0,0.0,0.0,0.0,0.0,0.0,0.0,0.0,2026-02-07 14:11:36
My Name Is Sally Little Song,2022-01-01,True,,Florida,1.11,0.0,100.0,0.0,0.0,0.0,-100.0,-1.11,10.48,2026-02-07 14:11:49
Let's Talk About Love,2022-01-01,True,,Texas,1.11,0.0,100.0,0.0,0.0,0.0,-100.0,-1.11,10.48,2026-02-07 14:12:02
Me and Earl and the Dying Girl,2022-01-01,True,,Texas,5.84,9.37,100.0,100.0,0.0,0.0,60.27,3.52,22.85,2026-02-07 14:12:15
My Mother's Sari,2022-01-01,True,,Florida,1.11,0.0,100.0,0.0,0.0,0.0,-100.0,-1.11,10.48,2026-02-07 14:12:28
Nya's Long Walk: A Step at a Time,2022-01-01,True,,Florida,0.0,0.0,0.0,0.0,0.0,0.0,0.0,0.0,0.0,2026-02-07 14:12:41
Fry Bread: A Native American Family Story,2022-01-01,True,,Florida,1.11,0.0,100.0,0.0,0.0,0.0,-100.0,-1.11,10.48,2026-02-07 14:12:54
The Gift of Ramadan,2022-01-01,True,,Florida,1.11,0.0,100.0,0.0,0.0,0.0,-100.0,-1.11,10.48,2026-02-07 14:13:08
Gracefully Grayson,2022-01-01,True,,Florida,1.11,0.0,100.0,0.0,0.0,0.0,-100.0,-1.11,10.48,2026-02-07 14:13:21
"Etched in Clay: The Life of Dave, Enslaved Potter and Poet",2022-01-01,True,,Texas,0.0,0.0,0.0,0.0,0.0,0.0,0.0,0.0,0.0,2026-02-07 14:13:35
My Mixed-Up Berry Blue Summer,2022-01-01,True,,Texas,0.0,0.0,0.0,0.0,0.0,0.0,0.0,0.0,0.0,2026-02-07 14:13:49
Maus 1: A Survivor's Tale: My Father Bleeds History,2022-01-01,True,,Texas,0.0,1.11,0.0,100.0,0.0,0.0,inf,1.11,10.48,2026-02-07 14:14:02
Esperanza Rising,2022-01-01,True,,Texas,33.99,40.72,100.0,100.0,0.0,0.0,19.81,6.73,24.49,2026-02-07 14:14:15
This One Summer,2022-01-01,True,,Georgia,23.36,37.98,100.0,100.0,0.0,0.0,62.61,14.62,31.4,2026-02-07 14:46:47
The Hero Two Doors Down: Based on the True Story of Friendship between a Boy and a Baseball Legend,2022-01-01,True,,Florida,0.0,0.0,0.0,0.0,0.0,0.0,0.0,0.0,0.0,2026-02-07 14:47:01
Staying Fat for Sarah Byrnes,2022-01-01,True,,Texas,1.11,0.0,100.0,0.0,0.0,0.0,-100.0,-1.11,10.48,2026-02-07 14:47:15
A Dog Named Haku: A Holiday Story from Nepal,2022-01-01,True,,Florida,0.0,0.0,0.0,0.0,0.0,0.0,0.0,0.0,0.0,2026-02-07 14:47:29
Were I Not a Girl: The Inspiring and True Story of Dr. James Barry,2022-01-01,True,,Florida,1.11,0.0,100.0,0.0,0.0,0.0,-100.0,-1.11,10.48,2026-02-07 14:47:43
